[{"model": "contenttypes.contenttype", "pk": 1, "fields": {"app_label": "admin", "model": "logentry"}}, {"model": "contenttypes.contenttype", "pk": 2, "fields": {"app_label": "auth", "model": "permission"}}, {"model": "contenttypes.contenttype", "pk": 3, "fields": {"app_label": "auth", "model": "group"}}, {"model": "contenttypes.contenttype", "pk": 4, "fields": {"app_label": "contenttypes", "model": "contenttype"}}, {"model": "contenttypes.contenttype", "pk": 5, "fields": {"app_label": "sessions", "model": "session"}}, {"model": "contenttypes.contenttype", "pk": 6, "fields": {"app_label": "sites", "model": "site"}}, {"model": "contenttypes.contenttype", "pk": 7, "fields": {"app_label": "authtoken", "model": "token"}}, {"model": "contenttypes.contenttype", "pk": 8, "fields": {"app_label": "account", "model": "emailaddress"}}, {"model": "contenttypes.contenttype", "pk": 9, "fields": {"app_label": "account", "model": "emailconfirmation"}}, {"model": "contenttypes.contenttype", "pk": 10, "fields": {"app_label": "socialaccount", "model": "socialaccount"}}, {"model": "contenttypes.contenttype", "pk": 11, "fields": {"app_label": "socialaccount", "model": "socialapp"}}, {"model": "contenttypes.contenttype", "pk": 12, "fields": {"app_label": "socialaccount", "model": "socialtoken"}}, {"model": "contenttypes.contenttype", "pk": 13, "fields": {"app_label": "accounts", "model": "customuser"}}, {"model": "contenttypes.contenttype", "pk": 14, "fields": {"app_label": "menu", "model": "category"}}, {"model": "contenttypes.contenttype", "pk": 15, "fields": {"app_label": "menu", "model": "creditcard"}}, {"model": "contenttypes.contenttype", "pk": 16, "fields": {"app_label": "menu", "model": "discount"}}, {"model": "contenttypes.contenttype", "pk": 17, "fields": {"app_label": "menu", "model": "extra"}}, {"model": "contenttypes.contenttype", "pk": 18, "fields": {"app_label": "menu", "model": "fooditem"}}, {"model": "contenttypes.contenttype", "pk": 19, "fields": {"app_label": "menu", "model": "menu"}}, {"model": "contenttypes.contenttype", "pk": 20, "fields": {"app_label": "menu", "model": "tag"}}, {"model": "contenttypes.contenttype", "pk": 21, "fields": {"app_label": "menu", "model": "transaction"}}, {"model": "contenttypes.contenttype", "pk": 22, "fields": {"app_label": "menu", "model": "transactionfooditem"}}, {"model": "contenttypes.contenttype", "pk": 23, "fields": {"app_label": "menu", "model": "assistance"}}, {"model": "sites.site", "pk": 1, "fields": {"domain": "example.com", "name": "example.com"}}, {"model": "menu.menu", "pk": 1, "fields": {"name": "Waiting Cafe", "active": true}}, {"model": "menu.category", "pk": 1, "fields": {"name": "Category 1", "active": true, "menu": 1}}, {"model": "menu.category", "pk": 2, "fields": {"name": "Category 1", "active": true, "menu": 1}}, {"model": "menu.category", "pk": 3, "fields": {"name": "Category 1", "active": true, "menu": 1}}, {"model": "menu.category", "pk": 4, "fields": {"name": "Category 1", "active": true, "menu": 1}}, {"model": "menu.category", "pk": 5, "fields": {"name": "Category 1", "active": true, "menu": 1}}, {"model": "menu.category", "pk": 6, "fields": {"name": "Category 1", "active": true, "menu": 1}}, {"model": "menu.category", "pk": 7, "fields": {"name": "Category 1", "active": true, "menu": 1}}, {"model": "menu.category", "pk": 8, "fields": {"name": "Category 1", "active": true, "menu": 1}}, {"model": "menu.category", "pk": 9, "fields": {"name": "Category 1", "active": true, "menu": 1}}, {"model": "menu.category", "pk": 10, "fields": {"name": "Category 1", "active": true, "menu": 1}}, {"model": "menu.extra", "pk": 1, "fields": {"name": "Extra 0", "active": true, "price": "0.00"}}, {"model": "menu.extra", "pk": 2, "fields": {"name": "Extra 1", "active": true, "price": "1.00"}}, {"model": "menu.extra", "pk": 3, "fields": {"name": "Extra 2", "active": true, "price": "2.00"}}, {"model": "menu.extra", "pk": 4, "fields": {"name": "Extra 3", "active": true, "price": "3.00"}}, {"model": "menu.extra", "pk": 5, "fields": {"name": "Extra 4", "active": true, "price": "4.00"}}, {"model": "menu.extra", "pk": 6, "fields": {"name": "Extra 5", "active": true, "price": "5.00"}}, {"model": "menu.extra", "pk": 7, "fields": {"name": "Extra 6", "active": true, "price": "6.00"}}, {"model": "menu.extra", "pk": 8, "fields": {"name": "Extra 7", "active": true, "price": "7.00"}}, {"model": "menu.extra", "pk": 9, "fields": {"name": "Extra 8", "active": true, "price": "8.00"}}, {"model": "menu.extra", "pk": 10, "fields": {"name": "Extra 9", "active": true, "price": "9.00"}}, {"model": "menu.tag", "pk": 1, "fields": {"name": "Tag 0"}}, {"model": "menu.tag", "pk": 2, "fields": {"name": "Tag 1"}}, {"model": "menu.tag", "pk": 3, "fields": {"name": "Tag 2"}}, {"model": "menu.tag", "pk": 4, "fields": {"name": "Tag 3"}}, {"model": "menu.tag", "pk": 5, "fields": {"name": "Tag 4"}}, {"model": "menu.tag", "pk": 6, "fields": {"name": "Tag 5"}}, {"model": "menu.tag", "pk": 7, "fields": {"name": "Tag 6"}}, {"model": "menu.tag", "pk": 8, "fields": {"name": "Tag 7"}}, {"model": "menu.tag", "pk": 9, "fields": {"name": "Tag 8"}}, {"model": "menu.tag", "pk": 10, "fields": {"name": "Tag 9"}}, {"model": "menu.fooditem", "pk": 1, "fields": {"name": "Food item 0", "active": true, "price": "10.00", "description": "Test description 0", "category": 1, "size": null, "extras": [], "tags": []}}, {"model": "menu.fooditem", "pk": 2, "fields": {"name": "Food item 1", "active": true, "price": "10.00", "description": "Test description 1", "category": 1, "size": null, "extras": [], "tags": []}}, {"model": "menu.fooditem", "pk": 3, "fields": {"name": "Food item 2", "active": true, "price": "10.00", "description": "Test description 2", "category": 1, "size": null, "extras": [], "tags": []}}, {"model": "menu.fooditem", "pk": 4, "fields": {"name": "Food item 3", "active": true, "price": "10.00", "description": "Test description 3", "category": 1, "size": null, "extras": [], "tags": []}}, {"model": "menu.fooditem", "pk": 5, "fields": {"name": "Food item 4", "active": true, "price": "10.00", "description": "Test description 4", "category": 1, "size": null, "extras": [], "tags": []}}, {"model": "menu.fooditem", "pk": 6, "fields": {"name": "Food item 5", "active": true, "price": "10.00", "description": "Test description 5", "category": 1, "size": null, "extras": [], "tags": []}}, {"model": "menu.fooditem", "pk": 7, "fields": {"name": "Food item 1", "active": true, "price": "10.00", "description": "Test description 1", "category": 1, "size": "LARGE", "extras": [], "tags": []}}, {"model": "menu.fooditem", "pk": 8, "fields": {"name": "Food item 2", "active": true, "price": "10.00", "description": "Test description 2", "category": 1, "size": "LARGE", "extras": [], "tags": []}}, {"model": "menu.fooditem", "pk": 9, "fields": {"name": "Food item 3", "active": true, "price": "10.00", "description": "Test description 3", "category": 1, "size": "LARGE", "extras": [], "tags": []}}, {"model": "menu.fooditem", "pk": 10, "fields": {"name": "Food item 4", "active": true, "price": "10.00", "description": "Test description 4", "category": 1, "size": "LARGE", "extras": [], "tags": []}}, {"model": "menu.fooditem", "pk": 11, "fields": {"name": "Food item 0", "active": true, "price": "10.00", "description": "Test description 0", "category": 2, "size": null, "extras": [], "tags": []}}, {"model": "menu.fooditem", "pk": 12, "fields": {"name": "Food item 1", "active": true, "price": "10.00", "description": "Test description 1", "category": 2, "size": null, "extras": [], "tags": []}}, {"model": "menu.fooditem", "pk": 13, "fields": {"name": "Food item 2", "active": true, "price": "10.00", "description": "Test description 2", "category": 2, "size": null, "extras": [], "tags": []}}, {"model": "menu.fooditem", "pk": 14, "fields": {"name": "Food item 3", "active": true, "price": "10.00", "description": "Test description 3", "category": 2, "size": null, "extras": [], "tags": []}}, {"model": "menu.fooditem", "pk": 15, "fields": {"name": "Food item 4", "active": true, "price": "10.00", "description": "Test description 4", "category": 2, "size": null, "extras": [], "tags": []}}, {"model": "menu.fooditem", "pk": 16, "fields": {"name": "Food item 5", "active": true, "price": "10.00", "description": "Test description 5", "category": 2, "size": null, "extras": [], "tags": []}}, {"model": "menu.fooditem", "pk": 17, "fields": {"name": "Food item 1", "active": true, "price": "10.00", "description": "Test description 1", "category": 2, "size": "LARGE", "extras": [], "tags": []}}, {"model": "menu.fooditem", "pk": 18, "fields": {"name": "Food item 2", "active": true, "price": "10.00", "description": "Test description 2", "category": 2, "size": "LARGE", "extras": [], "tags": []}}, {"model": "menu.fooditem", "pk": 19, "fields": {"name": "Food item 3", "active": true, "price": "10.00", "description": "Test description 3", "category": 2, "size": "LARGE", "extras": [], "tags": []}}, {"model": "menu.fooditem", "pk": 20, "fields": {"name": "Food item 4", "active": true, "price": "10.00", "description": "Test description 4", "category": 2, "size": "LARGE", "extras": [], "tags": []}}, {"model": "menu.fooditem", "pk": 21, "fields": {"name": "Food item 0", "active": true, "price": "10.00", "description": "Test description 0", "category": 3, "size": null, "extras": [], "tags": []}}, {"model": "menu.fooditem", "pk": 22, "fields": {"name": "Food item 1", "active": true, "price": "10.00", "description": "Test description 1", "category": 3, "size": null, "extras": [], "tags": []}}, {"model": "menu.fooditem", "pk": 23, "fields": {"name": "Food item 2", "active": true, "price": "10.00", "description": "Test description 2", "category": 3, "size": null, "extras": [], "tags": []}}, {"model": "menu.fooditem", "pk": 24, "fields": {"name": "Food item 3", "active": true, "price": "10.00", "description": "Test description 3", "category": 3, "size": null, "extras": [], "tags": []}}, {"model": "menu.fooditem", "pk": 25, "fields": {"name": "Food item 4", "active": true, "price": "10.00", "description": "Test description 4", "category": 3, "size": null, "extras": [], "tags": []}}, {"model": "menu.fooditem", "pk": 26, "fields": {"name": "Food item 5", "active": true, "price": "10.00", "description": "Test description 5", "category": 3, "size": null, "extras": [], "tags": []}}, {"model": "menu.fooditem", "pk": 27, "fields": {"name": "Food item 1", "active": true, "price": "10.00", "description": "Test description 1", "category": 3, "size": "LARGE", "extras": [], "tags": []}}, {"model": "menu.fooditem", "pk": 28, "fields": {"name": "Food item 2", "active": true, "price": "10.00", "description": "Test description 2", "category": 3, "size": "LARGE", "extras": [], "tags": []}}, {"model": "menu.fooditem", "pk": 29, "fields": {"name": "Food item 3", "active": true, "price": "10.00", "description": "Test description 3", "category": 3, "size": "LARGE", "extras": [], "tags": []}}, {"model": "menu.fooditem", "pk": 30, "fields": {"name": "Food item 4", "active": true, "price": "10.00", "description": "Test description 4", "category": 3, "size": "LARGE", "extras": [], "tags": []}}, {"model": "menu.fooditem", "pk": 31, "fields": {"name": "Food item 0", "active": true, "price": "10.00", "description": "Test description 0", "category": 4, "size": null, "extras": [], "tags": []}}, {"model": "menu.fooditem", "pk": 32, "fields": {"name": "Food item 1", "active": true, "price": "10.00", "description": "Test description 1", "category": 4, "size": null, "extras": [], "tags": []}}, {"model": "menu.fooditem", "pk": 33, "fields": {"name": "Food item 2", "active": true, "price": "10.00", "description": "Test description 2", "category": 4, "size": null, "extras": [], "tags": []}}, {"model": "menu.fooditem", "pk": 34, "fields": {"name": "Food item 3", "active": true, "price": "10.00", "description": "Test description 3", "category": 4, "size": null, "extras": [], "tags": []}}, {"model": "menu.fooditem", "pk": 35, "fields": {"name": "Food item 4", "active": true, "price": "10.00", "description": "Test description 4", "category": 4, "size": null, "extras": [], "tags": []}}, {"model": "menu.fooditem", "pk": 36, "fields": {"name": "Food item 5", "active": true, "price": "10.00", "description": "Test description 5", "category": 4, "size": null, "extras": [], "tags": []}}, {"model": "menu.fooditem", "pk": 37, "fields": {"name": "Food item 1", "active": true, "price": "10.00", "description": "Test description 1", "category": 4, "size": "LARGE", "extras": [], "tags": []}}, {"model": "menu.fooditem", "pk": 38, "fields": {"name": "Food item 2", "active": true, "price": "10.00", "description": "Test description 2", "category": 4, "size": "LARGE", "extras": [], "tags": []}}, {"model": "menu.fooditem", "pk": 39, "fields": {"name": "Food item 3", "active": true, "price": "10.00", "description": "Test description 3", "category": 4, "size": "LARGE", "extras": [], "tags": []}}, {"model": "menu.fooditem", "pk": 40, "fields": {"name": "Food item 4", "active": true, "price": "10.00", "description": "Test description 4", "category": 4, "size": "LARGE", "extras": [], "tags": []}}, {"model": "menu.fooditem", "pk": 41, "fields": {"name": "Food item 0", "active": true, "price": "10.00", "description": "Test description 0", "category": 5, "size": null, "extras": [], "tags": []}}, {"model": "menu.fooditem", "pk": 42, "fields": {"name": "Food item 1", "active": true, "price": "10.00", "description": "Test description 1", "category": 5, "size": null, "extras": [], "tags": []}}, {"model": "menu.fooditem", "pk": 43, "fields": {"name": "Food item 2", "active": true, "price": "10.00", "description": "Test description 2", "category": 5, "size": null, "extras": [], "tags": []}}, {"model": "menu.fooditem", "pk": 44, "fields": {"name": "Food item 3", "active": true, "price": "10.00", "description": "Test description 3", "category": 5, "size": null, "extras": [], "tags": []}}, {"model": "menu.fooditem", "pk": 45, "fields": {"name": "Food item 4", "active": true, "price": "10.00", "description": "Test description 4", "category": 5, "size": null, "extras": [], "tags": []}}, {"model": "menu.fooditem", "pk": 46, "fields": {"name": "Food item 5", "active": true, "price": "10.00", "description": "Test description 5", "category": 5, "size": null, "extras": [], "tags": []}}, {"model": "menu.fooditem", "pk": 47, "fields": {"name": "Food item 1", "active": true, "price": "10.00", "description": "Test description 1", "category": 5, "size": "LARGE", "extras": [], "tags": []}}, {"model": "menu.fooditem", "pk": 48, "fields": {"name": "Food item 2", "active": true, "price": "10.00", "description": "Test description 2", "category": 5, "size": "LARGE", "extras": [], "tags": []}}, {"model": "menu.fooditem", "pk": 49, "fields": {"name": "Food item 3", "active": true, "price": "10.00", "description": "Test description 3", "category": 5, "size": "LARGE", "extras": [], "tags": []}}, {"model": "menu.fooditem", "pk": 50, "fields": {"name": "Food item 4", "active": true, "price": "10.00", "description": "Test description 4", "category": 5, "size": "LARGE", "extras": [], "tags": []}}, {"model": "menu.fooditem", "pk": 51, "fields": {"name": "Food item 0", "active": true, "price": "10.00", "description": "Test description 0", "category": 6, "size": null, "extras": [], "tags": []}}, {"model": "menu.fooditem", "pk": 52, "fields": {"name": "Food item 1", "active": true, "price": "10.00", "description": "Test description 1", "category": 6, "size": null, "extras": [], "tags": []}}, {"model": "menu.fooditem", "pk": 53, "fields": {"name": "Food item 2", "active": true, "price": "10.00", "description": "Test description 2", "category": 6, "size": null, "extras": [], "tags": []}}, {"model": "menu.fooditem", "pk": 54, "fields": {"name": "Food item 3", "active": true, "price": "10.00", "description": "Test description 3", "category": 6, "size": null, "extras": [], "tags": []}}, {"model": "menu.fooditem", "pk": 55, "fields": {"name": "Food item 4", "active": true, "price": "10.00", "description": "Test description 4", "category": 6, "size": null, "extras": [], "tags": []}}, {"model": "menu.fooditem", "pk": 56, "fields": {"name": "Food item 5", "active": true, "price": "10.00", "description": "Test description 5", "category": 6, "size": null, "extras": [], "tags": []}}, {"model": "menu.fooditem", "pk": 57, "fields": {"name": "Food item 1", "active": true, "price": "10.00", "description": "Test description 1", "category": 6, "size": "LARGE", "extras": [], "tags": []}}, {"model": "menu.fooditem", "pk": 58, "fields": {"name": "Food item 2", "active": true, "price": "10.00", "description": "Test description 2", "category": 6, "size": "LARGE", "extras": [], "tags": []}}, {"model": "menu.fooditem", "pk": 59, "fields": {"name": "Food item 3", "active": true, "price": "10.00", "description": "Test description 3", "category": 6, "size": "LARGE", "extras": [], "tags": []}}, {"model": "menu.fooditem", "pk": 60, "fields": {"name": "Food item 4", "active": true, "price": "10.00", "description": "Test description 4", "category": 6, "size": "LARGE", "extras": [], "tags": []}}, {"model": "menu.fooditem", "pk": 61, "fields": {"name": "Food item 0", "active": true, "price": "10.00", "description": "Test description 0", "category": 7, "size": null, "extras": [], "tags": []}}, {"model": "menu.fooditem", "pk": 62, "fields": {"name": "Food item 1", "active": true, "price": "10.00", "description": "Test description 1", "category": 7, "size": null, "extras": [], "tags": []}}, {"model": "menu.fooditem", "pk": 63, "fields": {"name": "Food item 2", "active": true, "price": "10.00", "description": "Test description 2", "category": 7, "size": null, "extras": [], "tags": []}}, {"model": "menu.fooditem", "pk": 64, "fields": {"name": "Food item 3", "active": true, "price": "10.00", "description": "Test description 3", "category": 7, "size": null, "extras": [], "tags": []}}, {"model": "menu.fooditem", "pk": 65, "fields": {"name": "Food item 4", "active": true, "price": "10.00", "description": "Test description 4", "category": 7, "size": null, "extras": [], "tags": []}}, {"model": "menu.fooditem", "pk": 66, "fields": {"name": "Food item 5", "active": true, "price": "10.00", "description": "Test description 5", "category": 7, "size": null, "extras": [], "tags": []}}, {"model": "menu.fooditem", "pk": 67, "fields": {"name": "Food item 1", "active": true, "price": "10.00", "description": "Test description 1", "category": 7, "size": "LARGE", "extras": [], "tags": []}}, {"model": "menu.fooditem", "pk": 68, "fields": {"name": "Food item 2", "active": true, "price": "10.00", "description": "Test description 2", "category": 7, "size": "LARGE", "extras": [], "tags": []}}, {"model": "menu.fooditem", "pk": 69, "fields": {"name": "Food item 3", "active": true, "price": "10.00", "description": "Test description 3", "category": 7, "size": "LARGE", "extras": [], "tags": []}}, {"model": "menu.fooditem", "pk": 70, "fields": {"name": "Food item 4", "active": true, "price": "10.00", "description": "Test description 4", "category": 7, "size": "LARGE", "extras": [], "tags": []}}, {"model": "menu.fooditem", "pk": 71, "fields": {"name": "Food item 0", "active": true, "price": "10.00", "description": "Test description 0", "category": 8, "size": null, "extras": [], "tags": []}}, {"model": "menu.fooditem", "pk": 72, "fields": {"name": "Food item 1", "active": true, "price": "10.00", "description": "Test description 1", "category": 8, "size": null, "extras": [], "tags": []}}, {"model": "menu.fooditem", "pk": 73, "fields": {"name": "Food item 2", "active": true, "price": "10.00", "description": "Test description 2", "category": 8, "size": null, "extras": [], "tags": []}}, {"model": "menu.fooditem", "pk": 74, "fields": {"name": "Food item 3", "active": true, "price": "10.00", "description": "Test description 3", "category": 8, "size": null, "extras": [], "tags": []}}, {"model": "menu.fooditem", "pk": 75, "fields": {"name": "Food item 4", "active": true, "price": "10.00", "description": "Test description 4", "category": 8, "size": null, "extras": [], "tags": []}}, {"model": "menu.fooditem", "pk": 76, "fields": {"name": "Food item 5", "active": true, "price": "10.00", "description": "Test description 5", "category": 8, "size": null, "extras": [], "tags": []}}, {"model": "menu.fooditem", "pk": 77, "fields": {"name": "Food item 1", "active": true, "price": "10.00", "description": "Test description 1", "category": 8, "size": "LARGE", "extras": [], "tags": []}}, {"model": "menu.fooditem", "pk": 78, "fields": {"name": "Food item 2", "active": true, "price": "10.00", "description": "Test description 2", "category": 8, "size": "LARGE", "extras": [], "tags": []}}, {"model": "menu.fooditem", "pk": 79, "fields": {"name": "Food item 3", "active": true, "price": "10.00", "description": "Test description 3", "category": 8, "size": "LARGE", "extras": [], "tags": []}}, {"model": "menu.fooditem", "pk": 80, "fields": {"name": "Food item 4", "active": true, "price": "10.00", "description": "Test description 4", "category": 8, "size": "LARGE", "extras": [], "tags": []}}, {"model": "menu.fooditem", "pk": 81, "fields": {"name": "Food item 0", "active": true, "price": "10.00", "description": "Test description 0", "category": 9, "size": null, "extras": [], "tags": []}}, {"model": "menu.fooditem", "pk": 82, "fields": {"name": "Food item 1", "active": true, "price": "10.00", "description": "Test description 1", "category": 9, "size": null, "extras": [], "tags": []}}, {"model": "menu.fooditem", "pk": 83, "fields": {"name": "Food item 2", "active": true, "price": "10.00", "description": "Test description 2", "category": 9, "size": null, "extras": [], "tags": []}}, {"model": "menu.fooditem", "pk": 84, "fields": {"name": "Food item 3", "active": true, "price": "10.00", "description": "Test description 3", "category": 9, "size": null, "extras": [], "tags": []}}, {"model": "menu.fooditem", "pk": 85, "fields": {"name": "Food item 4", "active": true, "price": "10.00", "description": "Test description 4", "category": 9, "size": null, "extras": [], "tags": []}}, {"model": "menu.fooditem", "pk": 86, "fields": {"name": "Food item 5", "active": true, "price": "10.00", "description": "Test description 5", "category": 9, "size": null, "extras": [], "tags": []}}, {"model": "menu.fooditem", "pk": 87, "fields": {"name": "Food item 1", "active": true, "price": "10.00", "description": "Test description 1", "category": 9, "size": "LARGE", "extras": [], "tags": []}}, {"model": "menu.fooditem", "pk": 88, "fields": {"name": "Food item 2", "active": true, "price": "10.00", "description": "Test description 2", "category": 9, "size": "LARGE", "extras": [], "tags": []}}, {"model": "menu.fooditem", "pk": 89, "fields": {"name": "Food item 3", "active": true, "price": "10.00", "description": "Test description 3", "category": 9, "size": "LARGE", "extras": [], "tags": []}}, {"model": "menu.fooditem", "pk": 90, "fields": {"name": "Food item 4", "active": true, "price": "10.00", "description": "Test description 4", "category": 9, "size": "LARGE", "extras": [], "tags": []}}, {"model": "menu.fooditem", "pk": 91, "fields": {"name": "Food item 0", "active": true, "price": "10.00", "description": "Test description 0", "category": 10, "size": null, "extras": [], "tags": []}}, {"model": "menu.fooditem", "pk": 92, "fields": {"name": "Food item 1", "active": true, "price": "10.00", "description": "Test description 1", "category": 10, "size": null, "extras": [], "tags": []}}, {"model": "menu.fooditem", "pk": 93, "fields": {"name": "Food item 2", "active": true, "price": "10.00", "description": "Test description 2", "category": 10, "size": null, "extras": [], "tags": []}}, {"model": "menu.fooditem", "pk": 94, "fields": {"name": "Food item 3", "active": true, "price": "10.00", "description": "Test description 3", "category": 10, "size": null, "extras": [], "tags": []}}, {"model": "menu.fooditem", "pk": 95, "fields": {"name": "Food item 4", "active": true, "price": "10.00", "description": "Test description 4", "category": 10, "size": null, "extras": [], "tags": []}}, {"model": "menu.fooditem", "pk": 96, "fields": {"name": "Food item 5", "active": true, "price": "10.00", "description": "Test description 5", "category": 10, "size": null, "extras": [], "tags": []}}, {"model": "menu.fooditem", "pk": 97, "fields": {"name": "Food item 1", "active": true, "price": "10.00", "description": "Test description 1", "category": 10, "size": "LARGE", "extras": [], "tags": []}}, {"model": "menu.fooditem", "pk": 98, "fields": {"name": "Food item 2", "active": true, "price": "10.00", "description": "Test description 2", "category": 10, "size": "LARGE", "extras": [], "tags": []}}, {"model": "menu.fooditem", "pk": 99, "fields": {"name": "Food item 3", "active": true, "price": "10.00", "description": "Test description 3", "category": 10, "size": "LARGE", "extras": [], "tags": []}}, {"model": "menu.fooditem", "pk": 100, "fields": {"name": "Food item 4", "active": true, "price": "10.00", "description": "Test description 4", "category": 10, "size": "LARGE", "extras": [], "tags": []}}, {"model": "menu.discount", "pk": 1, "fields": {"name": "0%", "amount": 0, "discount": "PERCENTAGE"}}, {"model": "menu.discount", "pk": 2, "fields": {"name": "10%", "amount": 10, "discount": "PERCENTAGE"}}, {"model": "menu.discount", "pk": 3, "fields": {"name": "20%", "amount": 20, "discount": "PERCENTAGE"}}, {"model": "menu.discount", "pk": 4, "fields": {"name": "30%", "amount": 30, "discount": "PERCENTAGE"}}, {"model": "menu.discount", "pk": 5, "fields": {"name": "40%", "amount": 40, "discount": "PERCENTAGE"}}, {"model": "menu.creditcard", "pk": 1, "fields": {"number": 1234123412341230, "expiry_month": 0, "expiry_year": 0, "cvs": 120}}, {"model": "menu.creditcard", "pk": 2, "fields": {"number": 1234123412341231, "expiry_month": 1, "expiry_year": 1, "cvs": 121}}, {"model": "menu.creditcard", "pk": 3, "fields": {"number": 1234123412341232, "expiry_month": 2, "expiry_year": 2, "cvs": 122}}, {"model": "menu.creditcard", "pk": 4, "fields": {"number": 1234123412341233, "expiry_month": 3, "expiry_year": 3, "cvs": 123}}, {"model": "menu.creditcard", "pk": 5, "fields": {"number": 1234123412341234, "expiry_month": 4, "expiry_year": 4, "cvs": 124}}, {"model": "menu.transactionfooditem", "pk": 1, "fields": {"food_item": 1, "transaction": 1, "discount": 1, "extras": []}}, {"model": "menu.transactionfooditem", "pk": 2, "fields": {"food_item": 2, "transaction": 1, "discount": 1, "extras": []}}, {"model": "menu.transactionfooditem", "pk": 3, "fields": {"food_item": 3, "transaction": 1, "discount": 1, "extras": []}}, {"model": "menu.transactionfooditem", "pk": 4, "fields": {"food_item": 4, "transaction": 1, "discount": 1, "extras": []}}, {"model": "menu.transactionfooditem", "pk": 5, "fields": {"food_item": 5, "transaction": 1, "discount": 1, "extras": []}}, {"model": "menu.transactionfooditem", "pk": 6, "fields": {"food_item": 6, "transaction": 2, "discount": 2, "extras": []}}, {"model": "menu.transactionfooditem", "pk": 7, "fields": {"food_item": 7, "transaction": 2, "discount": 2, "extras": []}}, {"model": "menu.transactionfooditem", "pk": 8, "fields": {"food_item": 8, "transaction": 2, "discount": 2, "extras": []}}, {"model": "menu.transactionfooditem", "pk": 9, "fields": {"food_item": 9, "transaction": 2, "discount": 2, "extras": []}}, {"model": "menu.transactionfooditem", "pk": 10, "fields": {"food_item": 10, "transaction": 2, "discount": 2, "extras": []}}, {"model": "menu.transactionfooditem", "pk": 11, "fields": {"food_item": 11, "transaction": 3, "discount": 3, "extras": []}}, {"model": "menu.transactionfooditem", "pk": 12, "fields": {"food_item": 12, "transaction": 3, "discount": 3, "extras": []}}, {"model": "menu.transactionfooditem", "pk": 13, "fields": {"food_item": 13, "transaction": 3, "discount": 3, "extras": []}}, {"model": "menu.transactionfooditem", "pk": 14, "fields": {"food_item": 14, "transaction": 3, "discount": 3, "extras": []}}, {"model": "menu.transactionfooditem", "pk": 15, "fields": {"food_item": 15, "transaction": 3, "discount": 3, "extras": []}}, {"model": "menu.transactionfooditem", "pk": 16, "fields": {"food_item": 16, "transaction": 4, "discount": 4, "extras": []}}, {"model": "menu.transactionfooditem", "pk": 17, "fields": {"food_item": 17, "transaction": 4, "discount": 4, "extras": []}}, {"model": "menu.transactionfooditem", "pk": 18, "fields": {"food_item": 18, "transaction": 4, "discount": 4, "extras": []}}, {"model": "menu.transactionfooditem", "pk": 19, "fields": {"food_item": 19, "transaction": 4, "discount": 4, "extras": []}}, {"model": "menu.transactionfooditem", "pk": 20, "fields": {"food_item": 20, "transaction": 4, "discount": 4, "extras": []}}, {"model": "menu.transactionfooditem", "pk": 21, "fields": {"food_item": 21, "transaction": 5, "discount": 5, "extras": []}}, {"model": "menu.transactionfooditem", "pk": 22, "fields": {"food_item": 22, "transaction": 5, "discount": 5, "extras": []}}, {"model": "menu.transactionfooditem", "pk": 23, "fields": {"food_item": 23, "transaction": 5, "discount": 5, "extras": []}}, {"model": "menu.transactionfooditem", "pk": 24, "fields": {"food_item": 24, "transaction": 5, "discount": 5, "extras": []}}, {"model": "menu.transactionfooditem", "pk": 25, "fields": {"food_item": 25, "transaction": 5, "discount": 5, "extras": []}}, {"model": "auth.permission", "pk": 1, "fields": {"name": "Can add log entry", "content_type": 1, "codename": "add_logentry"}}, {"model": "auth.permission", "pk": 2, "fields": {"name": "Can change log entry", "content_type": 1, "codename": "change_logentry"}}, {"model": "auth.permission", "pk": 3, "fields": {"name": "Can delete log entry", "content_type": 1, "codename": "delete_logentry"}}, {"model": "auth.permission", "pk": 4, "fields": {"name": "Can view log entry", "content_type": 1, "codename": "view_logentry"}}, {"model": "auth.permission", "pk": 5, "fields": {"name": "Can add permission", "content_type": 2, "codename": "add_permission"}}, {"model": "auth.permission", "pk": 6, "fields": {"name": "Can change permission", "content_type": 2, "codename": "change_permission"}}, {"model": "auth.permission", "pk": 7, "fields": {"name": "Can delete permission", "content_type": 2, "codename": "delete_permission"}}, {"model": "auth.permission", "pk": 8, "fields": {"name": "Can view permission", "content_type": 2, "codename": "view_permission"}}, {"model": "auth.permission", "pk": 9, "fields": {"name": "Can add group", "content_type": 3, "codename": "add_group"}}, {"model": "auth.permission", "pk": 10, "fields": {"name": "Can change group", "content_type": 3, "codename": "change_group"}}, {"model": "auth.permission", "pk": 11, "fields": {"name": "Can delete group", "content_type": 3, "codename": "delete_group"}}, {"model": "auth.permission", "pk": 12, "fields": {"name": "Can view group", "content_type": 3, "codename": "view_group"}}, {"model": "auth.permission", "pk": 13, "fields": {"name": "Can add content type", "content_type": 4, "codename": "add_contenttype"}}, {"model": "auth.permission", "pk": 14, "fields": {"name": "Can change content type", "content_type": 4, "codename": "change_contenttype"}}, {"model": "auth.permission", "pk": 15, "fields": {"name": "Can delete content type", "content_type": 4, "codename": "delete_contenttype"}}, {"model": "auth.permission", "pk": 16, "fields": {"name": "Can view content type", "content_type": 4, "codename": "view_contenttype"}}, {"model": "auth.permission", "pk": 17, "fields": {"name": "Can add session", "content_type": 5, "codename": "add_session"}}, {"model": "auth.permission", "pk": 18, "fields": {"name": "Can change session", "content_type": 5, "codename": "change_session"}}, {"model": "auth.permission", "pk": 19, "fields": {"name": "Can delete session", "content_type": 5, "codename": "delete_session"}}, {"model": "auth.permission", "pk": 20, "fields": {"name": "Can view session", "content_type": 5, "codename": "view_session"}}, {"model": "auth.permission", "pk": 21, "fields": {"name": "Can add site", "content_type": 6, "codename": "add_site"}}, {"model": "auth.permission", "pk": 22, "fields": {"name": "Can change site", "content_type": 6, "codename": "change_site"}}, {"model": "auth.permission", "pk": 23, "fields": {"name": "Can delete site", "content_type": 6, "codename": "delete_site"}}, {"model": "auth.permission", "pk": 24, "fields": {"name": "Can view site", "content_type": 6, "codename": "view_site"}}, {"model": "auth.permission", "pk": 25, "fields": {"name": "Can add Token", "content_type": 7, "codename": "add_token"}}, {"model": "auth.permission", "pk": 26, "fields": {"name": "Can change Token", "content_type": 7, "codename": "change_token"}}, {"model": "auth.permission", "pk": 27, "fields": {"name": "Can delete Token", "content_type": 7, "codename": "delete_token"}}, {"model": "auth.permission", "pk": 28, "fields": {"name": "Can view Token", "content_type": 7, "codename": "view_token"}}, {"model": "auth.permission", "pk": 29, "fields": {"name": "Can add email address", "content_type": 8, "codename": "add_emailaddress"}}, {"model": "auth.permission", "pk": 30, "fields": {"name": "Can change email address", "content_type": 8, "codename": "change_emailaddress"}}, {"model": "auth.permission", "pk": 31, "fields": {"name": "Can delete email address", "content_type": 8, "codename": "delete_emailaddress"}}, {"model": "auth.permission", "pk": 32, "fields": {"name": "Can view email address", "content_type": 8, "codename": "view_emailaddress"}}, {"model": "auth.permission", "pk": 33, "fields": {"name": "Can add email confirmation", "content_type": 9, "codename": "add_emailconfirmation"}}, {"model": "auth.permission", "pk": 34, "fields": {"name": "Can change email confirmation", "content_type": 9, "codename": "change_emailconfirmation"}}, {"model": "auth.permission", "pk": 35, "fields": {"name": "Can delete email confirmation", "content_type": 9, "codename": "delete_emailconfirmation"}}, {"model": "auth.permission", "pk": 36, "fields": {"name": "Can view email confirmation", "content_type": 9, "codename": "view_emailconfirmation"}}, {"model": "auth.permission", "pk": 37, "fields": {"name": "Can add social account", "content_type": 10, "codename": "add_socialaccount"}}, {"model": "auth.permission", "pk": 38, "fields": {"name": "Can change social account", "content_type": 10, "codename": "change_socialaccount"}}, {"model": "auth.permission", "pk": 39, "fields": {"name": "Can delete social account", "content_type": 10, "codename": "delete_socialaccount"}}, {"model": "auth.permission", "pk": 40, "fields": {"name": "Can view social account", "content_type": 10, "codename": "view_socialaccount"}}, {"model": "auth.permission", "pk": 41, "fields": {"name": "Can add social application", "content_type": 11, "codename": "add_socialapp"}}, {"model": "auth.permission", "pk": 42, "fields": {"name": "Can change social application", "content_type": 11, "codename": "change_socialapp"}}, {"model": "auth.permission", "pk": 43, "fields": {"name": "Can delete social application", "content_type": 11, "codename": "delete_socialapp"}}, {"model": "auth.permission", "pk": 44, "fields": {"name": "Can view social application", "content_type": 11, "codename": "view_socialapp"}}, {"model": "auth.permission", "pk": 45, "fields": {"name": "Can add social application token", "content_type": 12, "codename": "add_socialtoken"}}, {"model": "auth.permission", "pk": 46, "fields": {"name": "Can change social application token", "content_type": 12, "codename": "change_socialtoken"}}, {"model": "auth.permission", "pk": 47, "fields": {"name": "Can delete social application token", "content_type": 12, "codename": "delete_socialtoken"}}, {"model": "auth.permission", "pk": 48, "fields": {"name": "Can view social application token", "content_type": 12, "codename": "view_socialtoken"}}, {"model": "auth.permission", "pk": 49, "fields": {"name": "Can add user", "content_type": 13, "codename": "add_customuser"}}, {"model": "auth.permission", "pk": 50, "fields": {"name": "Can change user", "content_type": 13, "codename": "change_customuser"}}, {"model": "auth.permission", "pk": 51, "fields": {"name": "Can delete user", "content_type": 13, "codename": "delete_customuser"}}, {"model": "auth.permission", "pk": 52, "fields": {"name": "Can view user", "content_type": 13, "codename": "view_customuser"}}, {"model": "auth.permission", "pk": 53, "fields": {"name": "Can add category", "content_type": 14, "codename": "add_category"}}, {"model": "auth.permission", "pk": 54, "fields": {"name": "Can change category", "content_type": 14, "codename": "change_category"}}, {"model": "auth.permission", "pk": 55, "fields": {"name": "Can delete category", "content_type": 14, "codename": "delete_category"}}, {"model": "auth.permission", "pk": 56, "fields": {"name": "Can view category", "content_type": 14, "codename": "view_category"}}, {"model": "auth.permission", "pk": 57, "fields": {"name": "Can add credit card", "content_type": 15, "codename": "add_creditcard"}}, {"model": "auth.permission", "pk": 58, "fields": {"name": "Can change credit card", "content_type": 15, "codename": "change_creditcard"}}, {"model": "auth.permission", "pk": 59, "fields": {"name": "Can delete credit card", "content_type": 15, "codename": "delete_creditcard"}}, {"model": "auth.permission", "pk": 60, "fields": {"name": "Can view credit card", "content_type": 15, "codename": "view_creditcard"}}, {"model": "auth.permission", "pk": 61, "fields": {"name": "Can add discount", "content_type": 16, "codename": "add_discount"}}, {"model": "auth.permission", "pk": 62, "fields": {"name": "Can change discount", "content_type": 16, "codename": "change_discount"}}, {"model": "auth.permission", "pk": 63, "fields": {"name": "Can delete discount", "content_type": 16, "codename": "delete_discount"}}, {"model": "auth.permission", "pk": 64, "fields": {"name": "Can view discount", "content_type": 16, "codename": "view_discount"}}, {"model": "auth.permission", "pk": 65, "fields": {"name": "Can add extra", "content_type": 17, "codename": "add_extra"}}, {"model": "auth.permission", "pk": 66, "fields": {"name": "Can change extra", "content_type": 17, "codename": "change_extra"}}, {"model": "auth.permission", "pk": 67, "fields": {"name": "Can delete extra", "content_type": 17, "codename": "delete_extra"}}, {"model": "auth.permission", "pk": 68, "fields": {"name": "Can view extra", "content_type": 17, "codename": "view_extra"}}, {"model": "auth.permission", "pk": 69, "fields": {"name": "Can add food item", "content_type": 18, "codename": "add_fooditem"}}, {"model": "auth.permission", "pk": 70, "fields": {"name": "Can change food item", "content_type": 18, "codename": "change_fooditem"}}, {"model": "auth.permission", "pk": 71, "fields": {"name": "Can delete food item", "content_type": 18, "codename": "delete_fooditem"}}, {"model": "auth.permission", "pk": 72, "fields": {"name": "Can view food item", "content_type": 18, "codename": "view_fooditem"}}, {"model": "auth.permission", "pk": 73, "fields": {"name": "Can add menu", "content_type": 19, "codename": "add_menu"}}, {"model": "auth.permission", "pk": 74, "fields": {"name": "Can change menu", "content_type": 19, "codename": "change_menu"}}, {"model": "auth.permission", "pk": 75, "fields": {"name": "Can delete menu", "content_type": 19, "codename": "delete_menu"}}, {"model": "auth.permission", "pk": 76, "fields": {"name": "Can view menu", "content_type": 19, "codename": "view_menu"}}, {"model": "auth.permission", "pk": 77, "fields": {"name": "Can add tag", "content_type": 20, "codename": "add_tag"}}, {"model": "auth.permission", "pk": 78, "fields": {"name": "Can change tag", "content_type": 20, "codename": "change_tag"}}, {"model": "auth.permission", "pk": 79, "fields": {"name": "Can delete tag", "content_type": 20, "codename": "delete_tag"}}, {"model": "auth.permission", "pk": 80, "fields": {"name": "Can view tag", "content_type": 20, "codename": "view_tag"}}, {"model": "auth.permission", "pk": 81, "fields": {"name": "Can add transaction", "content_type": 21, "codename": "add_transaction"}}, {"model": "auth.permission", "pk": 82, "fields": {"name": "Can change transaction", "content_type": 21, "codename": "change_transaction"}}, {"model": "auth.permission", "pk": 83, "fields": {"name": "Can delete transaction", "content_type": 21, "codename": "delete_transaction"}}, {"model": "auth.permission", "pk": 84, "fields": {"name": "Can view transaction", "content_type": 21, "codename": "view_transaction"}}, {"model": "auth.permission", "pk": 85, "fields": {"name": "Can add transaction food item", "content_type": 22, "codename": "add_transactionfooditem"}}, {"model": "auth.permission", "pk": 86, "fields": {"name": "Can change transaction food item", "content_type": 22, "codename": "change_transactionfooditem"}}, {"model": "auth.permission", "pk": 87, "fields": {"name": "Can delete transaction food item", "content_type": 22, "codename": "delete_transactionfooditem"}}, {"model": "auth.permission", "pk": 88, "fields": {"name": "Can view transaction food item", "content_type": 22, "codename": "view_transactionfooditem"}}, {"model": "auth.permission", "pk": 89, "fields": {"name": "Can add assistance", "content_type": 23, "codename": "add_assistance"}}, {"model": "auth.permission", "pk": 90, "fields": {"name": "Can change assistance", "content_type": 23, "codename": "change_assistance"}}, {"model": "auth.permission", "pk": 91, "fields": {"name": "Can delete assistance", "content_type": 23, "codename": "delete_assistance"}}, {"model": "auth.permission", "pk": 92, "fields": {"name": "Can view assistance", "content_type": 23, "codename": "view_assistance"}}, {"model": "accounts.customuser", "pk": 1, "fields": {"password": "pbkdf2_sha256$180000$v4Fh1ZRUxzsa$DOVdKJOs3MUGJUCrtSEyWToK6Na1FzpWmMQzv2h2834=", "last_login": null, "is_superuser": true, "username": "admin", "email": "", "is_staff": true, "is_active": true, "date_joined": "2020-04-08T11:25:20.633Z", "first_name": "", "last_name": "", "active": true, "user_type": "MANAGER", "groups": [], "user_permissions": []}}, {"model": "accounts.customuser", "pk": 2, "fields": {"password": "pbkdf2_sha256$180000$siVRM7h7rnTg$1cyZ5/TP9Z30BVTQEz12ujbPx3D9gLQT2Txm5FyHOEU=", "last_login": null, "is_superuser": true, "username": "Manager1", "email": "", "is_staff": true, "is_active": true, "date_joined": "2020-04-08T11:25:20.790Z", "first_name": "Manager1", "last_name": "M1", "active": true, "user_type": "MANAGER", "groups": [], "user_permissions": []}}, {"model": "accounts.customuser", "pk": 3, "fields": {"password": "pbkdf2_sha256$180000$u5utraYa6W70$VLk6oCfLWml+qyljyYRZ0v1oECrxtYTef4LDLiPGf4g=", "last_login": null, "is_superuser": true, "username": "Manager2", "email": "", "is_staff": true, "is_active": true, "date_joined": "2020-04-08T11:25:20.899Z", "first_name": "Manager2", "last_name": "M2", "active": true, "user_type": "MANAGER", "groups": [], "user_permissions": []}}, {"model": "accounts.customuser", "pk": 4, "fields": {"password": "pbkdf2_sha256$180000$ZDurUSp9KNC4$V6sRsoa9r9FpMryffkxrOX5Db7O9W3rMK0KN4sSJ2MI=", "last_login": null, "is_superuser": true, "username": "Manager3", "email": "", "is_staff": true, "is_active": true, "date_joined": "2020-04-08T11:25:21.028Z", "first_name": "Manager3", "last_name": "M3", "active": true, "user_type": "MANAGER", "groups": [], "user_permissions": []}}, {"model": "accounts.customuser", "pk": 5, "fields": {"password": "pbkdf2_sha256$180000$OeN6c18onjqq$M1ljvxXFMlqUkjWCRHZtwTU6mqHd89Sre2AXnNM6d3c=", "last_login": null, "is_superuser": true, "username": "Manager4", "email": "", "is_staff": true, "is_active": true, "date_joined": "2020-04-08T11:25:21.152Z", "first_name": "Manager4", "last_name": "M4", "active": true, "user_type": "MANAGER", "groups": [], "user_permissions": []}}, {"model": "accounts.customuser", "pk": 6, "fields": {"password": "pbkdf2_sha256$180000$so4IwGUSKQzP$EuJaMIaWuDVq8+NHIRQu5OjeTWkuzL+qFlCOvjR3zgY=", "last_login": null, "is_superuser": false, "username": "Customer0", "email": "", "is_staff": false, "is_active": true, "date_joined": "2020-04-08T11:25:21.271Z", "first_name": "Customer0", "last_name": "C0", "active": true, "user_type": "CUSTOMER", "groups": [], "user_permissions": []}}, {"model": "accounts.customuser", "pk": 7, "fields": {"password": "pbkdf2_sha256$180000$vH9uBCWghD2Y$4rAFxIUZdob7BjHs+0GWEO4utGueO5fOwwJDR3dvJ3c=", "last_login": null, "is_superuser": false, "username": "Customer1", "email": "", "is_staff": false, "is_active": true, "date_joined": "2020-04-08T11:25:21.377Z", "first_name": "Customer1", "last_name": "C1", "active": true, "user_type": "CUSTOMER", "groups": [], "user_permissions": []}}, {"model": "accounts.customuser", "pk": 8, "fields": {"password": "pbkdf2_sha256$180000$XHzZrOFoyjhc$fW0FXDfRi13XER40DtOfRK/2fMlliNIr8zGLQM2wab8=", "last_login": null, "is_superuser": false, "username": "Customer2", "email": "", "is_staff": false, "is_active": true, "date_joined": "2020-04-08T11:25:21.482Z", "first_name": "Customer2", "last_name": "C2", "active": true, "user_type": "CUSTOMER", "groups": [], "user_permissions": []}}, {"model": "accounts.customuser", "pk": 9, "fields": {"password": "pbkdf2_sha256$180000$NRqC46cK45lW$Orf+5DYttjhY1xlXp7+oc0KBqX6U5GBkWdmQbroPIRQ=", "last_login": null, "is_superuser": false, "username": "Customer3", "email": "", "is_staff": false, "is_active": true, "date_joined": "2020-04-08T11:25:21.589Z", "first_name": "Customer3", "last_name": "C3", "active": true, "user_type": "CUSTOMER", "groups": [], "user_permissions": []}}, {"model": "accounts.customuser", "pk": 10, "fields": {"password": "pbkdf2_sha256$180000$vknPlqVcr84f$7Nm977in/yU0qB9JlFBEzJXX7i62WTOlTPfIoLS62Nw=", "last_login": null, "is_superuser": false, "username": "Customer4", "email": "", "is_staff": false, "is_active": true, "date_joined": "2020-04-08T11:25:21.702Z", "first_name": "Customer4", "last_name": "C4", "active": true, "user_type": "CUSTOMER", "groups": [], "user_permissions": []}}, {"model": "accounts.customuser", "pk": 11, "fields": {"password": "pbkdf2_sha256$180000$L59rUgLh4GNK$D0LRicL/46YiXGLMy900VYt7mHj0gpCqaW723vMndLo=", "last_login": null, "is_superuser": false, "username": "Customer5", "email": "", "is_staff": false, "is_active": true, "date_joined": "2020-04-08T11:25:21.817Z", "first_name": "Customer5", "last_name": "C5", "active": true, "user_type": "CUSTOMER", "groups": [], "user_permissions": []}}, {"model": "accounts.customuser", "pk": 12, "fields": {"password": "pbkdf2_sha256$180000$LserEsq49kBE$7am3qg39zt/4+gTV6tpYjTJlHoXsDn2ICtctHIHSmpE=", "last_login": null, "is_superuser": false, "username": "Customer6", "email": "", "is_staff": false, "is_active": true, "date_joined": "2020-04-08T11:25:21.939Z", "first_name": "Customer6", "last_name": "C6", "active": true, "user_type": "CUSTOMER", "groups": [], "user_permissions": []}}, {"model": "accounts.customuser", "pk": 13, "fields": {"password": "pbkdf2_sha256$180000$owletnRLphCB$JsgRt4EJG+TgpJAAZu+FNAFPZ239ykWB/YtmYpIwJvw=", "last_login": null, "is_superuser": false, "username": "Customer7", "email": "", "is_staff": false, "is_active": true, "date_joined": "2020-04-08T11:25:22.040Z", "first_name": "Customer7", "last_name": "C7", "active": true, "user_type": "CUSTOMER", "groups": [], "user_permissions": []}}, {"model": "accounts.customuser", "pk": 14, "fields": {"password": "pbkdf2_sha256$180000$fFTSapcsTu6O$g0XhcF4P2Bzqpu3TixynfXhUqXJhstd2kKxxM4u4Lz0=", "last_login": null, "is_superuser": false, "username": "Customer8", "email": "", "is_staff": false, "is_active": true, "date_joined": "2020-04-08T11:25:22.159Z", "first_name": "Customer8", "last_name": "C8", "active": true, "user_type": "CUSTOMER", "groups": [], "user_permissions": []}}, {"model": "accounts.customuser", "pk": 15, "fields": {"password": "pbkdf2_sha256$180000$VMIFniE4JZgS$DhLn2i+o2WrBGbaT3anXjg+ZgNoNmR/L9K3XQzTrpt8=", "last_login": null, "is_superuser": false, "username": "Customer9", "email": "", "is_staff": false, "is_active": true, "date_joined": "2020-04-08T11:25:22.265Z", "first_name": "Customer9", "last_name": "C9", "active": true, "user_type": "CUSTOMER", "groups": [], "user_permissions": []}}, {"model": "accounts.customuser", "pk": 16, "fields": {"password": "pbkdf2_sha256$180000$AckOPHcx5sA8$Xi8Tl44w4fdIL7q1LTf79HK5AS1OPd8RFVMHLb17Yr4=", "last_login": null, "is_superuser": false, "username": "Kitchen0", "email": "", "is_staff": false, "is_active": true, "date_joined": "2020-04-08T11:25:22.364Z", "first_name": "Kitchen0", "last_name": "K0", "active": true, "user_type": "KITCHEN", "groups": [], "user_permissions": []}}, {"model": "accounts.customuser", "pk": 17, "fields": {"password": "pbkdf2_sha256$180000$2HUoTFXC2Mgt$/+jZrq0Wt1rQHRBPv7OrWGFSud08ZFQB3gJ3DOpG4r8=", "last_login": null, "is_superuser": false, "username": "Kitchen1", "email": "", "is_staff": false, "is_active": true, "date_joined": "2020-04-08T11:25:22.466Z", "first_name": "Kitchen1", "last_name": "K1", "active": true, "user_type": "KITCHEN", "groups": [], "user_permissions": []}}, {"model": "accounts.customuser", "pk": 18, "fields": {"password": "pbkdf2_sha256$180000$Zqf54Ew3RZ8i$cSuajfF0q7J0FWQL5mnZW5CqJPj4dBophIHZjqyYLUA=", "last_login": null, "is_superuser": false, "username": "Kitchen2", "email": "", "is_staff": false, "is_active": true, "date_joined": "2020-04-08T11:25:22.580Z", "first_name": "Kitchen2", "last_name": "K2", "active": true, "user_type": "KITCHEN", "groups": [], "user_permissions": []}}, {"model": "accounts.customuser", "pk": 19, "fields": {"password": "pbkdf2_sha256$180000$XckqgUntuQ7I$fv5dtJQmM8KGJq+W0DSBQ+AJsCMD3rCRI7at7xYrrVM=", "last_login": null, "is_superuser": false, "username": "Kitchen3", "email": "", "is_staff": false, "is_active": true, "date_joined": "2020-04-08T11:25:22.681Z", "first_name": "Kitchen3", "last_name": "K3", "active": true, "user_type": "KITCHEN", "groups": [], "user_permissions": []}}, {"model": "accounts.customuser", "pk": 20, "fields": {"password": "pbkdf2_sha256$180000$IrJn1FlKEwtd$xdREvF0+dJmuUWfdCmu9G0eANMXCdNPlhWJKzonmUQk=", "last_login": null, "is_superuser": false, "username": "Kitchen4", "email": "", "is_staff": false, "is_active": true, "date_joined": "2020-04-08T11:25:22.787Z", "first_name": "Kitchen4", "last_name": "K4", "active": true, "user_type": "KITCHEN", "groups": [], "user_permissions": []}}, {"model": "accounts.customuser", "pk": 21, "fields": {"password": "pbkdf2_sha256$180000$1hgI3NXPjpUm$o9rqGIAm4tJszJGgWYTgEBVUxZyf2tZ6tlz24+rqGi8=", "last_login": null, "is_superuser": false, "username": "Kitchen5", "email": "", "is_staff": false, "is_active": true, "date_joined": "2020-04-08T11:25:22.892Z", "first_name": "Kitchen5", "last_name": "K5", "active": true, "user_type": "KITCHEN", "groups": [], "user_permissions": []}}, {"model": "accounts.customuser", "pk": 22, "fields": {"password": "pbkdf2_sha256$180000$Ln6rkjmSli67$/Tn7h0TUS9VD6EVaJB5BfD5rLlXXgAvm4UDdn6voDQg=", "last_login": null, "is_superuser": false, "username": "Kitchen6", "email": "", "is_staff": false, "is_active": true, "date_joined": "2020-04-08T11:25:23.003Z", "first_name": "Kitchen6", "last_name": "K6", "active": true, "user_type": "KITCHEN", "groups": [], "user_permissions": []}}, {"model": "accounts.customuser", "pk": 23, "fields": {"password": "pbkdf2_sha256$180000$FwqUPjyOWp0P$rEWH7lUc6B2OijqQhuBzicZkSYzyk1x7jP9b99IooUw=", "last_login": null, "is_superuser": false, "username": "Kitchen7", "email": "", "is_staff": false, "is_active": true, "date_joined": "2020-04-08T11:25:23.109Z", "first_name": "Kitchen7", "last_name": "K7", "active": true, "user_type": "KITCHEN", "groups": [], "user_permissions": []}}, {"model": "accounts.customuser", "pk": 24, "fields": {"password": "pbkdf2_sha256$180000$Dc0lTuXm0A8n$0k2yISbkGSAl5rGOBwCh2T9aqP4Sa557i/asdrkZZBA=", "last_login": null, "is_superuser": false, "username": "Kitchen8", "email": "", "is_staff": false, "is_active": true, "date_joined": "2020-04-08T11:25:23.229Z", "first_name": "Kitchen8", "last_name": "K8", "active": true, "user_type": "KITCHEN", "groups": [], "user_permissions": []}}, {"model": "accounts.customuser", "pk": 25, "fields": {"password": "pbkdf2_sha256$180000$uh81aw5qv8E9$B54fT5MUXW15XhTprN80INu6yLS4nf3cMCr0Y5xRVKU=", "last_login": null, "is_superuser": false, "username": "Kitchen9", "email": "", "is_staff": false, "is_active": true, "date_joined": "2020-04-08T11:25:23.345Z", "first_name": "Kitchen9", "last_name": "K9", "active": true, "user_type": "KITCHEN", "groups": [], "user_permissions": []}}, {"model": "accounts.customuser", "pk": 26, "fields": {"password": "pbkdf2_sha256$180000$JA7v4BwcE8LU$wCOnV2CP+IN7GgYPSNITm4OZeAR3fOCye5JdwZloIs8=", "last_login": null, "is_superuser": false, "username": "Waiter0", "email": "", "is_staff": false, "is_active": true, "date_joined": "2020-04-08T11:25:23.469Z", "first_name": "Waiter0", "last_name": "W0", "active": true, "user_type": "WAITER", "groups": [], "user_permissions": []}}, {"model": "accounts.customuser", "pk": 27, "fields": {"password": "pbkdf2_sha256$180000$cUXZEvqQlbDC$qOCVsZOitGZM2kKm567v3VyKy7aspkRaUq4e1uIk7fs=", "last_login": null, "is_superuser": false, "username": "Waiter1", "email": "", "is_staff": false, "is_active": true, "date_joined": "2020-04-08T11:25:23.571Z", "first_name": "Waiter1", "last_name": "W1", "active": true, "user_type": "WAITER", "groups": [], "user_permissions": []}}, {"model": "accounts.customuser", "pk": 28, "fields": {"password": "pbkdf2_sha256$180000$RqMKRD6MX9dS$G60wIL8IoHDF6gU5b6M1I9lDyHY3U5hz727ethTJ5SE=", "last_login": null, "is_superuser": false, "username": "Waiter2", "email": "", "is_staff": false, "is_active": true, "date_joined": "2020-04-08T11:25:23.673Z", "first_name": "Waiter2", "last_name": "W2", "active": true, "user_type": "WAITER", "groups": [], "user_permissions": []}}, {"model": "accounts.customuser", "pk": 29, "fields": {"password": "pbkdf2_sha256$180000$dk16V4bOUBBw$LA8K0PRswhLvhqKpsz0mteiYzdeSI00qA03lKTaG0QM=", "last_login": null, "is_superuser": false, "username": "Waiter3", "email": "", "is_staff": false, "is_active": true, "date_joined": "2020-04-08T11:25:23.793Z", "first_name": "Waiter3", "last_name": "W3", "active": true, "user_type": "WAITER", "groups": [], "user_permissions": []}}, {"model": "accounts.customuser", "pk": 30, "fields": {"password": "pbkdf2_sha256$180000$TZr1g5FT47Bs$Fe9pMr7uFoWe0URKMtIbF8yfT1y2hFP0WdGOjm3fowo=", "last_login": null, "is_superuser": false, "username": "Waiter4", "email": "", "is_staff": false, "is_active": true, "date_joined": "2020-04-08T11:25:23.910Z", "first_name": "Waiter4", "last_name": "W4", "active": true, "user_type": "WAITER", "groups": [], "user_permissions": []}}, {"model": "accounts.customuser", "pk": 31, "fields": {"password": "pbkdf2_sha256$180000$woLp5I1Je1MJ$Nmx7hX588wFrF9IUBG5aGv1c8Lc13QU3y4uiD72znzM=", "last_login": null, "is_superuser": false, "username": "Waiter5", "email": "", "is_staff": false, "is_active": true, "date_joined": "2020-04-08T11:25:24.042Z", "first_name": "Waiter5", "last_name": "W5", "active": true, "user_type": "WAITER", "groups": [], "user_permissions": []}}, {"model": "accounts.customuser", "pk": 32, "fields": {"password": "pbkdf2_sha256$180000$xlo5KwQuenA9$A2qpfU9yqAN3aLKFIiuuql2suw5JXUGPkRSZJ3Zo9cI=", "last_login": null, "is_superuser": false, "username": "Waiter6", "email": "", "is_staff": false, "is_active": true, "date_joined": "2020-04-08T11:25:24.143Z", "first_name": "Waiter6", "last_name": "W6", "active": true, "user_type": "WAITER", "groups": [], "user_permissions": []}}, {"model": "accounts.customuser", "pk": 33, "fields": {"password": "pbkdf2_sha256$180000$Q8yPUuRs2oz0$2skImuqQXYQHB13uOe/U3C0oMK/6uUWdOXp0/GJk9UM=", "last_login": null, "is_superuser": false, "username": "Waiter7", "email": "", "is_staff": false, "is_active": true, "date_joined": "2020-04-08T11:25:24.264Z", "first_name": "Waiter7", "last_name": "W7", "active": true, "user_type": "WAITER", "groups": [], "user_permissions": []}}, {"model": "accounts.customuser", "pk": 34, "fields": {"password": "pbkdf2_sha256$180000$UfLkLFZfStuu$s4r1On8YO905vCbrfp7t2Y/ep4JwiEFfOYd7CES+QI0=", "last_login": null, "is_superuser": false, "username": "Waiter8", "email": "", "is_staff": false, "is_active": true, "date_joined": "2020-04-08T11:25:24.364Z", "first_name": "Waiter8", "last_name": "W8", "active": true, "user_type": "WAITER", "groups": [], "user_permissions": []}}, {"model": "accounts.customuser", "pk": 35, "fields": {"password": "pbkdf2_sha256$180000$8Vpfirqm1hHa$PPuyUB0CS2X2vL42+sCUVkwW9wsxMV8EcSmfkcxKONM=", "last_login": null, "is_superuser": false, "username": "Waiter9", "email": "", "is_staff": false, "is_active": true, "date_joined": "2020-04-08T11:25:24.486Z", "first_name": "Waiter9", "last_name": "W9", "active": true, "user_type": "WAITER", "groups": [], "user_permissions": []}}, {"model": "menu.transaction", "pk": 1, "fields": {"active": true, "date": "2020-04-08T11:25:24.784Z", "customer": 6, "credit_card": 1}}, {"model": "menu.transaction", "pk": 2, "fields": {"active": true, "date": "2020-04-08T11:25:24.810Z", "customer": 7, "credit_card": 2}}, {"model": "menu.transaction", "pk": 3, "fields": {"active": true, "date": "2020-04-08T11:25:24.828Z", "customer": 8, "credit_card": 3}}, {"model": "menu.transaction", "pk": 4, "fields": {"active": true, "date": "2020-04-08T11:25:24.890Z", "customer": 9, "credit_card": 4}}, {"model": "menu.transaction", "pk": 5, "fields": {"active": true, "date": "2020-04-08T11:25:24.923Z", "customer": 10, "credit_card": 5}}]