[{"model": "contenttypes.contenttype", "pk": 1, "fields": {"app_label": "admin", "model": "logentry"}}, {"model": "contenttypes.contenttype", "pk": 2, "fields": {"app_label": "auth", "model": "permission"}}, {"model": "contenttypes.contenttype", "pk": 3, "fields": {"app_label": "auth", "model": "group"}}, {"model": "contenttypes.contenttype", "pk": 4, "fields": {"app_label": "contenttypes", "model": "contenttype"}}, {"model": "contenttypes.contenttype", "pk": 5, "fields": {"app_label": "sessions", "model": "session"}}, {"model": "contenttypes.contenttype", "pk": 6, "fields": {"app_label": "sites", "model": "site"}}, {"model": "contenttypes.contenttype", "pk": 7, "fields": {"app_label": "authtoken", "model": "token"}}, {"model": "contenttypes.contenttype", "pk": 8, "fields": {"app_label": "account", "model": "emailaddress"}}, {"model": "contenttypes.contenttype", "pk": 9, "fields": {"app_label": "account", "model": "emailconfirmation"}}, {"model": "contenttypes.contenttype", "pk": 10, "fields": {"app_label": "socialaccount", "model": "socialaccount"}}, {"model": "contenttypes.contenttype", "pk": 11, "fields": {"app_label": "socialaccount", "model": "socialapp"}}, {"model": "contenttypes.contenttype", "pk": 12, "fields": {"app_label": "socialaccount", "model": "socialtoken"}}, {"model": "contenttypes.contenttype", "pk": 13, "fields": {"app_label": "accounts", "model": "customuser"}}, {"model": "contenttypes.contenttype", "pk": 14, "fields": {"app_label": "menu", "model": "category"}}, {"model": "contenttypes.contenttype", "pk": 15, "fields": {"app_label": "menu", "model": "creditcard"}}, {"model": "contenttypes.contenttype", "pk": 16, "fields": {"app_label": "menu", "model": "discount"}}, {"model": "contenttypes.contenttype", "pk": 17, "fields": {"app_label": "menu", "model": "extra"}}, {"model": "contenttypes.contenttype", "pk": 18, "fields": {"app_label": "menu", "model": "fooditem"}}, {"model": "contenttypes.contenttype", "pk": 19, "fields": {"app_label": "menu", "model": "menu"}}, {"model": "contenttypes.contenttype", "pk": 20, "fields": {"app_label": "menu", "model": "tag"}}, {"model": "contenttypes.contenttype", "pk": 21, "fields": {"app_label": "menu", "model": "transaction"}}, {"model": "contenttypes.contenttype", "pk": 22, "fields": {"app_label": "menu", "model": "transactionfooditem"}}, {"model": "contenttypes.contenttype", "pk": 23, "fields": {"app_label": "menu", "model": "assistance"}}, {"model": "sites.site", "pk": 1, "fields": {"domain": "example.com", "name": "example.com"}}, {"model": "menu.menu", "pk": 1, "fields": {"name": "Waiting Cafe", "active": true}}, {"model": "menu.category", "pk": 1, "fields": {"name": "Category 1", "active": true, "menu": 1}}, {"model": "menu.category", "pk": 2, "fields": {"name": "Category 1", "active": true, "menu": 1}}, {"model": "menu.category", "pk": 3, "fields": {"name": "Category 1", "active": true, "menu": 1}}, {"model": "menu.category", "pk": 4, "fields": {"name": "Category 1", "active": true, "menu": 1}}, {"model": "menu.category", "pk": 5, "fields": {"name": "Category 1", "active": true, "menu": 1}}, {"model": "menu.category", "pk": 6, "fields": {"name": "Category 1", "active": true, "menu": 1}}, {"model": "menu.category", "pk": 7, "fields": {"name": "Category 1", "active": true, "menu": 1}}, {"model": "menu.category", "pk": 8, "fields": {"name": "Category 1", "active": true, "menu": 1}}, {"model": "menu.category", "pk": 9, "fields": {"name": "Category 1", "active": true, "menu": 1}}, {"model": "menu.category", "pk": 10, "fields": {"name": "Category 1", "active": true, "menu": 1}}, {"model": "menu.extra", "pk": 1, "fields": {"name": "Extra 0", "active": true, "price": "0.00", "category": 1}}, {"model": "menu.extra", "pk": 2, "fields": {"name": "Extra 1", "active": true, "price": "1.00", "category": 1}}, {"model": "menu.extra", "pk": 3, "fields": {"name": "Extra 2", "active": true, "price": "2.00", "category": 1}}, {"model": "menu.extra", "pk": 4, "fields": {"name": "Extra 3", "active": true, "price": "3.00", "category": 1}}, {"model": "menu.extra", "pk": 5, "fields": {"name": "Extra 4", "active": true, "price": "4.00", "category": 1}}, {"model": "menu.extra", "pk": 6, "fields": {"name": "Extra 5", "active": true, "price": "5.00", "category": 1}}, {"model": "menu.extra", "pk": 7, "fields": {"name": "Extra 6", "active": true, "price": "6.00", "category": 1}}, {"model": "menu.extra", "pk": 8, "fields": {"name": "Extra 7", "active": true, "price": "7.00", "category": 1}}, {"model": "menu.extra", "pk": 9, "fields": {"name": "Extra 8", "active": true, "price": "8.00", "category": 1}}, {"model": "menu.extra", "pk": 10, "fields": {"name": "Extra 9", "active": true, "price": "9.00", "category": 1}}, {"model": "menu.extra", "pk": 11, "fields": {"name": "Extra 0", "active": true, "price": "0.00", "category": 2}}, {"model": "menu.extra", "pk": 12, "fields": {"name": "Extra 1", "active": true, "price": "1.00", "category": 2}}, {"model": "menu.extra", "pk": 13, "fields": {"name": "Extra 2", "active": true, "price": "2.00", "category": 2}}, {"model": "menu.extra", "pk": 14, "fields": {"name": "Extra 3", "active": true, "price": "3.00", "category": 2}}, {"model": "menu.extra", "pk": 15, "fields": {"name": "Extra 4", "active": true, "price": "4.00", "category": 2}}, {"model": "menu.extra", "pk": 16, "fields": {"name": "Extra 5", "active": true, "price": "5.00", "category": 2}}, {"model": "menu.extra", "pk": 17, "fields": {"name": "Extra 6", "active": true, "price": "6.00", "category": 2}}, {"model": "menu.extra", "pk": 18, "fields": {"name": "Extra 7", "active": true, "price": "7.00", "category": 2}}, {"model": "menu.extra", "pk": 19, "fields": {"name": "Extra 8", "active": true, "price": "8.00", "category": 2}}, {"model": "menu.extra", "pk": 20, "fields": {"name": "Extra 9", "active": true, "price": "9.00", "category": 2}}, {"model": "menu.extra", "pk": 21, "fields": {"name": "Extra 0", "active": true, "price": "0.00", "category": 3}}, {"model": "menu.extra", "pk": 22, "fields": {"name": "Extra 1", "active": true, "price": "1.00", "category": 3}}, {"model": "menu.extra", "pk": 23, "fields": {"name": "Extra 2", "active": true, "price": "2.00", "category": 3}}, {"model": "menu.extra", "pk": 24, "fields": {"name": "Extra 3", "active": true, "price": "3.00", "category": 3}}, {"model": "menu.extra", "pk": 25, "fields": {"name": "Extra 4", "active": true, "price": "4.00", "category": 3}}, {"model": "menu.extra", "pk": 26, "fields": {"name": "Extra 5", "active": true, "price": "5.00", "category": 3}}, {"model": "menu.extra", "pk": 27, "fields": {"name": "Extra 6", "active": true, "price": "6.00", "category": 3}}, {"model": "menu.extra", "pk": 28, "fields": {"name": "Extra 7", "active": true, "price": "7.00", "category": 3}}, {"model": "menu.extra", "pk": 29, "fields": {"name": "Extra 8", "active": true, "price": "8.00", "category": 3}}, {"model": "menu.extra", "pk": 30, "fields": {"name": "Extra 9", "active": true, "price": "9.00", "category": 3}}, {"model": "menu.extra", "pk": 31, "fields": {"name": "Extra 0", "active": true, "price": "0.00", "category": 4}}, {"model": "menu.extra", "pk": 32, "fields": {"name": "Extra 1", "active": true, "price": "1.00", "category": 4}}, {"model": "menu.extra", "pk": 33, "fields": {"name": "Extra 2", "active": true, "price": "2.00", "category": 4}}, {"model": "menu.extra", "pk": 34, "fields": {"name": "Extra 3", "active": true, "price": "3.00", "category": 4}}, {"model": "menu.extra", "pk": 35, "fields": {"name": "Extra 4", "active": true, "price": "4.00", "category": 4}}, {"model": "menu.extra", "pk": 36, "fields": {"name": "Extra 5", "active": true, "price": "5.00", "category": 4}}, {"model": "menu.extra", "pk": 37, "fields": {"name": "Extra 6", "active": true, "price": "6.00", "category": 4}}, {"model": "menu.extra", "pk": 38, "fields": {"name": "Extra 7", "active": true, "price": "7.00", "category": 4}}, {"model": "menu.extra", "pk": 39, "fields": {"name": "Extra 8", "active": true, "price": "8.00", "category": 4}}, {"model": "menu.extra", "pk": 40, "fields": {"name": "Extra 9", "active": true, "price": "9.00", "category": 4}}, {"model": "menu.extra", "pk": 41, "fields": {"name": "Extra 0", "active": true, "price": "0.00", "category": 5}}, {"model": "menu.extra", "pk": 42, "fields": {"name": "Extra 1", "active": true, "price": "1.00", "category": 5}}, {"model": "menu.extra", "pk": 43, "fields": {"name": "Extra 2", "active": true, "price": "2.00", "category": 5}}, {"model": "menu.extra", "pk": 44, "fields": {"name": "Extra 3", "active": true, "price": "3.00", "category": 5}}, {"model": "menu.extra", "pk": 45, "fields": {"name": "Extra 4", "active": true, "price": "4.00", "category": 5}}, {"model": "menu.extra", "pk": 46, "fields": {"name": "Extra 5", "active": true, "price": "5.00", "category": 5}}, {"model": "menu.extra", "pk": 47, "fields": {"name": "Extra 6", "active": true, "price": "6.00", "category": 5}}, {"model": "menu.extra", "pk": 48, "fields": {"name": "Extra 7", "active": true, "price": "7.00", "category": 5}}, {"model": "menu.extra", "pk": 49, "fields": {"name": "Extra 8", "active": true, "price": "8.00", "category": 5}}, {"model": "menu.extra", "pk": 50, "fields": {"name": "Extra 9", "active": true, "price": "9.00", "category": 5}}, {"model": "menu.extra", "pk": 51, "fields": {"name": "Extra 0", "active": true, "price": "0.00", "category": 6}}, {"model": "menu.extra", "pk": 52, "fields": {"name": "Extra 1", "active": true, "price": "1.00", "category": 6}}, {"model": "menu.extra", "pk": 53, "fields": {"name": "Extra 2", "active": true, "price": "2.00", "category": 6}}, {"model": "menu.extra", "pk": 54, "fields": {"name": "Extra 3", "active": true, "price": "3.00", "category": 6}}, {"model": "menu.extra", "pk": 55, "fields": {"name": "Extra 4", "active": true, "price": "4.00", "category": 6}}, {"model": "menu.extra", "pk": 56, "fields": {"name": "Extra 5", "active": true, "price": "5.00", "category": 6}}, {"model": "menu.extra", "pk": 57, "fields": {"name": "Extra 6", "active": true, "price": "6.00", "category": 6}}, {"model": "menu.extra", "pk": 58, "fields": {"name": "Extra 7", "active": true, "price": "7.00", "category": 6}}, {"model": "menu.extra", "pk": 59, "fields": {"name": "Extra 8", "active": true, "price": "8.00", "category": 6}}, {"model": "menu.extra", "pk": 60, "fields": {"name": "Extra 9", "active": true, "price": "9.00", "category": 6}}, {"model": "menu.extra", "pk": 61, "fields": {"name": "Extra 0", "active": true, "price": "0.00", "category": 7}}, {"model": "menu.extra", "pk": 62, "fields": {"name": "Extra 1", "active": true, "price": "1.00", "category": 7}}, {"model": "menu.extra", "pk": 63, "fields": {"name": "Extra 2", "active": true, "price": "2.00", "category": 7}}, {"model": "menu.extra", "pk": 64, "fields": {"name": "Extra 3", "active": true, "price": "3.00", "category": 7}}, {"model": "menu.extra", "pk": 65, "fields": {"name": "Extra 4", "active": true, "price": "4.00", "category": 7}}, {"model": "menu.extra", "pk": 66, "fields": {"name": "Extra 5", "active": true, "price": "5.00", "category": 7}}, {"model": "menu.extra", "pk": 67, "fields": {"name": "Extra 6", "active": true, "price": "6.00", "category": 7}}, {"model": "menu.extra", "pk": 68, "fields": {"name": "Extra 7", "active": true, "price": "7.00", "category": 7}}, {"model": "menu.extra", "pk": 69, "fields": {"name": "Extra 8", "active": true, "price": "8.00", "category": 7}}, {"model": "menu.extra", "pk": 70, "fields": {"name": "Extra 9", "active": true, "price": "9.00", "category": 7}}, {"model": "menu.extra", "pk": 71, "fields": {"name": "Extra 0", "active": true, "price": "0.00", "category": 8}}, {"model": "menu.extra", "pk": 72, "fields": {"name": "Extra 1", "active": true, "price": "1.00", "category": 8}}, {"model": "menu.extra", "pk": 73, "fields": {"name": "Extra 2", "active": true, "price": "2.00", "category": 8}}, {"model": "menu.extra", "pk": 74, "fields": {"name": "Extra 3", "active": true, "price": "3.00", "category": 8}}, {"model": "menu.extra", "pk": 75, "fields": {"name": "Extra 4", "active": true, "price": "4.00", "category": 8}}, {"model": "menu.extra", "pk": 76, "fields": {"name": "Extra 5", "active": true, "price": "5.00", "category": 8}}, {"model": "menu.extra", "pk": 77, "fields": {"name": "Extra 6", "active": true, "price": "6.00", "category": 8}}, {"model": "menu.extra", "pk": 78, "fields": {"name": "Extra 7", "active": true, "price": "7.00", "category": 8}}, {"model": "menu.extra", "pk": 79, "fields": {"name": "Extra 8", "active": true, "price": "8.00", "category": 8}}, {"model": "menu.extra", "pk": 80, "fields": {"name": "Extra 9", "active": true, "price": "9.00", "category": 8}}, {"model": "menu.extra", "pk": 81, "fields": {"name": "Extra 0", "active": true, "price": "0.00", "category": 9}}, {"model": "menu.extra", "pk": 82, "fields": {"name": "Extra 1", "active": true, "price": "1.00", "category": 9}}, {"model": "menu.extra", "pk": 83, "fields": {"name": "Extra 2", "active": true, "price": "2.00", "category": 9}}, {"model": "menu.extra", "pk": 84, "fields": {"name": "Extra 3", "active": true, "price": "3.00", "category": 9}}, {"model": "menu.extra", "pk": 85, "fields": {"name": "Extra 4", "active": true, "price": "4.00", "category": 9}}, {"model": "menu.extra", "pk": 86, "fields": {"name": "Extra 5", "active": true, "price": "5.00", "category": 9}}, {"model": "menu.extra", "pk": 87, "fields": {"name": "Extra 6", "active": true, "price": "6.00", "category": 9}}, {"model": "menu.extra", "pk": 88, "fields": {"name": "Extra 7", "active": true, "price": "7.00", "category": 9}}, {"model": "menu.extra", "pk": 89, "fields": {"name": "Extra 8", "active": true, "price": "8.00", "category": 9}}, {"model": "menu.extra", "pk": 90, "fields": {"name": "Extra 9", "active": true, "price": "9.00", "category": 9}}, {"model": "menu.extra", "pk": 91, "fields": {"name": "Extra 0", "active": true, "price": "0.00", "category": 10}}, {"model": "menu.extra", "pk": 92, "fields": {"name": "Extra 1", "active": true, "price": "1.00", "category": 10}}, {"model": "menu.extra", "pk": 93, "fields": {"name": "Extra 2", "active": true, "price": "2.00", "category": 10}}, {"model": "menu.extra", "pk": 94, "fields": {"name": "Extra 3", "active": true, "price": "3.00", "category": 10}}, {"model": "menu.extra", "pk": 95, "fields": {"name": "Extra 4", "active": true, "price": "4.00", "category": 10}}, {"model": "menu.extra", "pk": 96, "fields": {"name": "Extra 5", "active": true, "price": "5.00", "category": 10}}, {"model": "menu.extra", "pk": 97, "fields": {"name": "Extra 6", "active": true, "price": "6.00", "category": 10}}, {"model": "menu.extra", "pk": 98, "fields": {"name": "Extra 7", "active": true, "price": "7.00", "category": 10}}, {"model": "menu.extra", "pk": 99, "fields": {"name": "Extra 8", "active": true, "price": "8.00", "category": 10}}, {"model": "menu.extra", "pk": 100, "fields": {"name": "Extra 9", "active": true, "price": "9.00", "category": 10}}, {"model": "menu.tag", "pk": 1, "fields": {"name": "Tag 0"}}, {"model": "menu.tag", "pk": 2, "fields": {"name": "Tag 1"}}, {"model": "menu.tag", "pk": 3, "fields": {"name": "Tag 2"}}, {"model": "menu.tag", "pk": 4, "fields": {"name": "Tag 3"}}, {"model": "menu.tag", "pk": 5, "fields": {"name": "Tag 4"}}, {"model": "menu.tag", "pk": 6, "fields": {"name": "Tag 5"}}, {"model": "menu.tag", "pk": 7, "fields": {"name": "Tag 6"}}, {"model": "menu.tag", "pk": 8, "fields": {"name": "Tag 7"}}, {"model": "menu.tag", "pk": 9, "fields": {"name": "Tag 8"}}, {"model": "menu.tag", "pk": 10, "fields": {"name": "Tag 9"}}, {"model": "menu.fooditem", "pk": 1, "fields": {"name": "Food item 0", "active": true, "price": "10.00", "description": "Test description 0", "category": 1, "size": null, "tags": []}}, {"model": "menu.fooditem", "pk": 2, "fields": {"name": "Food item 1", "active": true, "price": "10.00", "description": "Test description 1", "category": 1, "size": null, "tags": []}}, {"model": "menu.fooditem", "pk": 3, "fields": {"name": "Food item 2", "active": true, "price": "10.00", "description": "Test description 2", "category": 1, "size": null, "tags": []}}, {"model": "menu.fooditem", "pk": 4, "fields": {"name": "Food item 3", "active": true, "price": "10.00", "description": "Test description 3", "category": 1, "size": null, "tags": []}}, {"model": "menu.fooditem", "pk": 5, "fields": {"name": "Food item 4", "active": true, "price": "10.00", "description": "Test description 4", "category": 1, "size": null, "tags": []}}, {"model": "menu.fooditem", "pk": 6, "fields": {"name": "Food item 5", "active": true, "price": "10.00", "description": "Test description 5", "category": 1, "size": null, "tags": []}}, {"model": "menu.fooditem", "pk": 7, "fields": {"name": "Drink 1", "active": true, "price": "10.00", "description": "Test description 1", "category": 1, "size": "LARGE", "tags": []}}, {"model": "menu.fooditem", "pk": 8, "fields": {"name": "Drink 2", "active": true, "price": "10.00", "description": "Test description 2", "category": 1, "size": "LARGE", "tags": []}}, {"model": "menu.fooditem", "pk": 9, "fields": {"name": "Drink 3", "active": true, "price": "10.00", "description": "Test description 3", "category": 1, "size": "LARGE", "tags": []}}, {"model": "menu.fooditem", "pk": 10, "fields": {"name": "Drink 4", "active": true, "price": "10.00", "description": "Test description 4", "category": 1, "size": "LARGE", "tags": []}}, {"model": "menu.fooditem", "pk": 11, "fields": {"name": "Food item 0", "active": true, "price": "10.00", "description": "Test description 0", "category": 2, "size": null, "tags": []}}, {"model": "menu.fooditem", "pk": 12, "fields": {"name": "Food item 1", "active": true, "price": "10.00", "description": "Test description 1", "category": 2, "size": null, "tags": []}}, {"model": "menu.fooditem", "pk": 13, "fields": {"name": "Food item 2", "active": true, "price": "10.00", "description": "Test description 2", "category": 2, "size": null, "tags": []}}, {"model": "menu.fooditem", "pk": 14, "fields": {"name": "Food item 3", "active": true, "price": "10.00", "description": "Test description 3", "category": 2, "size": null, "tags": []}}, {"model": "menu.fooditem", "pk": 15, "fields": {"name": "Food item 4", "active": true, "price": "10.00", "description": "Test description 4", "category": 2, "size": null, "tags": []}}, {"model": "menu.fooditem", "pk": 16, "fields": {"name": "Food item 5", "active": true, "price": "10.00", "description": "Test description 5", "category": 2, "size": null, "tags": []}}, {"model": "menu.fooditem", "pk": 17, "fields": {"name": "Drink 1", "active": true, "price": "10.00", "description": "Test description 1", "category": 2, "size": "LARGE", "tags": []}}, {"model": "menu.fooditem", "pk": 18, "fields": {"name": "Drink 2", "active": true, "price": "10.00", "description": "Test description 2", "category": 2, "size": "LARGE", "tags": []}}, {"model": "menu.fooditem", "pk": 19, "fields": {"name": "Drink 3", "active": true, "price": "10.00", "description": "Test description 3", "category": 2, "size": "LARGE", "tags": []}}, {"model": "menu.fooditem", "pk": 20, "fields": {"name": "Drink 4", "active": true, "price": "10.00", "description": "Test description 4", "category": 2, "size": "LARGE", "tags": []}}, {"model": "menu.fooditem", "pk": 21, "fields": {"name": "Food item 0", "active": true, "price": "10.00", "description": "Test description 0", "category": 3, "size": null, "tags": []}}, {"model": "menu.fooditem", "pk": 22, "fields": {"name": "Food item 1", "active": true, "price": "10.00", "description": "Test description 1", "category": 3, "size": null, "tags": []}}, {"model": "menu.fooditem", "pk": 23, "fields": {"name": "Food item 2", "active": true, "price": "10.00", "description": "Test description 2", "category": 3, "size": null, "tags": []}}, {"model": "menu.fooditem", "pk": 24, "fields": {"name": "Food item 3", "active": true, "price": "10.00", "description": "Test description 3", "category": 3, "size": null, "tags": []}}, {"model": "menu.fooditem", "pk": 25, "fields": {"name": "Food item 4", "active": true, "price": "10.00", "description": "Test description 4", "category": 3, "size": null, "tags": []}}, {"model": "menu.fooditem", "pk": 26, "fields": {"name": "Food item 5", "active": true, "price": "10.00", "description": "Test description 5", "category": 3, "size": null, "tags": []}}, {"model": "menu.fooditem", "pk": 27, "fields": {"name": "Drink 1", "active": true, "price": "10.00", "description": "Test description 1", "category": 3, "size": "LARGE", "tags": []}}, {"model": "menu.fooditem", "pk": 28, "fields": {"name": "Drink 2", "active": true, "price": "10.00", "description": "Test description 2", "category": 3, "size": "LARGE", "tags": []}}, {"model": "menu.fooditem", "pk": 29, "fields": {"name": "Drink 3", "active": true, "price": "10.00", "description": "Test description 3", "category": 3, "size": "LARGE", "tags": []}}, {"model": "menu.fooditem", "pk": 30, "fields": {"name": "Drink 4", "active": true, "price": "10.00", "description": "Test description 4", "category": 3, "size": "LARGE", "tags": []}}, {"model": "menu.fooditem", "pk": 31, "fields": {"name": "Food item 0", "active": true, "price": "10.00", "description": "Test description 0", "category": 4, "size": null, "tags": []}}, {"model": "menu.fooditem", "pk": 32, "fields": {"name": "Food item 1", "active": true, "price": "10.00", "description": "Test description 1", "category": 4, "size": null, "tags": []}}, {"model": "menu.fooditem", "pk": 33, "fields": {"name": "Food item 2", "active": true, "price": "10.00", "description": "Test description 2", "category": 4, "size": null, "tags": []}}, {"model": "menu.fooditem", "pk": 34, "fields": {"name": "Food item 3", "active": true, "price": "10.00", "description": "Test description 3", "category": 4, "size": null, "tags": []}}, {"model": "menu.fooditem", "pk": 35, "fields": {"name": "Food item 4", "active": true, "price": "10.00", "description": "Test description 4", "category": 4, "size": null, "tags": []}}, {"model": "menu.fooditem", "pk": 36, "fields": {"name": "Food item 5", "active": true, "price": "10.00", "description": "Test description 5", "category": 4, "size": null, "tags": []}}, {"model": "menu.fooditem", "pk": 37, "fields": {"name": "Drink 1", "active": true, "price": "10.00", "description": "Test description 1", "category": 4, "size": "LARGE", "tags": []}}, {"model": "menu.fooditem", "pk": 38, "fields": {"name": "Drink 2", "active": true, "price": "10.00", "description": "Test description 2", "category": 4, "size": "LARGE", "tags": []}}, {"model": "menu.fooditem", "pk": 39, "fields": {"name": "Drink 3", "active": true, "price": "10.00", "description": "Test description 3", "category": 4, "size": "LARGE", "tags": []}}, {"model": "menu.fooditem", "pk": 40, "fields": {"name": "Drink 4", "active": true, "price": "10.00", "description": "Test description 4", "category": 4, "size": "LARGE", "tags": []}}, {"model": "menu.fooditem", "pk": 41, "fields": {"name": "Food item 0", "active": true, "price": "10.00", "description": "Test description 0", "category": 5, "size": null, "tags": []}}, {"model": "menu.fooditem", "pk": 42, "fields": {"name": "Food item 1", "active": true, "price": "10.00", "description": "Test description 1", "category": 5, "size": null, "tags": []}}, {"model": "menu.fooditem", "pk": 43, "fields": {"name": "Food item 2", "active": true, "price": "10.00", "description": "Test description 2", "category": 5, "size": null, "tags": []}}, {"model": "menu.fooditem", "pk": 44, "fields": {"name": "Food item 3", "active": true, "price": "10.00", "description": "Test description 3", "category": 5, "size": null, "tags": []}}, {"model": "menu.fooditem", "pk": 45, "fields": {"name": "Food item 4", "active": true, "price": "10.00", "description": "Test description 4", "category": 5, "size": null, "tags": []}}, {"model": "menu.fooditem", "pk": 46, "fields": {"name": "Food item 5", "active": true, "price": "10.00", "description": "Test description 5", "category": 5, "size": null, "tags": []}}, {"model": "menu.fooditem", "pk": 47, "fields": {"name": "Drink 1", "active": true, "price": "10.00", "description": "Test description 1", "category": 5, "size": "LARGE", "tags": []}}, {"model": "menu.fooditem", "pk": 48, "fields": {"name": "Drink 2", "active": true, "price": "10.00", "description": "Test description 2", "category": 5, "size": "LARGE", "tags": []}}, {"model": "menu.fooditem", "pk": 49, "fields": {"name": "Drink 3", "active": true, "price": "10.00", "description": "Test description 3", "category": 5, "size": "LARGE", "tags": []}}, {"model": "menu.fooditem", "pk": 50, "fields": {"name": "Drink 4", "active": true, "price": "10.00", "description": "Test description 4", "category": 5, "size": "LARGE", "tags": []}}, {"model": "menu.fooditem", "pk": 51, "fields": {"name": "Food item 0", "active": true, "price": "10.00", "description": "Test description 0", "category": 6, "size": null, "tags": []}}, {"model": "menu.fooditem", "pk": 52, "fields": {"name": "Food item 1", "active": true, "price": "10.00", "description": "Test description 1", "category": 6, "size": null, "tags": []}}, {"model": "menu.fooditem", "pk": 53, "fields": {"name": "Food item 2", "active": true, "price": "10.00", "description": "Test description 2", "category": 6, "size": null, "tags": []}}, {"model": "menu.fooditem", "pk": 54, "fields": {"name": "Food item 3", "active": true, "price": "10.00", "description": "Test description 3", "category": 6, "size": null, "tags": []}}, {"model": "menu.fooditem", "pk": 55, "fields": {"name": "Food item 4", "active": true, "price": "10.00", "description": "Test description 4", "category": 6, "size": null, "tags": []}}, {"model": "menu.fooditem", "pk": 56, "fields": {"name": "Food item 5", "active": true, "price": "10.00", "description": "Test description 5", "category": 6, "size": null, "tags": []}}, {"model": "menu.fooditem", "pk": 57, "fields": {"name": "Drink 1", "active": true, "price": "10.00", "description": "Test description 1", "category": 6, "size": "LARGE", "tags": []}}, {"model": "menu.fooditem", "pk": 58, "fields": {"name": "Drink 2", "active": true, "price": "10.00", "description": "Test description 2", "category": 6, "size": "LARGE", "tags": []}}, {"model": "menu.fooditem", "pk": 59, "fields": {"name": "Drink 3", "active": true, "price": "10.00", "description": "Test description 3", "category": 6, "size": "LARGE", "tags": []}}, {"model": "menu.fooditem", "pk": 60, "fields": {"name": "Drink 4", "active": true, "price": "10.00", "description": "Test description 4", "category": 6, "size": "LARGE", "tags": []}}, {"model": "menu.fooditem", "pk": 61, "fields": {"name": "Food item 0", "active": true, "price": "10.00", "description": "Test description 0", "category": 7, "size": null, "tags": []}}, {"model": "menu.fooditem", "pk": 62, "fields": {"name": "Food item 1", "active": true, "price": "10.00", "description": "Test description 1", "category": 7, "size": null, "tags": []}}, {"model": "menu.fooditem", "pk": 63, "fields": {"name": "Food item 2", "active": true, "price": "10.00", "description": "Test description 2", "category": 7, "size": null, "tags": []}}, {"model": "menu.fooditem", "pk": 64, "fields": {"name": "Food item 3", "active": true, "price": "10.00", "description": "Test description 3", "category": 7, "size": null, "tags": []}}, {"model": "menu.fooditem", "pk": 65, "fields": {"name": "Food item 4", "active": true, "price": "10.00", "description": "Test description 4", "category": 7, "size": null, "tags": []}}, {"model": "menu.fooditem", "pk": 66, "fields": {"name": "Food item 5", "active": true, "price": "10.00", "description": "Test description 5", "category": 7, "size": null, "tags": []}}, {"model": "menu.fooditem", "pk": 67, "fields": {"name": "Drink 1", "active": true, "price": "10.00", "description": "Test description 1", "category": 7, "size": "LARGE", "tags": []}}, {"model": "menu.fooditem", "pk": 68, "fields": {"name": "Drink 2", "active": true, "price": "10.00", "description": "Test description 2", "category": 7, "size": "LARGE", "tags": []}}, {"model": "menu.fooditem", "pk": 69, "fields": {"name": "Drink 3", "active": true, "price": "10.00", "description": "Test description 3", "category": 7, "size": "LARGE", "tags": []}}, {"model": "menu.fooditem", "pk": 70, "fields": {"name": "Drink 4", "active": true, "price": "10.00", "description": "Test description 4", "category": 7, "size": "LARGE", "tags": []}}, {"model": "menu.fooditem", "pk": 71, "fields": {"name": "Food item 0", "active": true, "price": "10.00", "description": "Test description 0", "category": 8, "size": null, "tags": []}}, {"model": "menu.fooditem", "pk": 72, "fields": {"name": "Food item 1", "active": true, "price": "10.00", "description": "Test description 1", "category": 8, "size": null, "tags": []}}, {"model": "menu.fooditem", "pk": 73, "fields": {"name": "Food item 2", "active": true, "price": "10.00", "description": "Test description 2", "category": 8, "size": null, "tags": []}}, {"model": "menu.fooditem", "pk": 74, "fields": {"name": "Food item 3", "active": true, "price": "10.00", "description": "Test description 3", "category": 8, "size": null, "tags": []}}, {"model": "menu.fooditem", "pk": 75, "fields": {"name": "Food item 4", "active": true, "price": "10.00", "description": "Test description 4", "category": 8, "size": null, "tags": []}}, {"model": "menu.fooditem", "pk": 76, "fields": {"name": "Food item 5", "active": true, "price": "10.00", "description": "Test description 5", "category": 8, "size": null, "tags": []}}, {"model": "menu.fooditem", "pk": 77, "fields": {"name": "Drink 1", "active": true, "price": "10.00", "description": "Test description 1", "category": 8, "size": "LARGE", "tags": []}}, {"model": "menu.fooditem", "pk": 78, "fields": {"name": "Drink 2", "active": true, "price": "10.00", "description": "Test description 2", "category": 8, "size": "LARGE", "tags": []}}, {"model": "menu.fooditem", "pk": 79, "fields": {"name": "Drink 3", "active": true, "price": "10.00", "description": "Test description 3", "category": 8, "size": "LARGE", "tags": []}}, {"model": "menu.fooditem", "pk": 80, "fields": {"name": "Drink 4", "active": true, "price": "10.00", "description": "Test description 4", "category": 8, "size": "LARGE", "tags": []}}, {"model": "menu.fooditem", "pk": 81, "fields": {"name": "Food item 0", "active": true, "price": "10.00", "description": "Test description 0", "category": 9, "size": null, "tags": []}}, {"model": "menu.fooditem", "pk": 82, "fields": {"name": "Food item 1", "active": true, "price": "10.00", "description": "Test description 1", "category": 9, "size": null, "tags": []}}, {"model": "menu.fooditem", "pk": 83, "fields": {"name": "Food item 2", "active": true, "price": "10.00", "description": "Test description 2", "category": 9, "size": null, "tags": []}}, {"model": "menu.fooditem", "pk": 84, "fields": {"name": "Food item 3", "active": true, "price": "10.00", "description": "Test description 3", "category": 9, "size": null, "tags": []}}, {"model": "menu.fooditem", "pk": 85, "fields": {"name": "Food item 4", "active": true, "price": "10.00", "description": "Test description 4", "category": 9, "size": null, "tags": []}}, {"model": "menu.fooditem", "pk": 86, "fields": {"name": "Food item 5", "active": true, "price": "10.00", "description": "Test description 5", "category": 9, "size": null, "tags": []}}, {"model": "menu.fooditem", "pk": 87, "fields": {"name": "Drink 1", "active": true, "price": "10.00", "description": "Test description 1", "category": 9, "size": "LARGE", "tags": []}}, {"model": "menu.fooditem", "pk": 88, "fields": {"name": "Drink 2", "active": true, "price": "10.00", "description": "Test description 2", "category": 9, "size": "LARGE", "tags": []}}, {"model": "menu.fooditem", "pk": 89, "fields": {"name": "Drink 3", "active": true, "price": "10.00", "description": "Test description 3", "category": 9, "size": "LARGE", "tags": []}}, {"model": "menu.fooditem", "pk": 90, "fields": {"name": "Drink 4", "active": true, "price": "10.00", "description": "Test description 4", "category": 9, "size": "LARGE", "tags": []}}, {"model": "menu.fooditem", "pk": 91, "fields": {"name": "Food item 0", "active": true, "price": "10.00", "description": "Test description 0", "category": 10, "size": null, "tags": []}}, {"model": "menu.fooditem", "pk": 92, "fields": {"name": "Food item 1", "active": true, "price": "10.00", "description": "Test description 1", "category": 10, "size": null, "tags": []}}, {"model": "menu.fooditem", "pk": 93, "fields": {"name": "Food item 2", "active": true, "price": "10.00", "description": "Test description 2", "category": 10, "size": null, "tags": []}}, {"model": "menu.fooditem", "pk": 94, "fields": {"name": "Food item 3", "active": true, "price": "10.00", "description": "Test description 3", "category": 10, "size": null, "tags": []}}, {"model": "menu.fooditem", "pk": 95, "fields": {"name": "Food item 4", "active": true, "price": "10.00", "description": "Test description 4", "category": 10, "size": null, "tags": []}}, {"model": "menu.fooditem", "pk": 96, "fields": {"name": "Food item 5", "active": true, "price": "10.00", "description": "Test description 5", "category": 10, "size": null, "tags": []}}, {"model": "menu.fooditem", "pk": 97, "fields": {"name": "Drink 1", "active": true, "price": "10.00", "description": "Test description 1", "category": 10, "size": "LARGE", "tags": []}}, {"model": "menu.fooditem", "pk": 98, "fields": {"name": "Drink 2", "active": true, "price": "10.00", "description": "Test description 2", "category": 10, "size": "LARGE", "tags": []}}, {"model": "menu.fooditem", "pk": 99, "fields": {"name": "Drink 3", "active": true, "price": "10.00", "description": "Test description 3", "category": 10, "size": "LARGE", "tags": []}}, {"model": "menu.fooditem", "pk": 100, "fields": {"name": "Drink 4", "active": true, "price": "10.00", "description": "Test description 4", "category": 10, "size": "LARGE", "tags": []}}, {"model": "menu.discount", "pk": 1, "fields": {"name": "0%", "amount": 0, "discount": "PERCENTAGE"}}, {"model": "menu.discount", "pk": 2, "fields": {"name": "10%", "amount": 10, "discount": "PERCENTAGE"}}, {"model": "menu.discount", "pk": 3, "fields": {"name": "20%", "amount": 20, "discount": "PERCENTAGE"}}, {"model": "menu.discount", "pk": 4, "fields": {"name": "30%", "amount": 30, "discount": "PERCENTAGE"}}, {"model": "menu.discount", "pk": 5, "fields": {"name": "40%", "amount": 40, "discount": "PERCENTAGE"}}, {"model": "menu.creditcard", "pk": 1, "fields": {"number": 1234123412341230, "expiry_month": 0, "expiry_year": 0, "cvs": 120}}, {"model": "menu.creditcard", "pk": 2, "fields": {"number": 1234123412341231, "expiry_month": 1, "expiry_year": 1, "cvs": 121}}, {"model": "menu.creditcard", "pk": 3, "fields": {"number": 1234123412341232, "expiry_month": 2, "expiry_year": 2, "cvs": 122}}, {"model": "menu.creditcard", "pk": 4, "fields": {"number": 1234123412341233, "expiry_month": 3, "expiry_year": 3, "cvs": 123}}, {"model": "menu.creditcard", "pk": 5, "fields": {"number": 1234123412341234, "expiry_month": 4, "expiry_year": 4, "cvs": 124}}, {"model": "menu.transactionfooditem", "pk": 1, "fields": {"food_item": 1, "transaction": 1, "discount": 1, "description": null, "extras": []}}, {"model": "menu.transactionfooditem", "pk": 2, "fields": {"food_item": 2, "transaction": 1, "discount": 1, "description": null, "extras": []}}, {"model": "menu.transactionfooditem", "pk": 3, "fields": {"food_item": 3, "transaction": 1, "discount": 1, "description": null, "extras": []}}, {"model": "menu.transactionfooditem", "pk": 4, "fields": {"food_item": 4, "transaction": 1, "discount": 1, "description": null, "extras": []}}, {"model": "menu.transactionfooditem", "pk": 5, "fields": {"food_item": 5, "transaction": 1, "discount": 1, "description": null, "extras": []}}, {"model": "menu.transactionfooditem", "pk": 6, "fields": {"food_item": 6, "transaction": 2, "discount": 2, "description": null, "extras": []}}, {"model": "menu.transactionfooditem", "pk": 7, "fields": {"food_item": 7, "transaction": 2, "discount": 2, "description": null, "extras": []}}, {"model": "menu.transactionfooditem", "pk": 8, "fields": {"food_item": 8, "transaction": 2, "discount": 2, "description": null, "extras": []}}, {"model": "menu.transactionfooditem", "pk": 9, "fields": {"food_item": 9, "transaction": 2, "discount": 2, "description": null, "extras": []}}, {"model": "menu.transactionfooditem", "pk": 10, "fields": {"food_item": 10, "transaction": 2, "discount": 2, "description": null, "extras": []}}, {"model": "menu.transactionfooditem", "pk": 11, "fields": {"food_item": 11, "transaction": 3, "discount": 3, "description": null, "extras": []}}, {"model": "menu.transactionfooditem", "pk": 12, "fields": {"food_item": 12, "transaction": 3, "discount": 3, "description": null, "extras": []}}, {"model": "menu.transactionfooditem", "pk": 13, "fields": {"food_item": 13, "transaction": 3, "discount": 3, "description": null, "extras": []}}, {"model": "menu.transactionfooditem", "pk": 14, "fields": {"food_item": 14, "transaction": 3, "discount": 3, "description": null, "extras": []}}, {"model": "menu.transactionfooditem", "pk": 15, "fields": {"food_item": 15, "transaction": 3, "discount": 3, "description": null, "extras": []}}, {"model": "menu.transactionfooditem", "pk": 16, "fields": {"food_item": 16, "transaction": 4, "discount": 4, "description": null, "extras": []}}, {"model": "menu.transactionfooditem", "pk": 17, "fields": {"food_item": 17, "transaction": 4, "discount": 4, "description": null, "extras": []}}, {"model": "menu.transactionfooditem", "pk": 18, "fields": {"food_item": 18, "transaction": 4, "discount": 4, "description": null, "extras": []}}, {"model": "menu.transactionfooditem", "pk": 19, "fields": {"food_item": 19, "transaction": 4, "discount": 4, "description": null, "extras": []}}, {"model": "menu.transactionfooditem", "pk": 20, "fields": {"food_item": 20, "transaction": 4, "discount": 4, "description": null, "extras": []}}, {"model": "menu.transactionfooditem", "pk": 21, "fields": {"food_item": 21, "transaction": 5, "discount": 5, "description": null, "extras": []}}, {"model": "menu.transactionfooditem", "pk": 22, "fields": {"food_item": 22, "transaction": 5, "discount": 5, "description": null, "extras": []}}, {"model": "menu.transactionfooditem", "pk": 23, "fields": {"food_item": 23, "transaction": 5, "discount": 5, "description": null, "extras": []}}, {"model": "menu.transactionfooditem", "pk": 24, "fields": {"food_item": 24, "transaction": 5, "discount": 5, "description": null, "extras": []}}, {"model": "menu.transactionfooditem", "pk": 25, "fields": {"food_item": 25, "transaction": 5, "discount": 5, "description": null, "extras": []}}, {"model": "auth.permission", "pk": 1, "fields": {"name": "Can add log entry", "content_type": 1, "codename": "add_logentry"}}, {"model": "auth.permission", "pk": 2, "fields": {"name": "Can change log entry", "content_type": 1, "codename": "change_logentry"}}, {"model": "auth.permission", "pk": 3, "fields": {"name": "Can delete log entry", "content_type": 1, "codename": "delete_logentry"}}, {"model": "auth.permission", "pk": 4, "fields": {"name": "Can view log entry", "content_type": 1, "codename": "view_logentry"}}, {"model": "auth.permission", "pk": 5, "fields": {"name": "Can add permission", "content_type": 2, "codename": "add_permission"}}, {"model": "auth.permission", "pk": 6, "fields": {"name": "Can change permission", "content_type": 2, "codename": "change_permission"}}, {"model": "auth.permission", "pk": 7, "fields": {"name": "Can delete permission", "content_type": 2, "codename": "delete_permission"}}, {"model": "auth.permission", "pk": 8, "fields": {"name": "Can view permission", "content_type": 2, "codename": "view_permission"}}, {"model": "auth.permission", "pk": 9, "fields": {"name": "Can add group", "content_type": 3, "codename": "add_group"}}, {"model": "auth.permission", "pk": 10, "fields": {"name": "Can change group", "content_type": 3, "codename": "change_group"}}, {"model": "auth.permission", "pk": 11, "fields": {"name": "Can delete group", "content_type": 3, "codename": "delete_group"}}, {"model": "auth.permission", "pk": 12, "fields": {"name": "Can view group", "content_type": 3, "codename": "view_group"}}, {"model": "auth.permission", "pk": 13, "fields": {"name": "Can add content type", "content_type": 4, "codename": "add_contenttype"}}, {"model": "auth.permission", "pk": 14, "fields": {"name": "Can change content type", "content_type": 4, "codename": "change_contenttype"}}, {"model": "auth.permission", "pk": 15, "fields": {"name": "Can delete content type", "content_type": 4, "codename": "delete_contenttype"}}, {"model": "auth.permission", "pk": 16, "fields": {"name": "Can view content type", "content_type": 4, "codename": "view_contenttype"}}, {"model": "auth.permission", "pk": 17, "fields": {"name": "Can add session", "content_type": 5, "codename": "add_session"}}, {"model": "auth.permission", "pk": 18, "fields": {"name": "Can change session", "content_type": 5, "codename": "change_session"}}, {"model": "auth.permission", "pk": 19, "fields": {"name": "Can delete session", "content_type": 5, "codename": "delete_session"}}, {"model": "auth.permission", "pk": 20, "fields": {"name": "Can view session", "content_type": 5, "codename": "view_session"}}, {"model": "auth.permission", "pk": 21, "fields": {"name": "Can add site", "content_type": 6, "codename": "add_site"}}, {"model": "auth.permission", "pk": 22, "fields": {"name": "Can change site", "content_type": 6, "codename": "change_site"}}, {"model": "auth.permission", "pk": 23, "fields": {"name": "Can delete site", "content_type": 6, "codename": "delete_site"}}, {"model": "auth.permission", "pk": 24, "fields": {"name": "Can view site", "content_type": 6, "codename": "view_site"}}, {"model": "auth.permission", "pk": 25, "fields": {"name": "Can add Token", "content_type": 7, "codename": "add_token"}}, {"model": "auth.permission", "pk": 26, "fields": {"name": "Can change Token", "content_type": 7, "codename": "change_token"}}, {"model": "auth.permission", "pk": 27, "fields": {"name": "Can delete Token", "content_type": 7, "codename": "delete_token"}}, {"model": "auth.permission", "pk": 28, "fields": {"name": "Can view Token", "content_type": 7, "codename": "view_token"}}, {"model": "auth.permission", "pk": 29, "fields": {"name": "Can add email address", "content_type": 8, "codename": "add_emailaddress"}}, {"model": "auth.permission", "pk": 30, "fields": {"name": "Can change email address", "content_type": 8, "codename": "change_emailaddress"}}, {"model": "auth.permission", "pk": 31, "fields": {"name": "Can delete email address", "content_type": 8, "codename": "delete_emailaddress"}}, {"model": "auth.permission", "pk": 32, "fields": {"name": "Can view email address", "content_type": 8, "codename": "view_emailaddress"}}, {"model": "auth.permission", "pk": 33, "fields": {"name": "Can add email confirmation", "content_type": 9, "codename": "add_emailconfirmation"}}, {"model": "auth.permission", "pk": 34, "fields": {"name": "Can change email confirmation", "content_type": 9, "codename": "change_emailconfirmation"}}, {"model": "auth.permission", "pk": 35, "fields": {"name": "Can delete email confirmation", "content_type": 9, "codename": "delete_emailconfirmation"}}, {"model": "auth.permission", "pk": 36, "fields": {"name": "Can view email confirmation", "content_type": 9, "codename": "view_emailconfirmation"}}, {"model": "auth.permission", "pk": 37, "fields": {"name": "Can add social account", "content_type": 10, "codename": "add_socialaccount"}}, {"model": "auth.permission", "pk": 38, "fields": {"name": "Can change social account", "content_type": 10, "codename": "change_socialaccount"}}, {"model": "auth.permission", "pk": 39, "fields": {"name": "Can delete social account", "content_type": 10, "codename": "delete_socialaccount"}}, {"model": "auth.permission", "pk": 40, "fields": {"name": "Can view social account", "content_type": 10, "codename": "view_socialaccount"}}, {"model": "auth.permission", "pk": 41, "fields": {"name": "Can add social application", "content_type": 11, "codename": "add_socialapp"}}, {"model": "auth.permission", "pk": 42, "fields": {"name": "Can change social application", "content_type": 11, "codename": "change_socialapp"}}, {"model": "auth.permission", "pk": 43, "fields": {"name": "Can delete social application", "content_type": 11, "codename": "delete_socialapp"}}, {"model": "auth.permission", "pk": 44, "fields": {"name": "Can view social application", "content_type": 11, "codename": "view_socialapp"}}, {"model": "auth.permission", "pk": 45, "fields": {"name": "Can add social application token", "content_type": 12, "codename": "add_socialtoken"}}, {"model": "auth.permission", "pk": 46, "fields": {"name": "Can change social application token", "content_type": 12, "codename": "change_socialtoken"}}, {"model": "auth.permission", "pk": 47, "fields": {"name": "Can delete social application token", "content_type": 12, "codename": "delete_socialtoken"}}, {"model": "auth.permission", "pk": 48, "fields": {"name": "Can view social application token", "content_type": 12, "codename": "view_socialtoken"}}, {"model": "auth.permission", "pk": 49, "fields": {"name": "Can add user", "content_type": 13, "codename": "add_customuser"}}, {"model": "auth.permission", "pk": 50, "fields": {"name": "Can change user", "content_type": 13, "codename": "change_customuser"}}, {"model": "auth.permission", "pk": 51, "fields": {"name": "Can delete user", "content_type": 13, "codename": "delete_customuser"}}, {"model": "auth.permission", "pk": 52, "fields": {"name": "Can view user", "content_type": 13, "codename": "view_customuser"}}, {"model": "auth.permission", "pk": 53, "fields": {"name": "Can add category", "content_type": 14, "codename": "add_category"}}, {"model": "auth.permission", "pk": 54, "fields": {"name": "Can change category", "content_type": 14, "codename": "change_category"}}, {"model": "auth.permission", "pk": 55, "fields": {"name": "Can delete category", "content_type": 14, "codename": "delete_category"}}, {"model": "auth.permission", "pk": 56, "fields": {"name": "Can view category", "content_type": 14, "codename": "view_category"}}, {"model": "auth.permission", "pk": 57, "fields": {"name": "Can add credit card", "content_type": 15, "codename": "add_creditcard"}}, {"model": "auth.permission", "pk": 58, "fields": {"name": "Can change credit card", "content_type": 15, "codename": "change_creditcard"}}, {"model": "auth.permission", "pk": 59, "fields": {"name": "Can delete credit card", "content_type": 15, "codename": "delete_creditcard"}}, {"model": "auth.permission", "pk": 60, "fields": {"name": "Can view credit card", "content_type": 15, "codename": "view_creditcard"}}, {"model": "auth.permission", "pk": 61, "fields": {"name": "Can add discount", "content_type": 16, "codename": "add_discount"}}, {"model": "auth.permission", "pk": 62, "fields": {"name": "Can change discount", "content_type": 16, "codename": "change_discount"}}, {"model": "auth.permission", "pk": 63, "fields": {"name": "Can delete discount", "content_type": 16, "codename": "delete_discount"}}, {"model": "auth.permission", "pk": 64, "fields": {"name": "Can view discount", "content_type": 16, "codename": "view_discount"}}, {"model": "auth.permission", "pk": 65, "fields": {"name": "Can add extra", "content_type": 17, "codename": "add_extra"}}, {"model": "auth.permission", "pk": 66, "fields": {"name": "Can change extra", "content_type": 17, "codename": "change_extra"}}, {"model": "auth.permission", "pk": 67, "fields": {"name": "Can delete extra", "content_type": 17, "codename": "delete_extra"}}, {"model": "auth.permission", "pk": 68, "fields": {"name": "Can view extra", "content_type": 17, "codename": "view_extra"}}, {"model": "auth.permission", "pk": 69, "fields": {"name": "Can add food item", "content_type": 18, "codename": "add_fooditem"}}, {"model": "auth.permission", "pk": 70, "fields": {"name": "Can change food item", "content_type": 18, "codename": "change_fooditem"}}, {"model": "auth.permission", "pk": 71, "fields": {"name": "Can delete food item", "content_type": 18, "codename": "delete_fooditem"}}, {"model": "auth.permission", "pk": 72, "fields": {"name": "Can view food item", "content_type": 18, "codename": "view_fooditem"}}, {"model": "auth.permission", "pk": 73, "fields": {"name": "Can add menu", "content_type": 19, "codename": "add_menu"}}, {"model": "auth.permission", "pk": 74, "fields": {"name": "Can change menu", "content_type": 19, "codename": "change_menu"}}, {"model": "auth.permission", "pk": 75, "fields": {"name": "Can delete menu", "content_type": 19, "codename": "delete_menu"}}, {"model": "auth.permission", "pk": 76, "fields": {"name": "Can view menu", "content_type": 19, "codename": "view_menu"}}, {"model": "auth.permission", "pk": 77, "fields": {"name": "Can add tag", "content_type": 20, "codename": "add_tag"}}, {"model": "auth.permission", "pk": 78, "fields": {"name": "Can change tag", "content_type": 20, "codename": "change_tag"}}, {"model": "auth.permission", "pk": 79, "fields": {"name": "Can delete tag", "content_type": 20, "codename": "delete_tag"}}, {"model": "auth.permission", "pk": 80, "fields": {"name": "Can view tag", "content_type": 20, "codename": "view_tag"}}, {"model": "auth.permission", "pk": 81, "fields": {"name": "Can add transaction", "content_type": 21, "codename": "add_transaction"}}, {"model": "auth.permission", "pk": 82, "fields": {"name": "Can change transaction", "content_type": 21, "codename": "change_transaction"}}, {"model": "auth.permission", "pk": 83, "fields": {"name": "Can delete transaction", "content_type": 21, "codename": "delete_transaction"}}, {"model": "auth.permission", "pk": 84, "fields": {"name": "Can view transaction", "content_type": 21, "codename": "view_transaction"}}, {"model": "auth.permission", "pk": 85, "fields": {"name": "Can add transaction food item", "content_type": 22, "codename": "add_transactionfooditem"}}, {"model": "auth.permission", "pk": 86, "fields": {"name": "Can change transaction food item", "content_type": 22, "codename": "change_transactionfooditem"}}, {"model": "auth.permission", "pk": 87, "fields": {"name": "Can delete transaction food item", "content_type": 22, "codename": "delete_transactionfooditem"}}, {"model": "auth.permission", "pk": 88, "fields": {"name": "Can view transaction food item", "content_type": 22, "codename": "view_transactionfooditem"}}, {"model": "auth.permission", "pk": 89, "fields": {"name": "Can add assistance", "content_type": 23, "codename": "add_assistance"}}, {"model": "auth.permission", "pk": 90, "fields": {"name": "Can change assistance", "content_type": 23, "codename": "change_assistance"}}, {"model": "auth.permission", "pk": 91, "fields": {"name": "Can delete assistance", "content_type": 23, "codename": "delete_assistance"}}, {"model": "auth.permission", "pk": 92, "fields": {"name": "Can view assistance", "content_type": 23, "codename": "view_assistance"}}, {"model": "accounts.customuser", "pk": 1, "fields": {"password": "pbkdf2_sha256$180000$ljeaJTaA4XVq$hWNQfQjUWAb2qbxn/b+Aa2fhxWcIj5TKaiVnXAL+rKs=", "last_login": null, "is_superuser": true, "username": "admin", "email": "", "is_staff": true, "is_active": true, "date_joined": "2020-04-09T07:16:34.583Z", "first_name": "", "last_name": "", "active": true, "user_type": "MANAGER", "groups": [], "user_permissions": []}}, {"model": "accounts.customuser", "pk": 2, "fields": {"password": "pbkdf2_sha256$180000$EofHFQXyeREO$Ycvt3w75obSCSpkKrX0xumqjXrmYk19U3YIVQpQD+Xw=", "last_login": null, "is_superuser": true, "username": "Manager1", "email": "", "is_staff": true, "is_active": true, "date_joined": "2020-04-09T07:16:34.709Z", "first_name": "Manager1", "last_name": "M1", "active": true, "user_type": "MANAGER", "groups": [], "user_permissions": []}}, {"model": "accounts.customuser", "pk": 3, "fields": {"password": "pbkdf2_sha256$180000$dhGrvskbFRt3$uzdEY9jjibpJmhy8HpNLCG21gzIgzWSin2rJ4lgxFqM=", "last_login": null, "is_superuser": true, "username": "Manager2", "email": "", "is_staff": true, "is_active": true, "date_joined": "2020-04-09T07:16:34.817Z", "first_name": "Manager2", "last_name": "M2", "active": true, "user_type": "MANAGER", "groups": [], "user_permissions": []}}, {"model": "accounts.customuser", "pk": 4, "fields": {"password": "pbkdf2_sha256$180000$XAsQR39e1M6W$XpNLElk0e16xkJPn3LTRto5rLeVYSYYNXfnVlT2YBqo=", "last_login": null, "is_superuser": true, "username": "Manager3", "email": "", "is_staff": true, "is_active": true, "date_joined": "2020-04-09T07:16:34.931Z", "first_name": "Manager3", "last_name": "M3", "active": true, "user_type": "MANAGER", "groups": [], "user_permissions": []}}, {"model": "accounts.customuser", "pk": 5, "fields": {"password": "pbkdf2_sha256$180000$WmVZsXYXjZUH$56H6lj1wwIhGr4G1f/DaFA+GUgKelk39w+JmAsPRoTU=", "last_login": null, "is_superuser": true, "username": "Manager4", "email": "", "is_staff": true, "is_active": true, "date_joined": "2020-04-09T07:16:35.043Z", "first_name": "Manager4", "last_name": "M4", "active": true, "user_type": "MANAGER", "groups": [], "user_permissions": []}}, {"model": "accounts.customuser", "pk": 6, "fields": {"password": "pbkdf2_sha256$180000$UrxVTg7E3oCD$pJh4lcjPHf8seXLSUF5xvPWX8OHaP8DfwELLyOJN9yY=", "last_login": null, "is_superuser": false, "username": "Customer0", "email": "", "is_staff": false, "is_active": true, "date_joined": "2020-04-09T07:16:35.156Z", "first_name": "Customer0", "last_name": "C0", "active": true, "user_type": "CUSTOMER", "groups": [], "user_permissions": []}}, {"model": "accounts.customuser", "pk": 7, "fields": {"password": "pbkdf2_sha256$180000$189QBDkpwZ2L$wfoQVBRf2+QovMpkr/CAvtEkPlUnIOlYN5r8H8KSyOs=", "last_login": null, "is_superuser": false, "username": "Customer1", "email": "", "is_staff": false, "is_active": true, "date_joined": "2020-04-09T07:16:35.287Z", "first_name": "Customer1", "last_name": "C1", "active": true, "user_type": "CUSTOMER", "groups": [], "user_permissions": []}}, {"model": "accounts.customuser", "pk": 8, "fields": {"password": "pbkdf2_sha256$180000$fRvVu7jVJMFk$T1PfWjo9lrD3wm/L4ZMcDHoPqEScaQTVlvt8eQEtzAc=", "last_login": null, "is_superuser": false, "username": "Customer2", "email": "", "is_staff": false, "is_active": true, "date_joined": "2020-04-09T07:16:35.411Z", "first_name": "Customer2", "last_name": "C2", "active": true, "user_type": "CUSTOMER", "groups": [], "user_permissions": []}}, {"model": "accounts.customuser", "pk": 9, "fields": {"password": "pbkdf2_sha256$180000$sHtboDq46ixD$cdebpuFjrfoU1cKXzhunnLZIq3VWQBOkchQI+e5VI/A=", "last_login": null, "is_superuser": false, "username": "Customer3", "email": "", "is_staff": false, "is_active": true, "date_joined": "2020-04-09T07:16:35.561Z", "first_name": "Customer3", "last_name": "C3", "active": true, "user_type": "CUSTOMER", "groups": [], "user_permissions": []}}, {"model": "accounts.customuser", "pk": 10, "fields": {"password": "pbkdf2_sha256$180000$4t8lP3gzAfat$mVpwK97bU9RKYlGg630rim/92B5iocCbTZxQ6Q77kWE=", "last_login": null, "is_superuser": false, "username": "Customer4", "email": "", "is_staff": false, "is_active": true, "date_joined": "2020-04-09T07:16:35.676Z", "first_name": "Customer4", "last_name": "C4", "active": true, "user_type": "CUSTOMER", "groups": [], "user_permissions": []}}, {"model": "accounts.customuser", "pk": 11, "fields": {"password": "pbkdf2_sha256$180000$kHT4Feda2IEI$LOIFb6zipWXHnf6RkcV+7qphKnbTFqUkqD4V6bqp8Bs=", "last_login": null, "is_superuser": false, "username": "Kitchen0", "email": "", "is_staff": false, "is_active": true, "date_joined": "2020-04-09T07:16:35.782Z", "first_name": "Kitchen0", "last_name": "K0", "active": true, "user_type": "KITCHEN", "groups": [], "user_permissions": []}}, {"model": "accounts.customuser", "pk": 12, "fields": {"password": "pbkdf2_sha256$180000$ygQ5zYixncC2$6OO/ELo3+uuE9RUs0QjpM2uTQrBnjq72OG466VM/Qpw=", "last_login": null, "is_superuser": false, "username": "Kitchen1", "email": "", "is_staff": false, "is_active": true, "date_joined": "2020-04-09T07:16:35.898Z", "first_name": "Kitchen1", "last_name": "K1", "active": true, "user_type": "KITCHEN", "groups": [], "user_permissions": []}}, {"model": "accounts.customuser", "pk": 13, "fields": {"password": "pbkdf2_sha256$180000$0FHy9q9POb3a$zBp4CW0Oic1xGY5o5dlimg5n0s5gPgDyqd9cXqAd4gM=", "last_login": null, "is_superuser": false, "username": "Kitchen2", "email": "", "is_staff": false, "is_active": true, "date_joined": "2020-04-09T07:16:36.012Z", "first_name": "Kitchen2", "last_name": "K2", "active": true, "user_type": "KITCHEN", "groups": [], "user_permissions": []}}, {"model": "accounts.customuser", "pk": 14, "fields": {"password": "pbkdf2_sha256$180000$eGpu77Wgsf1Y$qSgwLyeAna9QqtsMS/z9aAr7bU1sqWWOkRbEldGI6Sk=", "last_login": null, "is_superuser": false, "username": "Kitchen3", "email": "", "is_staff": false, "is_active": true, "date_joined": "2020-04-09T07:16:36.112Z", "first_name": "Kitchen3", "last_name": "K3", "active": true, "user_type": "KITCHEN", "groups": [], "user_permissions": []}}, {"model": "accounts.customuser", "pk": 15, "fields": {"password": "pbkdf2_sha256$180000$9PnuPBSE7gmd$jbryqCjVPlXJTuvwmuSlberejWNRGRCZ9Rzdf2QmyC8=", "last_login": null, "is_superuser": false, "username": "Kitchen4", "email": "", "is_staff": false, "is_active": true, "date_joined": "2020-04-09T07:16:36.229Z", "first_name": "Kitchen4", "last_name": "K4", "active": true, "user_type": "KITCHEN", "groups": [], "user_permissions": []}}, {"model": "accounts.customuser", "pk": 16, "fields": {"password": "pbkdf2_sha256$180000$dE38lFUt7BQX$5Fe35duDD8z/4ekBK8DziedBQMYPxpx4HK5h4OAt8NM=", "last_login": null, "is_superuser": false, "username": "Waiter0", "email": "", "is_staff": false, "is_active": true, "date_joined": "2020-04-09T07:16:36.332Z", "first_name": "Waiter0", "last_name": "W0", "active": true, "user_type": "WAITER", "groups": [], "user_permissions": []}}, {"model": "accounts.customuser", "pk": 17, "fields": {"password": "pbkdf2_sha256$180000$pWMyzDxVtTjt$aPI++/g9mLHJZzAWqsIzawbV/qXuLMEDW/M2BX8WFYg=", "last_login": null, "is_superuser": false, "username": "Waiter1", "email": "", "is_staff": false, "is_active": true, "date_joined": "2020-04-09T07:16:36.442Z", "first_name": "Waiter1", "last_name": "W1", "active": true, "user_type": "WAITER", "groups": [], "user_permissions": []}}, {"model": "accounts.customuser", "pk": 18, "fields": {"password": "pbkdf2_sha256$180000$WXQcAAuMJrYx$dHrE3o7Rau6l3uKGlDZJXj3ZVnYRZye45emBPskmkrQ=", "last_login": null, "is_superuser": false, "username": "Waiter2", "email": "", "is_staff": false, "is_active": true, "date_joined": "2020-04-09T07:16:36.546Z", "first_name": "Waiter2", "last_name": "W2", "active": true, "user_type": "WAITER", "groups": [], "user_permissions": []}}, {"model": "accounts.customuser", "pk": 19, "fields": {"password": "pbkdf2_sha256$180000$bEmVxNNP0axJ$ZjSutAoEiHpHW6YRoCTqRKVjLE1E6ZGLxmGNs1/gf4s=", "last_login": null, "is_superuser": false, "username": "Waiter3", "email": "", "is_staff": false, "is_active": true, "date_joined": "2020-04-09T07:16:36.666Z", "first_name": "Waiter3", "last_name": "W3", "active": true, "user_type": "WAITER", "groups": [], "user_permissions": []}}, {"model": "accounts.customuser", "pk": 20, "fields": {"password": "pbkdf2_sha256$180000$HS5tyDjjPplb$VyAb3L4TsTJYPe5Vipo0TjcPwC4dRogcEYXnd9Los0Y=", "last_login": null, "is_superuser": false, "username": "Waiter4", "email": "", "is_staff": false, "is_active": true, "date_joined": "2020-04-09T07:16:36.791Z", "first_name": "Waiter4", "last_name": "W4", "active": true, "user_type": "WAITER", "groups": [], "user_permissions": []}}, {"model": "menu.transaction", "pk": 1, "fields": {"active": true, "date": "2020-04-09T07:16:37.016Z", "customer": 6, "credit_card": 1, "description": null}}, {"model": "menu.transaction", "pk": 2, "fields": {"active": true, "date": "2020-04-09T07:16:37.043Z", "customer": 7, "credit_card": 2, "description": null}}, {"model": "menu.transaction", "pk": 3, "fields": {"active": true, "date": "2020-04-09T07:16:37.064Z", "customer": 8, "credit_card": 3, "description": null}}, {"model": "menu.transaction", "pk": 4, "fields": {"active": true, "date": "2020-04-09T07:16:37.112Z", "customer": 9, "credit_card": 4, "description": null}}, {"model": "menu.transaction", "pk": 5, "fields": {"active": true, "date": "2020-04-09T07:16:37.153Z", "customer": 10, "credit_card": 5, "description": null}}]