[{"model": "contenttypes.contenttype", "pk": 1, "fields": {"app_label": "admin", "model": "logentry"}}, {"model": "contenttypes.contenttype", "pk": 2, "fields": {"app_label": "auth", "model": "permission"}}, {"model": "contenttypes.contenttype", "pk": 3, "fields": {"app_label": "auth", "model": "group"}}, {"model": "contenttypes.contenttype", "pk": 4, "fields": {"app_label": "contenttypes", "model": "contenttype"}}, {"model": "contenttypes.contenttype", "pk": 5, "fields": {"app_label": "sessions", "model": "session"}}, {"model": "contenttypes.contenttype", "pk": 6, "fields": {"app_label": "sites", "model": "site"}}, {"model": "contenttypes.contenttype", "pk": 7, "fields": {"app_label": "authtoken", "model": "token"}}, {"model": "contenttypes.contenttype", "pk": 8, "fields": {"app_label": "account", "model": "emailaddress"}}, {"model": "contenttypes.contenttype", "pk": 9, "fields": {"app_label": "account", "model": "emailconfirmation"}}, {"model": "contenttypes.contenttype", "pk": 10, "fields": {"app_label": "socialaccount", "model": "socialaccount"}}, {"model": "contenttypes.contenttype", "pk": 11, "fields": {"app_label": "socialaccount", "model": "socialapp"}}, {"model": "contenttypes.contenttype", "pk": 12, "fields": {"app_label": "socialaccount", "model": "socialtoken"}}, {"model": "contenttypes.contenttype", "pk": 13, "fields": {"app_label": "accounts", "model": "customuser"}}, {"model": "contenttypes.contenttype", "pk": 14, "fields": {"app_label": "menu", "model": "category"}}, {"model": "contenttypes.contenttype", "pk": 15, "fields": {"app_label": "menu", "model": "creditcard"}}, {"model": "contenttypes.contenttype", "pk": 16, "fields": {"app_label": "menu", "model": "discount"}}, {"model": "contenttypes.contenttype", "pk": 17, "fields": {"app_label": "menu", "model": "extra"}}, {"model": "contenttypes.contenttype", "pk": 18, "fields": {"app_label": "menu", "model": "fooditem"}}, {"model": "contenttypes.contenttype", "pk": 19, "fields": {"app_label": "menu", "model": "menu"}}, {"model": "contenttypes.contenttype", "pk": 20, "fields": {"app_label": "menu", "model": "tag"}}, {"model": "contenttypes.contenttype", "pk": 21, "fields": {"app_label": "menu", "model": "transaction"}}, {"model": "contenttypes.contenttype", "pk": 22, "fields": {"app_label": "menu", "model": "transactionfooditem"}}, {"model": "contenttypes.contenttype", "pk": 23, "fields": {"app_label": "menu", "model": "assistance"}}, {"model": "sites.site", "pk": 1, "fields": {"domain": "example.com", "name": "example.com"}}, {"model": "menu.menu", "pk": 1, "fields": {"name": "Cafe Menu", "active": true}}, {"model": "menu.category", "pk": 1, "fields": {"name": "Hot Drinks", "active": true, "menu": 1}}, {"model": "menu.category", "pk": 2, "fields": {"name": "Cold Drinks", "active": true, "menu": 1}}, {"model": "menu.category", "pk": 3, "fields": {"name": "Breakfast", "active": true, "menu": 1}}, {"model": "menu.category", "pk": 4, "fields": {"name": "Pastries", "active": true, "menu": 1}}, {"model": "menu.category", "pk": 5, "fields": {"name": "Sandwiches", "active": false, "menu": 1}}, {"model": "menu.category", "pk": 6, "fields": {"name": "Category 1", "active": true, "menu": 1}}, {"model": "menu.category", "pk": 7, "fields": {"name": "Category 2", "active": true, "menu": 1}}, {"model": "menu.category", "pk": 8, "fields": {"name": "Category 3", "active": true, "menu": 1}}, {"model": "menu.category", "pk": 9, "fields": {"name": "Category 4", "active": true, "menu": 1}}, {"model": "menu.category", "pk": 10, "fields": {"name": "Category 5", "active": true, "menu": 1}}, {"model": "menu.category", "pk": 11, "fields": {"name": "Category 6", "active": true, "menu": 1}}, {"model": "menu.category", "pk": 12, "fields": {"name": "Category 7", "active": true, "menu": 1}}, {"model": "menu.category", "pk": 13, "fields": {"name": "Category 8", "active": true, "menu": 1}}, {"model": "menu.category", "pk": 14, "fields": {"name": "Category 9", "active": true, "menu": 1}}, {"model": "menu.category", "pk": 15, "fields": {"name": "Category 10", "active": true, "menu": 1}}, {"model": "menu.extra", "pk": 1, "fields": {"name": "Skim Milk", "active": true, "price": "0.25", "category": 1}}, {"model": "menu.extra", "pk": 2, "fields": {"name": "Soy Milk", "active": true, "price": "0.50", "category": 1}}, {"model": "menu.extra", "pk": 3, "fields": {"name": "Almond Milk", "active": true, "price": "0.50", "category": 1}}, {"model": "menu.extra", "pk": 4, "fields": {"name": "Skim Milk", "active": true, "price": "0.25", "category": 2}}, {"model": "menu.extra", "pk": 5, "fields": {"name": "Soy Milk", "active": true, "price": "0.50", "category": 2}}, {"model": "menu.extra", "pk": 6, "fields": {"name": "Almond Milk", "active": true, "price": "0.50", "category": 2}}, {"model": "menu.extra", "pk": 7, "fields": {"name": "Dairy Free Icecream", "active": true, "price": "1.00", "category": 2}}, {"model": "menu.extra", "pk": 8, "fields": {"name": "Gluten free bread", "active": true, "price": "2.00", "category": 3}}, {"model": "menu.extra", "pk": 9, "fields": {"name": "Extra slice of toast", "active": true, "price": "1.00", "category": 3}}, {"model": "menu.extra", "pk": 10, "fields": {"name": "Extra egg", "active": true, "price": "2.00", "category": 3}}, {"model": "menu.extra", "pk": 11, "fields": {"name": "Hollandaise sauce", "active": true, "price": "2.00", "category": 3}}, {"model": "menu.extra", "pk": 12, "fields": {"name": "Haloumi", "active": true, "price": "3.00", "category": 3}}, {"model": "menu.extra", "pk": 13, "fields": {"name": "Bacon", "active": true, "price": "3.00", "category": 3}}, {"model": "menu.extra", "pk": 14, "fields": {"name": "Avo", "active": true, "price": "3.00", "category": 3}}, {"model": "menu.extra", "pk": 15, "fields": {"name": "Wilted spinnach", "active": false, "price": "3.00", "category": 3}}, {"model": "menu.extra", "pk": 16, "fields": {"name": "Grilled mushrooms", "active": false, "price": "3.00", "category": 3}}, {"model": "menu.extra", "pk": 17, "fields": {"name": "Gluten free bread", "active": true, "price": "2.00", "category": 5}}, {"model": "menu.extra", "pk": 18, "fields": {"name": "Extra avo", "active": true, "price": "3.00", "category": 5}}, {"model": "menu.extra", "pk": 19, "fields": {"name": "Extra haloumi", "active": true, "price": "3.00", "category": 5}}, {"model": "menu.extra", "pk": 20, "fields": {"name": "Extra bacon", "active": true, "price": "3.00", "category": 5}}, {"model": "menu.extra", "pk": 21, "fields": {"name": "Extra 1", "active": true, "price": "0.00", "category": 6}}, {"model": "menu.extra", "pk": 22, "fields": {"name": "Extra 2", "active": true, "price": "1.00", "category": 6}}, {"model": "menu.extra", "pk": 23, "fields": {"name": "Extra 3", "active": true, "price": "2.00", "category": 6}}, {"model": "menu.extra", "pk": 24, "fields": {"name": "Extra 4", "active": true, "price": "3.00", "category": 6}}, {"model": "menu.extra", "pk": 25, "fields": {"name": "Extra 5", "active": true, "price": "4.00", "category": 6}}, {"model": "menu.extra", "pk": 26, "fields": {"name": "Extra 6", "active": true, "price": "5.00", "category": 6}}, {"model": "menu.extra", "pk": 27, "fields": {"name": "Extra 7", "active": true, "price": "6.00", "category": 6}}, {"model": "menu.extra", "pk": 28, "fields": {"name": "Extra 8", "active": true, "price": "7.00", "category": 6}}, {"model": "menu.extra", "pk": 29, "fields": {"name": "Extra 9", "active": true, "price": "8.00", "category": 6}}, {"model": "menu.extra", "pk": 30, "fields": {"name": "Extra 10", "active": true, "price": "9.00", "category": 6}}, {"model": "menu.extra", "pk": 31, "fields": {"name": "Extra 1", "active": true, "price": "0.00", "category": 7}}, {"model": "menu.extra", "pk": 32, "fields": {"name": "Extra 2", "active": true, "price": "1.00", "category": 7}}, {"model": "menu.extra", "pk": 33, "fields": {"name": "Extra 3", "active": true, "price": "2.00", "category": 7}}, {"model": "menu.extra", "pk": 34, "fields": {"name": "Extra 4", "active": true, "price": "3.00", "category": 7}}, {"model": "menu.extra", "pk": 35, "fields": {"name": "Extra 5", "active": true, "price": "4.00", "category": 7}}, {"model": "menu.extra", "pk": 36, "fields": {"name": "Extra 6", "active": true, "price": "5.00", "category": 7}}, {"model": "menu.extra", "pk": 37, "fields": {"name": "Extra 7", "active": true, "price": "6.00", "category": 7}}, {"model": "menu.extra", "pk": 38, "fields": {"name": "Extra 8", "active": true, "price": "7.00", "category": 7}}, {"model": "menu.extra", "pk": 39, "fields": {"name": "Extra 9", "active": true, "price": "8.00", "category": 7}}, {"model": "menu.extra", "pk": 40, "fields": {"name": "Extra 10", "active": true, "price": "9.00", "category": 7}}, {"model": "menu.extra", "pk": 41, "fields": {"name": "Extra 1", "active": true, "price": "0.00", "category": 8}}, {"model": "menu.extra", "pk": 42, "fields": {"name": "Extra 2", "active": true, "price": "1.00", "category": 8}}, {"model": "menu.extra", "pk": 43, "fields": {"name": "Extra 3", "active": true, "price": "2.00", "category": 8}}, {"model": "menu.extra", "pk": 44, "fields": {"name": "Extra 4", "active": true, "price": "3.00", "category": 8}}, {"model": "menu.extra", "pk": 45, "fields": {"name": "Extra 5", "active": true, "price": "4.00", "category": 8}}, {"model": "menu.extra", "pk": 46, "fields": {"name": "Extra 6", "active": true, "price": "5.00", "category": 8}}, {"model": "menu.extra", "pk": 47, "fields": {"name": "Extra 7", "active": true, "price": "6.00", "category": 8}}, {"model": "menu.extra", "pk": 48, "fields": {"name": "Extra 8", "active": true, "price": "7.00", "category": 8}}, {"model": "menu.extra", "pk": 49, "fields": {"name": "Extra 9", "active": true, "price": "8.00", "category": 8}}, {"model": "menu.extra", "pk": 50, "fields": {"name": "Extra 10", "active": true, "price": "9.00", "category": 8}}, {"model": "menu.extra", "pk": 51, "fields": {"name": "Extra 1", "active": true, "price": "0.00", "category": 9}}, {"model": "menu.extra", "pk": 52, "fields": {"name": "Extra 2", "active": true, "price": "1.00", "category": 9}}, {"model": "menu.extra", "pk": 53, "fields": {"name": "Extra 3", "active": true, "price": "2.00", "category": 9}}, {"model": "menu.extra", "pk": 54, "fields": {"name": "Extra 4", "active": true, "price": "3.00", "category": 9}}, {"model": "menu.extra", "pk": 55, "fields": {"name": "Extra 5", "active": true, "price": "4.00", "category": 9}}, {"model": "menu.extra", "pk": 56, "fields": {"name": "Extra 6", "active": true, "price": "5.00", "category": 9}}, {"model": "menu.extra", "pk": 57, "fields": {"name": "Extra 7", "active": true, "price": "6.00", "category": 9}}, {"model": "menu.extra", "pk": 58, "fields": {"name": "Extra 8", "active": true, "price": "7.00", "category": 9}}, {"model": "menu.extra", "pk": 59, "fields": {"name": "Extra 9", "active": true, "price": "8.00", "category": 9}}, {"model": "menu.extra", "pk": 60, "fields": {"name": "Extra 10", "active": true, "price": "9.00", "category": 9}}, {"model": "menu.extra", "pk": 61, "fields": {"name": "Extra 1", "active": true, "price": "0.00", "category": 10}}, {"model": "menu.extra", "pk": 62, "fields": {"name": "Extra 2", "active": true, "price": "1.00", "category": 10}}, {"model": "menu.extra", "pk": 63, "fields": {"name": "Extra 3", "active": true, "price": "2.00", "category": 10}}, {"model": "menu.extra", "pk": 64, "fields": {"name": "Extra 4", "active": true, "price": "3.00", "category": 10}}, {"model": "menu.extra", "pk": 65, "fields": {"name": "Extra 5", "active": true, "price": "4.00", "category": 10}}, {"model": "menu.extra", "pk": 66, "fields": {"name": "Extra 6", "active": true, "price": "5.00", "category": 10}}, {"model": "menu.extra", "pk": 67, "fields": {"name": "Extra 7", "active": true, "price": "6.00", "category": 10}}, {"model": "menu.extra", "pk": 68, "fields": {"name": "Extra 8", "active": true, "price": "7.00", "category": 10}}, {"model": "menu.extra", "pk": 69, "fields": {"name": "Extra 9", "active": true, "price": "8.00", "category": 10}}, {"model": "menu.extra", "pk": 70, "fields": {"name": "Extra 10", "active": true, "price": "9.00", "category": 10}}, {"model": "menu.extra", "pk": 71, "fields": {"name": "Extra 1", "active": true, "price": "0.00", "category": 11}}, {"model": "menu.extra", "pk": 72, "fields": {"name": "Extra 2", "active": true, "price": "1.00", "category": 11}}, {"model": "menu.extra", "pk": 73, "fields": {"name": "Extra 3", "active": true, "price": "2.00", "category": 11}}, {"model": "menu.extra", "pk": 74, "fields": {"name": "Extra 4", "active": true, "price": "3.00", "category": 11}}, {"model": "menu.extra", "pk": 75, "fields": {"name": "Extra 5", "active": true, "price": "4.00", "category": 11}}, {"model": "menu.extra", "pk": 76, "fields": {"name": "Extra 6", "active": true, "price": "5.00", "category": 11}}, {"model": "menu.extra", "pk": 77, "fields": {"name": "Extra 7", "active": true, "price": "6.00", "category": 11}}, {"model": "menu.extra", "pk": 78, "fields": {"name": "Extra 8", "active": true, "price": "7.00", "category": 11}}, {"model": "menu.extra", "pk": 79, "fields": {"name": "Extra 9", "active": true, "price": "8.00", "category": 11}}, {"model": "menu.extra", "pk": 80, "fields": {"name": "Extra 10", "active": true, "price": "9.00", "category": 11}}, {"model": "menu.extra", "pk": 81, "fields": {"name": "Extra 1", "active": true, "price": "0.00", "category": 12}}, {"model": "menu.extra", "pk": 82, "fields": {"name": "Extra 2", "active": true, "price": "1.00", "category": 12}}, {"model": "menu.extra", "pk": 83, "fields": {"name": "Extra 3", "active": true, "price": "2.00", "category": 12}}, {"model": "menu.extra", "pk": 84, "fields": {"name": "Extra 4", "active": true, "price": "3.00", "category": 12}}, {"model": "menu.extra", "pk": 85, "fields": {"name": "Extra 5", "active": true, "price": "4.00", "category": 12}}, {"model": "menu.extra", "pk": 86, "fields": {"name": "Extra 6", "active": true, "price": "5.00", "category": 12}}, {"model": "menu.extra", "pk": 87, "fields": {"name": "Extra 7", "active": true, "price": "6.00", "category": 12}}, {"model": "menu.extra", "pk": 88, "fields": {"name": "Extra 8", "active": true, "price": "7.00", "category": 12}}, {"model": "menu.extra", "pk": 89, "fields": {"name": "Extra 9", "active": true, "price": "8.00", "category": 12}}, {"model": "menu.extra", "pk": 90, "fields": {"name": "Extra 10", "active": true, "price": "9.00", "category": 12}}, {"model": "menu.extra", "pk": 91, "fields": {"name": "Extra 1", "active": true, "price": "0.00", "category": 13}}, {"model": "menu.extra", "pk": 92, "fields": {"name": "Extra 2", "active": true, "price": "1.00", "category": 13}}, {"model": "menu.extra", "pk": 93, "fields": {"name": "Extra 3", "active": true, "price": "2.00", "category": 13}}, {"model": "menu.extra", "pk": 94, "fields": {"name": "Extra 4", "active": true, "price": "3.00", "category": 13}}, {"model": "menu.extra", "pk": 95, "fields": {"name": "Extra 5", "active": true, "price": "4.00", "category": 13}}, {"model": "menu.extra", "pk": 96, "fields": {"name": "Extra 6", "active": true, "price": "5.00", "category": 13}}, {"model": "menu.extra", "pk": 97, "fields": {"name": "Extra 7", "active": true, "price": "6.00", "category": 13}}, {"model": "menu.extra", "pk": 98, "fields": {"name": "Extra 8", "active": true, "price": "7.00", "category": 13}}, {"model": "menu.extra", "pk": 99, "fields": {"name": "Extra 9", "active": true, "price": "8.00", "category": 13}}, {"model": "menu.extra", "pk": 100, "fields": {"name": "Extra 10", "active": true, "price": "9.00", "category": 13}}, {"model": "menu.extra", "pk": 101, "fields": {"name": "Extra 1", "active": true, "price": "0.00", "category": 14}}, {"model": "menu.extra", "pk": 102, "fields": {"name": "Extra 2", "active": true, "price": "1.00", "category": 14}}, {"model": "menu.extra", "pk": 103, "fields": {"name": "Extra 3", "active": true, "price": "2.00", "category": 14}}, {"model": "menu.extra", "pk": 104, "fields": {"name": "Extra 4", "active": true, "price": "3.00", "category": 14}}, {"model": "menu.extra", "pk": 105, "fields": {"name": "Extra 5", "active": true, "price": "4.00", "category": 14}}, {"model": "menu.extra", "pk": 106, "fields": {"name": "Extra 6", "active": true, "price": "5.00", "category": 14}}, {"model": "menu.extra", "pk": 107, "fields": {"name": "Extra 7", "active": true, "price": "6.00", "category": 14}}, {"model": "menu.extra", "pk": 108, "fields": {"name": "Extra 8", "active": true, "price": "7.00", "category": 14}}, {"model": "menu.extra", "pk": 109, "fields": {"name": "Extra 9", "active": true, "price": "8.00", "category": 14}}, {"model": "menu.extra", "pk": 110, "fields": {"name": "Extra 10", "active": true, "price": "9.00", "category": 14}}, {"model": "menu.extra", "pk": 111, "fields": {"name": "Extra 1", "active": true, "price": "0.00", "category": 15}}, {"model": "menu.extra", "pk": 112, "fields": {"name": "Extra 2", "active": true, "price": "1.00", "category": 15}}, {"model": "menu.extra", "pk": 113, "fields": {"name": "Extra 3", "active": true, "price": "2.00", "category": 15}}, {"model": "menu.extra", "pk": 114, "fields": {"name": "Extra 4", "active": true, "price": "3.00", "category": 15}}, {"model": "menu.extra", "pk": 115, "fields": {"name": "Extra 5", "active": true, "price": "4.00", "category": 15}}, {"model": "menu.extra", "pk": 116, "fields": {"name": "Extra 6", "active": true, "price": "5.00", "category": 15}}, {"model": "menu.extra", "pk": 117, "fields": {"name": "Extra 7", "active": true, "price": "6.00", "category": 15}}, {"model": "menu.extra", "pk": 118, "fields": {"name": "Extra 8", "active": true, "price": "7.00", "category": 15}}, {"model": "menu.extra", "pk": 119, "fields": {"name": "Extra 9", "active": true, "price": "8.00", "category": 15}}, {"model": "menu.extra", "pk": 120, "fields": {"name": "Extra 10", "active": true, "price": "9.00", "category": 15}}, {"model": "menu.tag", "pk": 1, "fields": {"name": "Tag 1"}}, {"model": "menu.tag", "pk": 2, "fields": {"name": "Tag 2"}}, {"model": "menu.tag", "pk": 3, "fields": {"name": "Tag 3"}}, {"model": "menu.tag", "pk": 4, "fields": {"name": "Tag 4"}}, {"model": "menu.tag", "pk": 5, "fields": {"name": "Tag 5"}}, {"model": "menu.tag", "pk": 6, "fields": {"name": "Tag 6"}}, {"model": "menu.tag", "pk": 7, "fields": {"name": "Tag 7"}}, {"model": "menu.tag", "pk": 8, "fields": {"name": "Tag 8"}}, {"model": "menu.tag", "pk": 9, "fields": {"name": "Tag 9"}}, {"model": "menu.tag", "pk": 10, "fields": {"name": "Tag 10"}}, {"model": "menu.fooditem", "pk": 1, "fields": {"name": "Espresso", "active": true, "price": "3.00", "description": "", "category": 1, "size": "", "tags": []}}, {"model": "menu.fooditem", "pk": 2, "fields": {"name": "Latte", "active": true, "price": "3.50", "description": "", "category": 1, "size": "SMALL", "tags": []}}, {"model": "menu.fooditem", "pk": 3, "fields": {"name": "Latte", "active": true, "price": "4.00", "description": "", "category": 1, "size": "MEDIUM", "tags": []}}, {"model": "menu.fooditem", "pk": 4, "fields": {"name": "Latte", "active": true, "price": "4.50", "description": "", "category": 1, "size": "LARGE", "tags": []}}, {"model": "menu.fooditem", "pk": 5, "fields": {"name": "Cappuccino", "active": true, "price": "3.50", "description": "", "category": 1, "size": "SMALL", "tags": []}}, {"model": "menu.fooditem", "pk": 6, "fields": {"name": "Cappuccino", "active": true, "price": "4.00", "description": "", "category": 1, "size": "MEDIUM", "tags": []}}, {"model": "menu.fooditem", "pk": 7, "fields": {"name": "Cappuccino", "active": true, "price": "4.50", "description": "", "category": 1, "size": "LARGE", "tags": []}}, {"model": "menu.fooditem", "pk": 8, "fields": {"name": "Hot Chocolate", "active": true, "price": "3.50", "description": "", "category": 1, "size": "SMALL", "tags": []}}, {"model": "menu.fooditem", "pk": 9, "fields": {"name": "Hot Chocolate", "active": true, "price": "4.00", "description": "", "category": 1, "size": "MEDIUM", "tags": []}}, {"model": "menu.fooditem", "pk": 10, "fields": {"name": "Hot Chocolate", "active": true, "price": "4.50", "description": "", "category": 1, "size": "LARGE", "tags": []}}, {"model": "menu.fooditem", "pk": 11, "fields": {"name": "Mocha", "active": true, "price": "3.50", "description": "", "category": 1, "size": "SMALL", "tags": []}}, {"model": "menu.fooditem", "pk": 12, "fields": {"name": "Mocha", "active": true, "price": "4.00", "description": "", "category": 1, "size": "MEDIUM", "tags": []}}, {"model": "menu.fooditem", "pk": 13, "fields": {"name": "Mocha", "active": true, "price": "4.50", "description": "", "category": 1, "size": "LARGE", "tags": []}}, {"model": "menu.fooditem", "pk": 14, "fields": {"name": "Chai Latte", "active": true, "price": "4.20", "description": "", "category": 1, "size": "", "tags": []}}, {"model": "menu.fooditem", "pk": 15, "fields": {"name": "Iced Coffee", "active": true, "price": "7.00", "description": "With icecream", "category": 2, "size": "", "tags": []}}, {"model": "menu.fooditem", "pk": 16, "fields": {"name": "Iced Chocolate", "active": true, "price": "7.00", "description": "With icecream", "category": 2, "size": "", "tags": []}}, {"model": "menu.fooditem", "pk": 17, "fields": {"name": "Chocolate Milkshake", "active": true, "price": "5.00", "description": "", "category": 2, "size": "SMALL", "tags": []}}, {"model": "menu.fooditem", "pk": 18, "fields": {"name": "Chocolate Milkshake", "active": true, "price": "6.00", "description": "", "category": 2, "size": "MEDIUM", "tags": []}}, {"model": "menu.fooditem", "pk": 19, "fields": {"name": "Chocolate Milkshake", "active": true, "price": "7.00", "description": "", "category": 2, "size": "LARGE", "tags": []}}, {"model": "menu.fooditem", "pk": 20, "fields": {"name": "Vanilla Milkshake", "active": false, "price": "5.00", "description": "", "category": 2, "size": "SMALL", "tags": []}}, {"model": "menu.fooditem", "pk": 21, "fields": {"name": "Vanilla Milkshake", "active": false, "price": "6.00", "description": "", "category": 2, "size": "MEDIUM", "tags": []}}, {"model": "menu.fooditem", "pk": 22, "fields": {"name": "Vanilla Milkshake", "active": false, "price": "7.00", "description": "", "category": 2, "size": "LARGE", "tags": []}}, {"model": "menu.fooditem", "pk": 23, "fields": {"name": "Strawberry Milkshake", "active": true, "price": "5.00", "description": "", "category": 2, "size": "SMALL", "tags": []}}, {"model": "menu.fooditem", "pk": 24, "fields": {"name": "Strawberry Milkshake", "active": true, "price": "6.00", "description": "", "category": 2, "size": "MEDIUM", "tags": []}}, {"model": "menu.fooditem", "pk": 25, "fields": {"name": "Strawberry Milkshake", "active": true, "price": "7.00", "description": "", "category": 2, "size": "LARGE", "tags": []}}, {"model": "menu.fooditem", "pk": 26, "fields": {"name": "Banana Smoothie", "active": true, "price": "8.00", "description": "Banana, honey, coconut yoghurt & coconut milk", "category": 2, "size": "", "tags": []}}, {"model": "menu.fooditem", "pk": 27, "fields": {"name": "Toast", "active": true, "price": "6.50", "description": "Sourdough toast with with Vegemite and butter", "category": 3, "size": "", "tags": []}}, {"model": "menu.fooditem", "pk": 28, "fields": {"name": "Pancakes", "active": true, "price": "11.60", "description": "Buttermilk pancakes with maple syrup, banana and strawberries", "category": 3, "size": "", "tags": []}}, {"model": "menu.fooditem", "pk": 29, "fields": {"name": "Scrambled Eggs", "active": true, "price": "7.50", "description": "With sourdough toast", "category": 3, "size": "", "tags": []}}, {"model": "menu.fooditem", "pk": 30, "fields": {"name": "Poached eggs", "active": false, "price": "7.50", "description": "With sourdough toast", "category": 3, "size": "", "tags": []}}, {"model": "menu.fooditem", "pk": 31, "fields": {"name": "Breakfast Sandwich", "active": true, "price": "12.00", "description": "Lettuce, bacon, avo, fried egg and hollandaise sauce on a brioche bun", "category": 3, "size": "", "tags": []}}, {"model": "menu.fooditem", "pk": 32, "fields": {"name": "Granola Bowl", "active": true, "price": "14.50", "description": "Housemade almond, honey & berry granola with seasonal fresh fruit and blackberry coconut yoghurt", "category": 3, "size": "", "tags": []}}, {"model": "menu.fooditem", "pk": 33, "fields": {"name": "Fresh Fruit Salad", "active": true, "price": "9.00", "description": "Seasonal fresh fruit served with a blackberry coconut yoghurt", "category": 3, "size": "", "tags": []}}, {"model": "menu.fooditem", "pk": 34, "fields": {"name": "BLT", "active": true, "price": "10.00", "description": "Bacon, lettuce & tomato on sourdough bread", "category": 5, "size": "", "tags": []}}, {"model": "menu.fooditem", "pk": 35, "fields": {"name": "Haloumi Wrap", "active": true, "price": "11.00", "description": "Grilled haloumi with roast vegetables and tahini yoghurt in a spinnach wrap", "category": 5, "size": "", "tags": []}}, {"model": "menu.fooditem", "pk": 36, "fields": {"name": "Tuna Sandwich", "active": true, "price": "11.00", "description": "Tuna and dill mayo sandwich with pickled cabbage & rocket", "category": 5, "size": "", "tags": []}}, {"model": "menu.fooditem", "pk": 37, "fields": {"name": "Chilli Chicken Sandwich", "active": true, "price": "12.00", "description": "Poached chicken, chilli mayo, tomato and rocket on sourdough", "category": 5, "size": "", "tags": []}}, {"model": "menu.fooditem", "pk": 38, "fields": {"name": "Food item 1", "active": true, "price": "10.00", "description": "Test description 1", "category": 6, "size": null, "tags": []}}, {"model": "menu.fooditem", "pk": 39, "fields": {"name": "Food item 2", "active": true, "price": "10.00", "description": "Test description 2", "category": 6, "size": null, "tags": []}}, {"model": "menu.fooditem", "pk": 40, "fields": {"name": "Food item 3", "active": true, "price": "10.00", "description": "Test description 3", "category": 6, "size": null, "tags": []}}, {"model": "menu.fooditem", "pk": 41, "fields": {"name": "Food item 4", "active": true, "price": "10.00", "description": "Test description 4", "category": 6, "size": null, "tags": []}}, {"model": "menu.fooditem", "pk": 42, "fields": {"name": "Food item 5", "active": true, "price": "10.00", "description": "Test description 5", "category": 6, "size": null, "tags": []}}, {"model": "menu.fooditem", "pk": 43, "fields": {"name": "Food item 6", "active": true, "price": "10.00", "description": "Test description 6", "category": 6, "size": null, "tags": []}}, {"model": "menu.fooditem", "pk": 44, "fields": {"name": "Drink 2", "active": true, "price": "10.00", "description": "Test description 1", "category": 6, "size": "LARGE", "tags": []}}, {"model": "menu.fooditem", "pk": 45, "fields": {"name": "Drink 3", "active": true, "price": "10.00", "description": "Test description 2", "category": 6, "size": "LARGE", "tags": []}}, {"model": "menu.fooditem", "pk": 46, "fields": {"name": "Drink 4", "active": true, "price": "10.00", "description": "Test description 3", "category": 6, "size": "LARGE", "tags": []}}, {"model": "menu.fooditem", "pk": 47, "fields": {"name": "Drink 5", "active": true, "price": "10.00", "description": "Test description 4", "category": 6, "size": "LARGE", "tags": []}}, {"model": "menu.fooditem", "pk": 48, "fields": {"name": "Food item 1", "active": true, "price": "10.00", "description": "Test description 1", "category": 7, "size": null, "tags": []}}, {"model": "menu.fooditem", "pk": 49, "fields": {"name": "Food item 2", "active": true, "price": "10.00", "description": "Test description 2", "category": 7, "size": null, "tags": []}}, {"model": "menu.fooditem", "pk": 50, "fields": {"name": "Food item 3", "active": true, "price": "10.00", "description": "Test description 3", "category": 7, "size": null, "tags": []}}, {"model": "menu.fooditem", "pk": 51, "fields": {"name": "Food item 4", "active": true, "price": "10.00", "description": "Test description 4", "category": 7, "size": null, "tags": []}}, {"model": "menu.fooditem", "pk": 52, "fields": {"name": "Food item 5", "active": true, "price": "10.00", "description": "Test description 5", "category": 7, "size": null, "tags": []}}, {"model": "menu.fooditem", "pk": 53, "fields": {"name": "Food item 6", "active": true, "price": "10.00", "description": "Test description 6", "category": 7, "size": null, "tags": []}}, {"model": "menu.fooditem", "pk": 54, "fields": {"name": "Drink 2", "active": true, "price": "10.00", "description": "Test description 1", "category": 7, "size": "LARGE", "tags": []}}, {"model": "menu.fooditem", "pk": 55, "fields": {"name": "Drink 3", "active": true, "price": "10.00", "description": "Test description 2", "category": 7, "size": "LARGE", "tags": []}}, {"model": "menu.fooditem", "pk": 56, "fields": {"name": "Drink 4", "active": true, "price": "10.00", "description": "Test description 3", "category": 7, "size": "LARGE", "tags": []}}, {"model": "menu.fooditem", "pk": 57, "fields": {"name": "Drink 5", "active": true, "price": "10.00", "description": "Test description 4", "category": 7, "size": "LARGE", "tags": []}}, {"model": "menu.fooditem", "pk": 58, "fields": {"name": "Food item 1", "active": true, "price": "10.00", "description": "Test description 1", "category": 8, "size": null, "tags": []}}, {"model": "menu.fooditem", "pk": 59, "fields": {"name": "Food item 2", "active": true, "price": "10.00", "description": "Test description 2", "category": 8, "size": null, "tags": []}}, {"model": "menu.fooditem", "pk": 60, "fields": {"name": "Food item 3", "active": true, "price": "10.00", "description": "Test description 3", "category": 8, "size": null, "tags": []}}, {"model": "menu.fooditem", "pk": 61, "fields": {"name": "Food item 4", "active": true, "price": "10.00", "description": "Test description 4", "category": 8, "size": null, "tags": []}}, {"model": "menu.fooditem", "pk": 62, "fields": {"name": "Food item 5", "active": true, "price": "10.00", "description": "Test description 5", "category": 8, "size": null, "tags": []}}, {"model": "menu.fooditem", "pk": 63, "fields": {"name": "Food item 6", "active": true, "price": "10.00", "description": "Test description 6", "category": 8, "size": null, "tags": []}}, {"model": "menu.fooditem", "pk": 64, "fields": {"name": "Drink 2", "active": true, "price": "10.00", "description": "Test description 1", "category": 8, "size": "LARGE", "tags": []}}, {"model": "menu.fooditem", "pk": 65, "fields": {"name": "Drink 3", "active": true, "price": "10.00", "description": "Test description 2", "category": 8, "size": "LARGE", "tags": []}}, {"model": "menu.fooditem", "pk": 66, "fields": {"name": "Drink 4", "active": true, "price": "10.00", "description": "Test description 3", "category": 8, "size": "LARGE", "tags": []}}, {"model": "menu.fooditem", "pk": 67, "fields": {"name": "Drink 5", "active": true, "price": "10.00", "description": "Test description 4", "category": 8, "size": "LARGE", "tags": []}}, {"model": "menu.fooditem", "pk": 68, "fields": {"name": "Food item 1", "active": true, "price": "10.00", "description": "Test description 1", "category": 9, "size": null, "tags": []}}, {"model": "menu.fooditem", "pk": 69, "fields": {"name": "Food item 2", "active": true, "price": "10.00", "description": "Test description 2", "category": 9, "size": null, "tags": []}}, {"model": "menu.fooditem", "pk": 70, "fields": {"name": "Food item 3", "active": true, "price": "10.00", "description": "Test description 3", "category": 9, "size": null, "tags": []}}, {"model": "menu.fooditem", "pk": 71, "fields": {"name": "Food item 4", "active": true, "price": "10.00", "description": "Test description 4", "category": 9, "size": null, "tags": []}}, {"model": "menu.fooditem", "pk": 72, "fields": {"name": "Food item 5", "active": true, "price": "10.00", "description": "Test description 5", "category": 9, "size": null, "tags": []}}, {"model": "menu.fooditem", "pk": 73, "fields": {"name": "Food item 6", "active": true, "price": "10.00", "description": "Test description 6", "category": 9, "size": null, "tags": []}}, {"model": "menu.fooditem", "pk": 74, "fields": {"name": "Drink 2", "active": true, "price": "10.00", "description": "Test description 1", "category": 9, "size": "LARGE", "tags": []}}, {"model": "menu.fooditem", "pk": 75, "fields": {"name": "Drink 3", "active": true, "price": "10.00", "description": "Test description 2", "category": 9, "size": "LARGE", "tags": []}}, {"model": "menu.fooditem", "pk": 76, "fields": {"name": "Drink 4", "active": true, "price": "10.00", "description": "Test description 3", "category": 9, "size": "LARGE", "tags": []}}, {"model": "menu.fooditem", "pk": 77, "fields": {"name": "Drink 5", "active": true, "price": "10.00", "description": "Test description 4", "category": 9, "size": "LARGE", "tags": []}}, {"model": "menu.fooditem", "pk": 78, "fields": {"name": "Food item 1", "active": true, "price": "10.00", "description": "Test description 1", "category": 10, "size": null, "tags": []}}, {"model": "menu.fooditem", "pk": 79, "fields": {"name": "Food item 2", "active": true, "price": "10.00", "description": "Test description 2", "category": 10, "size": null, "tags": []}}, {"model": "menu.fooditem", "pk": 80, "fields": {"name": "Food item 3", "active": true, "price": "10.00", "description": "Test description 3", "category": 10, "size": null, "tags": []}}, {"model": "menu.fooditem", "pk": 81, "fields": {"name": "Food item 4", "active": true, "price": "10.00", "description": "Test description 4", "category": 10, "size": null, "tags": []}}, {"model": "menu.fooditem", "pk": 82, "fields": {"name": "Food item 5", "active": true, "price": "10.00", "description": "Test description 5", "category": 10, "size": null, "tags": []}}, {"model": "menu.fooditem", "pk": 83, "fields": {"name": "Food item 6", "active": true, "price": "10.00", "description": "Test description 6", "category": 10, "size": null, "tags": []}}, {"model": "menu.fooditem", "pk": 84, "fields": {"name": "Drink 2", "active": true, "price": "10.00", "description": "Test description 1", "category": 10, "size": "LARGE", "tags": []}}, {"model": "menu.fooditem", "pk": 85, "fields": {"name": "Drink 3", "active": true, "price": "10.00", "description": "Test description 2", "category": 10, "size": "LARGE", "tags": []}}, {"model": "menu.fooditem", "pk": 86, "fields": {"name": "Drink 4", "active": true, "price": "10.00", "description": "Test description 3", "category": 10, "size": "LARGE", "tags": []}}, {"model": "menu.fooditem", "pk": 87, "fields": {"name": "Drink 5", "active": true, "price": "10.00", "description": "Test description 4", "category": 10, "size": "LARGE", "tags": []}}, {"model": "menu.fooditem", "pk": 88, "fields": {"name": "Food item 1", "active": true, "price": "10.00", "description": "Test description 1", "category": 11, "size": null, "tags": []}}, {"model": "menu.fooditem", "pk": 89, "fields": {"name": "Food item 2", "active": true, "price": "10.00", "description": "Test description 2", "category": 11, "size": null, "tags": []}}, {"model": "menu.fooditem", "pk": 90, "fields": {"name": "Food item 3", "active": true, "price": "10.00", "description": "Test description 3", "category": 11, "size": null, "tags": []}}, {"model": "menu.fooditem", "pk": 91, "fields": {"name": "Food item 4", "active": true, "price": "10.00", "description": "Test description 4", "category": 11, "size": null, "tags": []}}, {"model": "menu.fooditem", "pk": 92, "fields": {"name": "Food item 5", "active": true, "price": "10.00", "description": "Test description 5", "category": 11, "size": null, "tags": []}}, {"model": "menu.fooditem", "pk": 93, "fields": {"name": "Food item 6", "active": true, "price": "10.00", "description": "Test description 6", "category": 11, "size": null, "tags": []}}, {"model": "menu.fooditem", "pk": 94, "fields": {"name": "Drink 2", "active": true, "price": "10.00", "description": "Test description 1", "category": 11, "size": "LARGE", "tags": []}}, {"model": "menu.fooditem", "pk": 95, "fields": {"name": "Drink 3", "active": true, "price": "10.00", "description": "Test description 2", "category": 11, "size": "LARGE", "tags": []}}, {"model": "menu.fooditem", "pk": 96, "fields": {"name": "Drink 4", "active": true, "price": "10.00", "description": "Test description 3", "category": 11, "size": "LARGE", "tags": []}}, {"model": "menu.fooditem", "pk": 97, "fields": {"name": "Drink 5", "active": true, "price": "10.00", "description": "Test description 4", "category": 11, "size": "LARGE", "tags": []}}, {"model": "menu.fooditem", "pk": 98, "fields": {"name": "Food item 1", "active": true, "price": "10.00", "description": "Test description 1", "category": 12, "size": null, "tags": []}}, {"model": "menu.fooditem", "pk": 99, "fields": {"name": "Food item 2", "active": true, "price": "10.00", "description": "Test description 2", "category": 12, "size": null, "tags": []}}, {"model": "menu.fooditem", "pk": 100, "fields": {"name": "Food item 3", "active": true, "price": "10.00", "description": "Test description 3", "category": 12, "size": null, "tags": []}}, {"model": "menu.fooditem", "pk": 101, "fields": {"name": "Food item 4", "active": true, "price": "10.00", "description": "Test description 4", "category": 12, "size": null, "tags": []}}, {"model": "menu.fooditem", "pk": 102, "fields": {"name": "Food item 5", "active": true, "price": "10.00", "description": "Test description 5", "category": 12, "size": null, "tags": []}}, {"model": "menu.fooditem", "pk": 103, "fields": {"name": "Food item 6", "active": true, "price": "10.00", "description": "Test description 6", "category": 12, "size": null, "tags": []}}, {"model": "menu.fooditem", "pk": 104, "fields": {"name": "Drink 2", "active": true, "price": "10.00", "description": "Test description 1", "category": 12, "size": "LARGE", "tags": []}}, {"model": "menu.fooditem", "pk": 105, "fields": {"name": "Drink 3", "active": true, "price": "10.00", "description": "Test description 2", "category": 12, "size": "LARGE", "tags": []}}, {"model": "menu.fooditem", "pk": 106, "fields": {"name": "Drink 4", "active": true, "price": "10.00", "description": "Test description 3", "category": 12, "size": "LARGE", "tags": []}}, {"model": "menu.fooditem", "pk": 107, "fields": {"name": "Drink 5", "active": true, "price": "10.00", "description": "Test description 4", "category": 12, "size": "LARGE", "tags": []}}, {"model": "menu.fooditem", "pk": 108, "fields": {"name": "Food item 1", "active": true, "price": "10.00", "description": "Test description 1", "category": 13, "size": null, "tags": []}}, {"model": "menu.fooditem", "pk": 109, "fields": {"name": "Food item 2", "active": true, "price": "10.00", "description": "Test description 2", "category": 13, "size": null, "tags": []}}, {"model": "menu.fooditem", "pk": 110, "fields": {"name": "Food item 3", "active": true, "price": "10.00", "description": "Test description 3", "category": 13, "size": null, "tags": []}}, {"model": "menu.fooditem", "pk": 111, "fields": {"name": "Food item 4", "active": true, "price": "10.00", "description": "Test description 4", "category": 13, "size": null, "tags": []}}, {"model": "menu.fooditem", "pk": 112, "fields": {"name": "Food item 5", "active": true, "price": "10.00", "description": "Test description 5", "category": 13, "size": null, "tags": []}}, {"model": "menu.fooditem", "pk": 113, "fields": {"name": "Food item 6", "active": true, "price": "10.00", "description": "Test description 6", "category": 13, "size": null, "tags": []}}, {"model": "menu.fooditem", "pk": 114, "fields": {"name": "Drink 2", "active": true, "price": "10.00", "description": "Test description 1", "category": 13, "size": "LARGE", "tags": []}}, {"model": "menu.fooditem", "pk": 115, "fields": {"name": "Drink 3", "active": true, "price": "10.00", "description": "Test description 2", "category": 13, "size": "LARGE", "tags": []}}, {"model": "menu.fooditem", "pk": 116, "fields": {"name": "Drink 4", "active": true, "price": "10.00", "description": "Test description 3", "category": 13, "size": "LARGE", "tags": []}}, {"model": "menu.fooditem", "pk": 117, "fields": {"name": "Drink 5", "active": true, "price": "10.00", "description": "Test description 4", "category": 13, "size": "LARGE", "tags": []}}, {"model": "menu.fooditem", "pk": 118, "fields": {"name": "Food item 1", "active": true, "price": "10.00", "description": "Test description 1", "category": 14, "size": null, "tags": []}}, {"model": "menu.fooditem", "pk": 119, "fields": {"name": "Food item 2", "active": true, "price": "10.00", "description": "Test description 2", "category": 14, "size": null, "tags": []}}, {"model": "menu.fooditem", "pk": 120, "fields": {"name": "Food item 3", "active": true, "price": "10.00", "description": "Test description 3", "category": 14, "size": null, "tags": []}}, {"model": "menu.fooditem", "pk": 121, "fields": {"name": "Food item 4", "active": true, "price": "10.00", "description": "Test description 4", "category": 14, "size": null, "tags": []}}, {"model": "menu.fooditem", "pk": 122, "fields": {"name": "Food item 5", "active": true, "price": "10.00", "description": "Test description 5", "category": 14, "size": null, "tags": []}}, {"model": "menu.fooditem", "pk": 123, "fields": {"name": "Food item 6", "active": true, "price": "10.00", "description": "Test description 6", "category": 14, "size": null, "tags": []}}, {"model": "menu.fooditem", "pk": 124, "fields": {"name": "Drink 2", "active": true, "price": "10.00", "description": "Test description 1", "category": 14, "size": "LARGE", "tags": []}}, {"model": "menu.fooditem", "pk": 125, "fields": {"name": "Drink 3", "active": true, "price": "10.00", "description": "Test description 2", "category": 14, "size": "LARGE", "tags": []}}, {"model": "menu.fooditem", "pk": 126, "fields": {"name": "Drink 4", "active": true, "price": "10.00", "description": "Test description 3", "category": 14, "size": "LARGE", "tags": []}}, {"model": "menu.fooditem", "pk": 127, "fields": {"name": "Drink 5", "active": true, "price": "10.00", "description": "Test description 4", "category": 14, "size": "LARGE", "tags": []}}, {"model": "menu.fooditem", "pk": 128, "fields": {"name": "Food item 1", "active": true, "price": "10.00", "description": "Test description 1", "category": 15, "size": null, "tags": []}}, {"model": "menu.fooditem", "pk": 129, "fields": {"name": "Food item 2", "active": true, "price": "10.00", "description": "Test description 2", "category": 15, "size": null, "tags": []}}, {"model": "menu.fooditem", "pk": 130, "fields": {"name": "Food item 3", "active": true, "price": "10.00", "description": "Test description 3", "category": 15, "size": null, "tags": []}}, {"model": "menu.fooditem", "pk": 131, "fields": {"name": "Food item 4", "active": true, "price": "10.00", "description": "Test description 4", "category": 15, "size": null, "tags": []}}, {"model": "menu.fooditem", "pk": 132, "fields": {"name": "Food item 5", "active": true, "price": "10.00", "description": "Test description 5", "category": 15, "size": null, "tags": []}}, {"model": "menu.fooditem", "pk": 133, "fields": {"name": "Food item 6", "active": true, "price": "10.00", "description": "Test description 6", "category": 15, "size": null, "tags": []}}, {"model": "menu.fooditem", "pk": 134, "fields": {"name": "Drink 2", "active": true, "price": "10.00", "description": "Test description 1", "category": 15, "size": "LARGE", "tags": []}}, {"model": "menu.fooditem", "pk": 135, "fields": {"name": "Drink 3", "active": true, "price": "10.00", "description": "Test description 2", "category": 15, "size": "LARGE", "tags": []}}, {"model": "menu.fooditem", "pk": 136, "fields": {"name": "Drink 4", "active": true, "price": "10.00", "description": "Test description 3", "category": 15, "size": "LARGE", "tags": []}}, {"model": "menu.fooditem", "pk": 137, "fields": {"name": "Drink 5", "active": true, "price": "10.00", "description": "Test description 4", "category": 15, "size": "LARGE", "tags": []}}, {"model": "menu.discount", "pk": 1, "fields": {"name": "0%", "amount": 0, "type": "PERCENTAGE"}}, {"model": "menu.discount", "pk": 2, "fields": {"name": "10%", "amount": 10, "type": "PERCENTAGE"}}, {"model": "menu.discount", "pk": 3, "fields": {"name": "20%", "amount": 20, "type": "PERCENTAGE"}}, {"model": "menu.discount", "pk": 4, "fields": {"name": "30%", "amount": 30, "type": "PERCENTAGE"}}, {"model": "menu.discount", "pk": 5, "fields": {"name": "40%", "amount": 40, "type": "PERCENTAGE"}}, {"model": "menu.creditcard", "pk": 1, "fields": {"number": 1234123412341231, "expiry_month": 1, "expiry_year": 1, "cvv": 121}}, {"model": "menu.creditcard", "pk": 2, "fields": {"number": 1234123412341232, "expiry_month": 2, "expiry_year": 2, "cvv": 122}}, {"model": "menu.creditcard", "pk": 3, "fields": {"number": 1234123412341233, "expiry_month": 3, "expiry_year": 3, "cvv": 123}}, {"model": "menu.creditcard", "pk": 4, "fields": {"number": 1234123412341234, "expiry_month": 4, "expiry_year": 4, "cvv": 124}}, {"model": "menu.creditcard", "pk": 5, "fields": {"number": 1234123412341235, "expiry_month": 5, "expiry_year": 5, "cvv": 125}}, {"model": "menu.transactionfooditem", "pk": 1, "fields": {"food_item": 1, "transaction": 1, "discount": 1, "price": null, "request": null, "extras": [6]}}, {"model": "menu.transactionfooditem", "pk": 2, "fields": {"food_item": 2, "transaction": 1, "discount": 1, "price": null, "request": null, "extras": [6]}}, {"model": "menu.transactionfooditem", "pk": 3, "fields": {"food_item": 3, "transaction": 1, "discount": 1, "price": null, "request": null, "extras": [6]}}, {"model": "menu.transactionfooditem", "pk": 4, "fields": {"food_item": 4, "transaction": 1, "discount": 1, "price": null, "request": null, "extras": [6]}}, {"model": "menu.transactionfooditem", "pk": 5, "fields": {"food_item": 5, "transaction": 1, "discount": 1, "price": null, "request": null, "extras": [6]}}, {"model": "menu.transactionfooditem", "pk": 6, "fields": {"food_item": 6, "transaction": 2, "discount": 2, "price": null, "request": null, "extras": [6]}}, {"model": "menu.transactionfooditem", "pk": 7, "fields": {"food_item": 7, "transaction": 2, "discount": 2, "price": null, "request": null, "extras": [6]}}, {"model": "menu.transactionfooditem", "pk": 8, "fields": {"food_item": 8, "transaction": 2, "discount": 2, "price": null, "request": null, "extras": [6]}}, {"model": "menu.transactionfooditem", "pk": 9, "fields": {"food_item": 9, "transaction": 2, "discount": 2, "price": null, "request": null, "extras": [6]}}, {"model": "menu.transactionfooditem", "pk": 10, "fields": {"food_item": 10, "transaction": 2, "discount": 2, "price": null, "request": null, "extras": [6]}}, {"model": "menu.transactionfooditem", "pk": 11, "fields": {"food_item": 11, "transaction": 3, "discount": 3, "price": null, "request": null, "extras": [6]}}, {"model": "menu.transactionfooditem", "pk": 12, "fields": {"food_item": 12, "transaction": 3, "discount": 3, "price": null, "request": null, "extras": [6]}}, {"model": "menu.transactionfooditem", "pk": 13, "fields": {"food_item": 13, "transaction": 3, "discount": 3, "price": null, "request": null, "extras": [6]}}, {"model": "menu.transactionfooditem", "pk": 14, "fields": {"food_item": 14, "transaction": 3, "discount": 3, "price": null, "request": null, "extras": [6]}}, {"model": "menu.transactionfooditem", "pk": 15, "fields": {"food_item": 15, "transaction": 3, "discount": 3, "price": null, "request": null, "extras": [6]}}, {"model": "menu.transactionfooditem", "pk": 16, "fields": {"food_item": 16, "transaction": 4, "discount": 4, "price": null, "request": null, "extras": [6]}}, {"model": "menu.transactionfooditem", "pk": 17, "fields": {"food_item": 17, "transaction": 4, "discount": 4, "price": null, "request": null, "extras": [6]}}, {"model": "menu.transactionfooditem", "pk": 18, "fields": {"food_item": 18, "transaction": 4, "discount": 4, "price": null, "request": null, "extras": [6]}}, {"model": "menu.transactionfooditem", "pk": 19, "fields": {"food_item": 19, "transaction": 4, "discount": 4, "price": null, "request": null, "extras": [6]}}, {"model": "menu.transactionfooditem", "pk": 20, "fields": {"food_item": 20, "transaction": 4, "discount": 4, "price": null, "request": null, "extras": [6]}}, {"model": "menu.transactionfooditem", "pk": 21, "fields": {"food_item": 21, "transaction": 5, "discount": 5, "price": null, "request": null, "extras": [6]}}, {"model": "menu.transactionfooditem", "pk": 22, "fields": {"food_item": 22, "transaction": 5, "discount": 5, "price": null, "request": null, "extras": [6]}}, {"model": "menu.transactionfooditem", "pk": 23, "fields": {"food_item": 23, "transaction": 5, "discount": 5, "price": null, "request": null, "extras": [6]}}, {"model": "menu.transactionfooditem", "pk": 24, "fields": {"food_item": 24, "transaction": 5, "discount": 5, "price": null, "request": null, "extras": [6]}}, {"model": "menu.transactionfooditem", "pk": 25, "fields": {"food_item": 25, "transaction": 5, "discount": 5, "price": null, "request": null, "extras": [6]}}, {"model": "auth.permission", "pk": 1, "fields": {"name": "Can add log entry", "content_type": 1, "codename": "add_logentry"}}, {"model": "auth.permission", "pk": 2, "fields": {"name": "Can change log entry", "content_type": 1, "codename": "change_logentry"}}, {"model": "auth.permission", "pk": 3, "fields": {"name": "Can delete log entry", "content_type": 1, "codename": "delete_logentry"}}, {"model": "auth.permission", "pk": 4, "fields": {"name": "Can view log entry", "content_type": 1, "codename": "view_logentry"}}, {"model": "auth.permission", "pk": 5, "fields": {"name": "Can add permission", "content_type": 2, "codename": "add_permission"}}, {"model": "auth.permission", "pk": 6, "fields": {"name": "Can change permission", "content_type": 2, "codename": "change_permission"}}, {"model": "auth.permission", "pk": 7, "fields": {"name": "Can delete permission", "content_type": 2, "codename": "delete_permission"}}, {"model": "auth.permission", "pk": 8, "fields": {"name": "Can view permission", "content_type": 2, "codename": "view_permission"}}, {"model": "auth.permission", "pk": 9, "fields": {"name": "Can add group", "content_type": 3, "codename": "add_group"}}, {"model": "auth.permission", "pk": 10, "fields": {"name": "Can change group", "content_type": 3, "codename": "change_group"}}, {"model": "auth.permission", "pk": 11, "fields": {"name": "Can delete group", "content_type": 3, "codename": "delete_group"}}, {"model": "auth.permission", "pk": 12, "fields": {"name": "Can view group", "content_type": 3, "codename": "view_group"}}, {"model": "auth.permission", "pk": 13, "fields": {"name": "Can add content type", "content_type": 4, "codename": "add_contenttype"}}, {"model": "auth.permission", "pk": 14, "fields": {"name": "Can change content type", "content_type": 4, "codename": "change_contenttype"}}, {"model": "auth.permission", "pk": 15, "fields": {"name": "Can delete content type", "content_type": 4, "codename": "delete_contenttype"}}, {"model": "auth.permission", "pk": 16, "fields": {"name": "Can view content type", "content_type": 4, "codename": "view_contenttype"}}, {"model": "auth.permission", "pk": 17, "fields": {"name": "Can add session", "content_type": 5, "codename": "add_session"}}, {"model": "auth.permission", "pk": 18, "fields": {"name": "Can change session", "content_type": 5, "codename": "change_session"}}, {"model": "auth.permission", "pk": 19, "fields": {"name": "Can delete session", "content_type": 5, "codename": "delete_session"}}, {"model": "auth.permission", "pk": 20, "fields": {"name": "Can view session", "content_type": 5, "codename": "view_session"}}, {"model": "auth.permission", "pk": 21, "fields": {"name": "Can add site", "content_type": 6, "codename": "add_site"}}, {"model": "auth.permission", "pk": 22, "fields": {"name": "Can change site", "content_type": 6, "codename": "change_site"}}, {"model": "auth.permission", "pk": 23, "fields": {"name": "Can delete site", "content_type": 6, "codename": "delete_site"}}, {"model": "auth.permission", "pk": 24, "fields": {"name": "Can view site", "content_type": 6, "codename": "view_site"}}, {"model": "auth.permission", "pk": 25, "fields": {"name": "Can add Token", "content_type": 7, "codename": "add_token"}}, {"model": "auth.permission", "pk": 26, "fields": {"name": "Can change Token", "content_type": 7, "codename": "change_token"}}, {"model": "auth.permission", "pk": 27, "fields": {"name": "Can delete Token", "content_type": 7, "codename": "delete_token"}}, {"model": "auth.permission", "pk": 28, "fields": {"name": "Can view Token", "content_type": 7, "codename": "view_token"}}, {"model": "auth.permission", "pk": 29, "fields": {"name": "Can add email address", "content_type": 8, "codename": "add_emailaddress"}}, {"model": "auth.permission", "pk": 30, "fields": {"name": "Can change email address", "content_type": 8, "codename": "change_emailaddress"}}, {"model": "auth.permission", "pk": 31, "fields": {"name": "Can delete email address", "content_type": 8, "codename": "delete_emailaddress"}}, {"model": "auth.permission", "pk": 32, "fields": {"name": "Can view email address", "content_type": 8, "codename": "view_emailaddress"}}, {"model": "auth.permission", "pk": 33, "fields": {"name": "Can add email confirmation", "content_type": 9, "codename": "add_emailconfirmation"}}, {"model": "auth.permission", "pk": 34, "fields": {"name": "Can change email confirmation", "content_type": 9, "codename": "change_emailconfirmation"}}, {"model": "auth.permission", "pk": 35, "fields": {"name": "Can delete email confirmation", "content_type": 9, "codename": "delete_emailconfirmation"}}, {"model": "auth.permission", "pk": 36, "fields": {"name": "Can view email confirmation", "content_type": 9, "codename": "view_emailconfirmation"}}, {"model": "auth.permission", "pk": 37, "fields": {"name": "Can add social account", "content_type": 10, "codename": "add_socialaccount"}}, {"model": "auth.permission", "pk": 38, "fields": {"name": "Can change social account", "content_type": 10, "codename": "change_socialaccount"}}, {"model": "auth.permission", "pk": 39, "fields": {"name": "Can delete social account", "content_type": 10, "codename": "delete_socialaccount"}}, {"model": "auth.permission", "pk": 40, "fields": {"name": "Can view social account", "content_type": 10, "codename": "view_socialaccount"}}, {"model": "auth.permission", "pk": 41, "fields": {"name": "Can add social application", "content_type": 11, "codename": "add_socialapp"}}, {"model": "auth.permission", "pk": 42, "fields": {"name": "Can change social application", "content_type": 11, "codename": "change_socialapp"}}, {"model": "auth.permission", "pk": 43, "fields": {"name": "Can delete social application", "content_type": 11, "codename": "delete_socialapp"}}, {"model": "auth.permission", "pk": 44, "fields": {"name": "Can view social application", "content_type": 11, "codename": "view_socialapp"}}, {"model": "auth.permission", "pk": 45, "fields": {"name": "Can add social application token", "content_type": 12, "codename": "add_socialtoken"}}, {"model": "auth.permission", "pk": 46, "fields": {"name": "Can change social application token", "content_type": 12, "codename": "change_socialtoken"}}, {"model": "auth.permission", "pk": 47, "fields": {"name": "Can delete social application token", "content_type": 12, "codename": "delete_socialtoken"}}, {"model": "auth.permission", "pk": 48, "fields": {"name": "Can view social application token", "content_type": 12, "codename": "view_socialtoken"}}, {"model": "auth.permission", "pk": 49, "fields": {"name": "Can add user", "content_type": 13, "codename": "add_customuser"}}, {"model": "auth.permission", "pk": 50, "fields": {"name": "Can change user", "content_type": 13, "codename": "change_customuser"}}, {"model": "auth.permission", "pk": 51, "fields": {"name": "Can delete user", "content_type": 13, "codename": "delete_customuser"}}, {"model": "auth.permission", "pk": 52, "fields": {"name": "Can view user", "content_type": 13, "codename": "view_customuser"}}, {"model": "auth.permission", "pk": 53, "fields": {"name": "Can add category", "content_type": 14, "codename": "add_category"}}, {"model": "auth.permission", "pk": 54, "fields": {"name": "Can change category", "content_type": 14, "codename": "change_category"}}, {"model": "auth.permission", "pk": 55, "fields": {"name": "Can delete category", "content_type": 14, "codename": "delete_category"}}, {"model": "auth.permission", "pk": 56, "fields": {"name": "Can view category", "content_type": 14, "codename": "view_category"}}, {"model": "auth.permission", "pk": 57, "fields": {"name": "Can add credit card", "content_type": 15, "codename": "add_creditcard"}}, {"model": "auth.permission", "pk": 58, "fields": {"name": "Can change credit card", "content_type": 15, "codename": "change_creditcard"}}, {"model": "auth.permission", "pk": 59, "fields": {"name": "Can delete credit card", "content_type": 15, "codename": "delete_creditcard"}}, {"model": "auth.permission", "pk": 60, "fields": {"name": "Can view credit card", "content_type": 15, "codename": "view_creditcard"}}, {"model": "auth.permission", "pk": 61, "fields": {"name": "Can add discount", "content_type": 16, "codename": "add_discount"}}, {"model": "auth.permission", "pk": 62, "fields": {"name": "Can change discount", "content_type": 16, "codename": "change_discount"}}, {"model": "auth.permission", "pk": 63, "fields": {"name": "Can delete discount", "content_type": 16, "codename": "delete_discount"}}, {"model": "auth.permission", "pk": 64, "fields": {"name": "Can view discount", "content_type": 16, "codename": "view_discount"}}, {"model": "auth.permission", "pk": 65, "fields": {"name": "Can add extra", "content_type": 17, "codename": "add_extra"}}, {"model": "auth.permission", "pk": 66, "fields": {"name": "Can change extra", "content_type": 17, "codename": "change_extra"}}, {"model": "auth.permission", "pk": 67, "fields": {"name": "Can delete extra", "content_type": 17, "codename": "delete_extra"}}, {"model": "auth.permission", "pk": 68, "fields": {"name": "Can view extra", "content_type": 17, "codename": "view_extra"}}, {"model": "auth.permission", "pk": 69, "fields": {"name": "Can add food item", "content_type": 18, "codename": "add_fooditem"}}, {"model": "auth.permission", "pk": 70, "fields": {"name": "Can change food item", "content_type": 18, "codename": "change_fooditem"}}, {"model": "auth.permission", "pk": 71, "fields": {"name": "Can delete food item", "content_type": 18, "codename": "delete_fooditem"}}, {"model": "auth.permission", "pk": 72, "fields": {"name": "Can view food item", "content_type": 18, "codename": "view_fooditem"}}, {"model": "auth.permission", "pk": 73, "fields": {"name": "Can add menu", "content_type": 19, "codename": "add_menu"}}, {"model": "auth.permission", "pk": 74, "fields": {"name": "Can change menu", "content_type": 19, "codename": "change_menu"}}, {"model": "auth.permission", "pk": 75, "fields": {"name": "Can delete menu", "content_type": 19, "codename": "delete_menu"}}, {"model": "auth.permission", "pk": 76, "fields": {"name": "Can view menu", "content_type": 19, "codename": "view_menu"}}, {"model": "auth.permission", "pk": 77, "fields": {"name": "Can add tag", "content_type": 20, "codename": "add_tag"}}, {"model": "auth.permission", "pk": 78, "fields": {"name": "Can change tag", "content_type": 20, "codename": "change_tag"}}, {"model": "auth.permission", "pk": 79, "fields": {"name": "Can delete tag", "content_type": 20, "codename": "delete_tag"}}, {"model": "auth.permission", "pk": 80, "fields": {"name": "Can view tag", "content_type": 20, "codename": "view_tag"}}, {"model": "auth.permission", "pk": 81, "fields": {"name": "Can add transaction", "content_type": 21, "codename": "add_transaction"}}, {"model": "auth.permission", "pk": 82, "fields": {"name": "Can change transaction", "content_type": 21, "codename": "change_transaction"}}, {"model": "auth.permission", "pk": 83, "fields": {"name": "Can delete transaction", "content_type": 21, "codename": "delete_transaction"}}, {"model": "auth.permission", "pk": 84, "fields": {"name": "Can view transaction", "content_type": 21, "codename": "view_transaction"}}, {"model": "auth.permission", "pk": 85, "fields": {"name": "Can add transaction food item", "content_type": 22, "codename": "add_transactionfooditem"}}, {"model": "auth.permission", "pk": 86, "fields": {"name": "Can change transaction food item", "content_type": 22, "codename": "change_transactionfooditem"}}, {"model": "auth.permission", "pk": 87, "fields": {"name": "Can delete transaction food item", "content_type": 22, "codename": "delete_transactionfooditem"}}, {"model": "auth.permission", "pk": 88, "fields": {"name": "Can view transaction food item", "content_type": 22, "codename": "view_transactionfooditem"}}, {"model": "auth.permission", "pk": 89, "fields": {"name": "Can add assistance", "content_type": 23, "codename": "add_assistance"}}, {"model": "auth.permission", "pk": 90, "fields": {"name": "Can change assistance", "content_type": 23, "codename": "change_assistance"}}, {"model": "auth.permission", "pk": 91, "fields": {"name": "Can delete assistance", "content_type": 23, "codename": "delete_assistance"}}, {"model": "auth.permission", "pk": 92, "fields": {"name": "Can view assistance", "content_type": 23, "codename": "view_assistance"}}, {"model": "accounts.customuser", "pk": 1, "fields": {"password": "pbkdf2_sha256$180000$uZTnkDIy3JWs$zS8XSpe1av6FN0AGxRtmzVOPfS0W1CDxmyvhW3iTf1M=", "last_login": null, "is_superuser": true, "username": "admin", "email": "", "is_staff": true, "is_active": true, "date_joined": "2020-04-23T07:19:03.168Z", "first_name": "ADMIN", "last_name": "ACCOUNT", "active": true, "user_type": "MANAGER", "groups": [], "user_permissions": []}}, {"model": "accounts.customuser", "pk": 2, "fields": {"password": "pbkdf2_sha256$180000$O2hfbr7DpRuA$y54NnEk3bMFDGzNq/jLoP8ahW0+A9NNZjhm9gYJZ69k=", "last_login": null, "is_superuser": true, "username": "LK01", "email": "", "is_staff": true, "is_active": true, "date_joined": "2020-04-23T07:19:03.313Z", "first_name": "Lauren", "last_name": "Klimt", "active": true, "user_type": "MANAGER", "groups": [], "user_permissions": []}}, {"model": "accounts.customuser", "pk": 3, "fields": {"password": "pbkdf2_sha256$180000$HLOO60KMZCyl$XBhzyyQTyLkD/6i3/KBXX541lzFzF5jE5qCcWZ6PE40=", "last_login": null, "is_superuser": true, "username": "CY01", "email": "", "is_staff": true, "is_active": true, "date_joined": "2020-04-23T07:19:03.412Z", "first_name": "Colin", "last_name": "Yang", "active": true, "user_type": "MANAGER", "groups": [], "user_permissions": []}}, {"model": "accounts.customuser", "pk": 4, "fields": {"password": "pbkdf2_sha256$180000$iCAlDYnu8pdG$oNhOG6BzUd0KC3JvwNJ+QplPdCupOQU53r5UM+8Es6M=", "last_login": null, "is_superuser": true, "username": "TK01", "email": "", "is_staff": true, "is_active": true, "date_joined": "2020-04-23T07:19:03.515Z", "first_name": "Tripta", "last_name": "Kaur", "active": true, "user_type": "MANAGER", "groups": [], "user_permissions": []}}, {"model": "accounts.customuser", "pk": 5, "fields": {"password": "pbkdf2_sha256$180000$wsjbWLOKEDPC$ZshF7tOOXIQOISk61uOUzp9v9+WHES4ZYI4tnwrioEU=", "last_login": null, "is_superuser": false, "username": "LL01", "email": "", "is_staff": false, "is_active": true, "date_joined": "2020-04-23T07:19:03.617Z", "first_name": "Leonard", "last_name": "Lee", "active": true, "user_type": "WAITER", "groups": [], "user_permissions": []}}, {"model": "accounts.customuser", "pk": 6, "fields": {"password": "pbkdf2_sha256$180000$i2SiU0Hxn9oV$Uemygk0NBJurgvlphkOk0wG7a+iAvE/Fwr/PyxQwuVs=", "last_login": null, "is_superuser": false, "username": "JS01", "email": "", "is_staff": false, "is_active": true, "date_joined": "2020-04-23T07:19:03.722Z", "first_name": "John", "last_name": "Smith", "active": true, "user_type": "WAITER", "groups": [], "user_permissions": []}}, {"model": "accounts.customuser", "pk": 7, "fields": {"password": "pbkdf2_sha256$180000$MgvgYtrKtEMS$3Vpb/wwQv7+46mOM9mYBAmg15u5HCIS39BviNyC6KAM=", "last_login": null, "is_superuser": false, "username": "LK02", "email": "", "is_staff": false, "is_active": true, "date_joined": "2020-04-23T07:19:03.820Z", "first_name": "Lisa", "last_name": "Kay", "active": true, "user_type": "WAITER", "groups": [], "user_permissions": []}}, {"model": "accounts.customuser", "pk": 8, "fields": {"password": "pbkdf2_sha256$180000$w9BUTgQDvDzu$hJ5gfk5lubgO7ahN/hPqlpYnMy0+chBkEGminao3Shc=", "last_login": null, "is_superuser": false, "username": "MJ01", "email": "", "is_staff": false, "is_active": true, "date_joined": "2020-04-23T07:19:03.916Z", "first_name": "Mary", "last_name": "Johnson", "active": false, "user_type": "WAITER", "groups": [], "user_permissions": []}}, {"model": "accounts.customuser", "pk": 9, "fields": {"password": "pbkdf2_sha256$180000$gJU7DWpTSzcy$CmBXGoQpvrVYVAAWtaFSz5Vx53WaDxOcncoG0mrnLzo=", "last_login": null, "is_superuser": false, "username": "AS01", "email": "", "is_staff": false, "is_active": true, "date_joined": "2020-04-23T07:19:04.080Z", "first_name": "Angus", "last_name": "Suttor", "active": true, "user_type": "KITCHEN", "groups": [], "user_permissions": []}}, {"model": "accounts.customuser", "pk": 10, "fields": {"password": "pbkdf2_sha256$180000$m4MkK1xdROw8$elJFUPipAKNkMzKtW2t8Kyq4TY4T9HiZ6UJWZU+XXPw=", "last_login": null, "is_superuser": false, "username": "MD01", "email": "", "is_staff": false, "is_active": true, "date_joined": "2020-04-23T07:19:04.279Z", "first_name": "Michael", "last_name": "Davis", "active": true, "user_type": "KITCHEN", "groups": [], "user_permissions": []}}, {"model": "accounts.customuser", "pk": 11, "fields": {"password": "pbkdf2_sha256$180000$p4dUa84kE5Gi$QrdmY288RjcZy2fObTC/BWc2bAfiekO9ld7QEeXcO4Q=", "last_login": null, "is_superuser": false, "username": "JS02", "email": "", "is_staff": false, "is_active": true, "date_joined": "2020-04-23T07:19:04.421Z", "first_name": "Jessica", "last_name": "Smith", "active": true, "user_type": "KITCHEN", "groups": [], "user_permissions": []}}, {"model": "accounts.customuser", "pk": 12, "fields": {"password": "pbkdf2_sha256$180000$qsx9KFR3r6hf$2eBvMJ35YO0qG1oXvISO+Qgpl4HBOgPPxqlUB6/X6YM=", "last_login": null, "is_superuser": false, "username": "AM01", "email": "", "is_staff": false, "is_active": true, "date_joined": "2020-04-23T07:19:04.527Z", "first_name": "Anne", "last_name": "Miller", "active": false, "user_type": "KITCHEN", "groups": [], "user_permissions": []}}, {"model": "accounts.customuser", "pk": 13, "fields": {"password": "pbkdf2_sha256$180000$MJDTxfO89U4s$CGN8+2Njkdpx3MhutHSxudZfdTEX5GktTSJ/fiJfU5I=", "last_login": null, "is_superuser": false, "username": "JB01", "email": "", "is_staff": false, "is_active": true, "date_joined": "2020-04-23T07:19:04.682Z", "first_name": "John", "last_name": "Brown", "active": false, "user_type": "KITCHEN", "groups": [], "user_permissions": []}}, {"model": "accounts.customuser", "pk": 14, "fields": {"password": "pbkdf2_sha256$180000$DiWx8SPMUOeq$55yhzwx11So+V9tv1L8C348sLdj4GOh3Mv7RsgZADXQ=", "last_login": null, "is_superuser": true, "username": "Manager1", "email": "", "is_staff": true, "is_active": true, "date_joined": "2020-04-23T07:19:04.806Z", "first_name": "Manager1", "last_name": "M1", "active": true, "user_type": "MANAGER", "groups": [], "user_permissions": []}}, {"model": "accounts.customuser", "pk": 15, "fields": {"password": "pbkdf2_sha256$180000$VrwzlY08oge2$RVayR9uXYajy2pu3r+EdpD6P7+hjLbhjqjGhkW8l+GI=", "last_login": null, "is_superuser": true, "username": "Manager2", "email": "", "is_staff": true, "is_active": true, "date_joined": "2020-04-23T07:19:04.945Z", "first_name": "Manager2", "last_name": "M2", "active": true, "user_type": "MANAGER", "groups": [], "user_permissions": []}}, {"model": "accounts.customuser", "pk": 16, "fields": {"password": "pbkdf2_sha256$180000$W3hbrVPKIo4Y$VcvFU9AOkMNEMy8Gd985y3d9AG4S2oL334RT19CplPI=", "last_login": null, "is_superuser": true, "username": "Manager3", "email": "", "is_staff": true, "is_active": true, "date_joined": "2020-04-23T07:19:05.076Z", "first_name": "Manager3", "last_name": "M3", "active": true, "user_type": "MANAGER", "groups": [], "user_permissions": []}}, {"model": "accounts.customuser", "pk": 17, "fields": {"password": "pbkdf2_sha256$180000$unEuebZisKpj$Syko6dl8ojRVUIr3oR1W/Q9qz2uHZBcSQZcRR3RL5YE=", "last_login": null, "is_superuser": true, "username": "Manager4", "email": "", "is_staff": true, "is_active": true, "date_joined": "2020-04-23T07:19:05.191Z", "first_name": "Manager4", "last_name": "M4", "active": true, "user_type": "MANAGER", "groups": [], "user_permissions": []}}, {"model": "accounts.customuser", "pk": 18, "fields": {"password": "pbkdf2_sha256$180000$UbX6B9LKnj15$V1N8x35epttNhRZKOwgFB6eOoih8cBYq1kdQSby9GaE=", "last_login": null, "is_superuser": true, "username": "Manager5", "email": "", "is_staff": true, "is_active": true, "date_joined": "2020-04-23T07:19:05.302Z", "first_name": "Manager5", "last_name": "M5", "active": true, "user_type": "MANAGER", "groups": [], "user_permissions": []}}, {"model": "accounts.customuser", "pk": 19, "fields": {"password": "pbkdf2_sha256$180000$s9kkbnDIvUfX$XbDXPctgk6h5BgAu9fA9nhhkqT+FeQ3ZsL4sentmnBU=", "last_login": null, "is_superuser": false, "username": "Customer1", "email": "", "is_staff": false, "is_active": true, "date_joined": "2020-04-23T07:19:05.418Z", "first_name": "Customer1", "last_name": "C1", "active": true, "user_type": "CUSTOMER", "groups": [], "user_permissions": []}}, {"model": "accounts.customuser", "pk": 20, "fields": {"password": "pbkdf2_sha256$180000$vXx995UEkpbH$3TmRxuagta/iHuAA5xq+4zWFTIZi9IND24fARFUJZYY=", "last_login": null, "is_superuser": false, "username": "Customer2", "email": "", "is_staff": false, "is_active": true, "date_joined": "2020-04-23T07:19:05.527Z", "first_name": "Customer2", "last_name": "C2", "active": true, "user_type": "CUSTOMER", "groups": [], "user_permissions": []}}, {"model": "accounts.customuser", "pk": 21, "fields": {"password": "pbkdf2_sha256$180000$xVgwdudLyf3h$1CrdUpC4pV9yY/aD1+pwT2YZl4CnWdpMBxCAD+SDrC4=", "last_login": null, "is_superuser": false, "username": "Customer3", "email": "", "is_staff": false, "is_active": true, "date_joined": "2020-04-23T07:19:05.657Z", "first_name": "Customer3", "last_name": "C3", "active": true, "user_type": "CUSTOMER", "groups": [], "user_permissions": []}}, {"model": "accounts.customuser", "pk": 22, "fields": {"password": "pbkdf2_sha256$180000$puu72iUd4xd8$0xmtJDGm9o6sbUtqtNGrGYd4IpkEycrwm1FqTNWMcWU=", "last_login": null, "is_superuser": false, "username": "Customer4", "email": "", "is_staff": false, "is_active": true, "date_joined": "2020-04-23T07:19:05.767Z", "first_name": "Customer4", "last_name": "C4", "active": true, "user_type": "CUSTOMER", "groups": [], "user_permissions": []}}, {"model": "accounts.customuser", "pk": 23, "fields": {"password": "pbkdf2_sha256$180000$N0sqFzcYu227$BHqZqNM+08ujcGxEqldOzUiXu9XnGbPmvnnPToqlXyY=", "last_login": null, "is_superuser": false, "username": "Customer5", "email": "", "is_staff": false, "is_active": true, "date_joined": "2020-04-23T07:19:05.887Z", "first_name": "Customer5", "last_name": "C5", "active": true, "user_type": "CUSTOMER", "groups": [], "user_permissions": []}}, {"model": "accounts.customuser", "pk": 24, "fields": {"password": "pbkdf2_sha256$180000$AtMLBMFABX3h$RLxpNmhCbc2xeMm18+V82I/WALcx1YIjLzwqcoGTaFg=", "last_login": null, "is_superuser": false, "username": "Kitchen1", "email": "", "is_staff": false, "is_active": true, "date_joined": "2020-04-23T07:19:06.001Z", "first_name": "Kitchen1", "last_name": "K1", "active": true, "user_type": "KITCHEN", "groups": [], "user_permissions": []}}, {"model": "accounts.customuser", "pk": 25, "fields": {"password": "pbkdf2_sha256$180000$VZV1K1Ob7Tmu$MLxurb2v1eQk9CgCQF+21bio9rZbYTJ1MIO0uGC+hs4=", "last_login": null, "is_superuser": false, "username": "Kitchen2", "email": "", "is_staff": false, "is_active": true, "date_joined": "2020-04-23T07:19:06.116Z", "first_name": "Kitchen2", "last_name": "K2", "active": true, "user_type": "KITCHEN", "groups": [], "user_permissions": []}}, {"model": "accounts.customuser", "pk": 26, "fields": {"password": "pbkdf2_sha256$180000$Pu3hAQpQUb3e$jg5X1Tx3hWpphwAYHrCcbBy3vKLoIuNmeKseIcLU5pg=", "last_login": null, "is_superuser": false, "username": "Kitchen3", "email": "", "is_staff": false, "is_active": true, "date_joined": "2020-04-23T07:19:06.223Z", "first_name": "Kitchen3", "last_name": "K3", "active": true, "user_type": "KITCHEN", "groups": [], "user_permissions": []}}, {"model": "accounts.customuser", "pk": 27, "fields": {"password": "pbkdf2_sha256$180000$dz75P9ZNpvlJ$LU1+lc5EETKHiocarbzpscydFKvWDmJrHGf+BoCj0+8=", "last_login": null, "is_superuser": false, "username": "Kitchen4", "email": "", "is_staff": false, "is_active": true, "date_joined": "2020-04-23T07:19:06.361Z", "first_name": "Kitchen4", "last_name": "K4", "active": true, "user_type": "KITCHEN", "groups": [], "user_permissions": []}}, {"model": "accounts.customuser", "pk": 28, "fields": {"password": "pbkdf2_sha256$180000$Bhu54wOeZstg$Nlln/qp1oNQUgyosU9ZT1MRzgqA9g820RcMb2k6HOy0=", "last_login": null, "is_superuser": false, "username": "Kitchen5", "email": "", "is_staff": false, "is_active": true, "date_joined": "2020-04-23T07:19:06.484Z", "first_name": "Kitchen5", "last_name": "K5", "active": true, "user_type": "KITCHEN", "groups": [], "user_permissions": []}}, {"model": "accounts.customuser", "pk": 29, "fields": {"password": "pbkdf2_sha256$180000$cppZAJv0PmYA$VjnNyfgvQTA8ZloZNVI6NTcyFN4NzGEU1OeyBoIYG4s=", "last_login": null, "is_superuser": false, "username": "Waiter1", "email": "", "is_staff": false, "is_active": true, "date_joined": "2020-04-23T07:19:06.614Z", "first_name": "Waiter1", "last_name": "W1", "active": true, "user_type": "WAITER", "groups": [], "user_permissions": []}}, {"model": "accounts.customuser", "pk": 30, "fields": {"password": "pbkdf2_sha256$180000$ycZ9d60Lc7QN$LuXUCoCIikf9sOM448HL6SH+gJvgVOLx7+wkcaK2JV4=", "last_login": null, "is_superuser": false, "username": "Waiter2", "email": "", "is_staff": false, "is_active": true, "date_joined": "2020-04-23T07:19:06.755Z", "first_name": "Waiter2", "last_name": "W2", "active": true, "user_type": "WAITER", "groups": [], "user_permissions": []}}, {"model": "accounts.customuser", "pk": 31, "fields": {"password": "pbkdf2_sha256$180000$vUSzMieaKvQY$99LCtm0cW0Rg615jzzitGJ+R4dJMyBQQtQoahFnSKL0=", "last_login": null, "is_superuser": false, "username": "Waiter3", "email": "", "is_staff": false, "is_active": true, "date_joined": "2020-04-23T07:19:06.890Z", "first_name": "Waiter3", "last_name": "W3", "active": true, "user_type": "WAITER", "groups": [], "user_permissions": []}}, {"model": "accounts.customuser", "pk": 32, "fields": {"password": "pbkdf2_sha256$180000$3u9sI8aqFcRC$p985o02T4FpdGAVvqo7pjkiEIHpB9C/+GeFOKbJ3YSY=", "last_login": null, "is_superuser": false, "username": "Waiter4", "email": "", "is_staff": false, "is_active": true, "date_joined": "2020-04-23T07:19:07.022Z", "first_name": "Waiter4", "last_name": "W4", "active": true, "user_type": "WAITER", "groups": [], "user_permissions": []}}, {"model": "accounts.customuser", "pk": 33, "fields": {"password": "pbkdf2_sha256$180000$QZplgZp3Kd34$N1kQA3ssdbphIurUVxXulnZfHMo2bOQ1MsXx9bgIShs=", "last_login": null, "is_superuser": false, "username": "Waiter5", "email": "", "is_staff": false, "is_active": true, "date_joined": "2020-04-23T07:19:07.146Z", "first_name": "Waiter5", "last_name": "W5", "active": true, "user_type": "WAITER", "groups": [], "user_permissions": []}}, {"model": "menu.transaction", "pk": 1, "fields": {"active": true, "prepared": false, "date": "2020-04-23T07:19:07.366Z", "customer": 19, "credit_card": 1, "request": null, "total_price": null, "kitchen_note": null}}, {"model": "menu.transaction", "pk": 2, "fields": {"active": true, "prepared": false, "date": "2020-04-23T07:19:07.554Z", "customer": 20, "credit_card": 2, "request": null, "total_price": null, "kitchen_note": null}}, {"model": "menu.transaction", "pk": 3, "fields": {"active": true, "prepared": false, "date": "2020-04-23T07:19:07.758Z", "customer": 21, "credit_card": 3, "request": null, "total_price": null, "kitchen_note": null}}, {"model": "menu.transaction", "pk": 4, "fields": {"active": true, "prepared": false, "date": "2020-04-23T07:19:08.002Z", "customer": 22, "credit_card": 4, "request": null, "total_price": null, "kitchen_note": null}}, {"model": "menu.transaction", "pk": 5, "fields": {"active": true, "prepared": false, "date": "2020-04-23T07:19:08.178Z", "customer": 23, "credit_card": 5, "request": null, "total_price": null, "kitchen_note": null}}, {"model": "menu.assistance", "pk": 1, "fields": {"transaction": 1, "waiter": 5, "problem": "Problem 1", "notes": "Notes 1", "resolved": false, "date": "2020-04-23T07:19:08.358Z", "date_resolved": null}}, {"model": "menu.assistance", "pk": 2, "fields": {"transaction": 2, "waiter": 6, "problem": "Problem 2", "notes": "Notes 2", "resolved": false, "date": "2020-04-23T07:19:08.365Z", "date_resolved": null}}, {"model": "menu.assistance", "pk": 3, "fields": {"transaction": 3, "waiter": 7, "problem": "Problem 3", "notes": "Notes 3", "resolved": false, "date": "2020-04-23T07:19:08.372Z", "date_resolved": null}}, {"model": "menu.assistance", "pk": 4, "fields": {"transaction": 4, "waiter": 8, "problem": "Problem 4", "notes": "Notes 4", "resolved": false, "date": "2020-04-23T07:19:08.382Z", "date_resolved": null}}, {"model": "menu.assistance", "pk": 5, "fields": {"transaction": 5, "waiter": 29, "problem": "Problem 5", "notes": "Notes 5", "resolved": false, "date": "2020-04-23T07:19:08.395Z", "date_resolved": null}}]
