[{"model": "contenttypes.contenttype", "pk": 1, "fields": {"app_label": "admin", "model": "logentry"}}, {"model": "contenttypes.contenttype", "pk": 2, "fields": {"app_label": "auth", "model": "permission"}}, {"model": "contenttypes.contenttype", "pk": 3, "fields": {"app_label": "auth", "model": "group"}}, {"model": "contenttypes.contenttype", "pk": 4, "fields": {"app_label": "contenttypes", "model": "contenttype"}}, {"model": "contenttypes.contenttype", "pk": 5, "fields": {"app_label": "sessions", "model": "session"}}, {"model": "contenttypes.contenttype", "pk": 6, "fields": {"app_label": "sites", "model": "site"}}, {"model": "contenttypes.contenttype", "pk": 7, "fields": {"app_label": "authtoken", "model": "token"}}, {"model": "contenttypes.contenttype", "pk": 8, "fields": {"app_label": "account", "model": "emailaddress"}}, {"model": "contenttypes.contenttype", "pk": 9, "fields": {"app_label": "account", "model": "emailconfirmation"}}, {"model": "contenttypes.contenttype", "pk": 10, "fields": {"app_label": "socialaccount", "model": "socialaccount"}}, {"model": "contenttypes.contenttype", "pk": 11, "fields": {"app_label": "socialaccount", "model": "socialapp"}}, {"model": "contenttypes.contenttype", "pk": 12, "fields": {"app_label": "socialaccount", "model": "socialtoken"}}, {"model": "contenttypes.contenttype", "pk": 13, "fields": {"app_label": "accounts", "model": "customuser"}}, {"model": "contenttypes.contenttype", "pk": 14, "fields": {"app_label": "menu", "model": "category"}}, {"model": "contenttypes.contenttype", "pk": 15, "fields": {"app_label": "menu", "model": "creditcard"}}, {"model": "contenttypes.contenttype", "pk": 16, "fields": {"app_label": "menu", "model": "discount"}}, {"model": "contenttypes.contenttype", "pk": 17, "fields": {"app_label": "menu", "model": "extra"}}, {"model": "contenttypes.contenttype", "pk": 18, "fields": {"app_label": "menu", "model": "fooditem"}}, {"model": "contenttypes.contenttype", "pk": 19, "fields": {"app_label": "menu", "model": "menu"}}, {"model": "contenttypes.contenttype", "pk": 20, "fields": {"app_label": "menu", "model": "tag"}}, {"model": "contenttypes.contenttype", "pk": 21, "fields": {"app_label": "menu", "model": "transaction"}}, {"model": "contenttypes.contenttype", "pk": 22, "fields": {"app_label": "menu", "model": "transactionfooditem"}}, {"model": "contenttypes.contenttype", "pk": 23, "fields": {"app_label": "menu", "model": "assistance"}}, {"model": "sites.site", "pk": 1, "fields": {"domain": "example.com", "name": "example.com"}}, {"model": "menu.menu", "pk": 1, "fields": {"name": "Waiting Cafe", "active": true}}, {"model": "menu.category", "pk": 1, "fields": {"name": "Category 1", "active": true, "menu": 1}}, {"model": "menu.category", "pk": 2, "fields": {"name": "Category 1", "active": true, "menu": 1}}, {"model": "menu.category", "pk": 3, "fields": {"name": "Category 1", "active": true, "menu": 1}}, {"model": "menu.category", "pk": 4, "fields": {"name": "Category 1", "active": true, "menu": 1}}, {"model": "menu.category", "pk": 5, "fields": {"name": "Category 1", "active": true, "menu": 1}}, {"model": "menu.category", "pk": 6, "fields": {"name": "Category 1", "active": true, "menu": 1}}, {"model": "menu.category", "pk": 7, "fields": {"name": "Category 1", "active": true, "menu": 1}}, {"model": "menu.category", "pk": 8, "fields": {"name": "Category 1", "active": true, "menu": 1}}, {"model": "menu.category", "pk": 9, "fields": {"name": "Category 1", "active": true, "menu": 1}}, {"model": "menu.category", "pk": 10, "fields": {"name": "Category 1", "active": true, "menu": 1}}, {"model": "menu.extra", "pk": 1, "fields": {"name": "Extra 0", "active": true, "price": "0.00", "category": 1}}, {"model": "menu.extra", "pk": 2, "fields": {"name": "Extra 1", "active": true, "price": "1.00", "category": 1}}, {"model": "menu.extra", "pk": 3, "fields": {"name": "Extra 2", "active": true, "price": "2.00", "category": 1}}, {"model": "menu.extra", "pk": 4, "fields": {"name": "Extra 3", "active": true, "price": "3.00", "category": 1}}, {"model": "menu.extra", "pk": 5, "fields": {"name": "Extra 4", "active": true, "price": "4.00", "category": 1}}, {"model": "menu.extra", "pk": 6, "fields": {"name": "Extra 0", "active": true, "price": "0.00", "category": 1}}, {"model": "menu.extra", "pk": 7, "fields": {"name": "Extra 1", "active": true, "price": "1.00", "category": 1}}, {"model": "menu.extra", "pk": 8, "fields": {"name": "Extra 2", "active": true, "price": "2.00", "category": 1}}, {"model": "menu.extra", "pk": 9, "fields": {"name": "Extra 3", "active": true, "price": "3.00", "category": 1}}, {"model": "menu.extra", "pk": 10, "fields": {"name": "Extra 4", "active": true, "price": "4.00", "category": 1}}, {"model": "menu.extra", "pk": 11, "fields": {"name": "Extra 0", "active": true, "price": "0.00", "category": 1}}, {"model": "menu.extra", "pk": 12, "fields": {"name": "Extra 1", "active": true, "price": "1.00", "category": 1}}, {"model": "menu.extra", "pk": 13, "fields": {"name": "Extra 2", "active": true, "price": "2.00", "category": 1}}, {"model": "menu.extra", "pk": 14, "fields": {"name": "Extra 3", "active": true, "price": "3.00", "category": 1}}, {"model": "menu.extra", "pk": 15, "fields": {"name": "Extra 4", "active": true, "price": "4.00", "category": 1}}, {"model": "menu.extra", "pk": 16, "fields": {"name": "Extra 0", "active": true, "price": "0.00", "category": 1}}, {"model": "menu.extra", "pk": 17, "fields": {"name": "Extra 1", "active": true, "price": "1.00", "category": 1}}, {"model": "menu.extra", "pk": 18, "fields": {"name": "Extra 2", "active": true, "price": "2.00", "category": 1}}, {"model": "menu.extra", "pk": 19, "fields": {"name": "Extra 3", "active": true, "price": "3.00", "category": 1}}, {"model": "menu.extra", "pk": 20, "fields": {"name": "Extra 4", "active": true, "price": "4.00", "category": 1}}, {"model": "menu.extra", "pk": 21, "fields": {"name": "Extra 0", "active": true, "price": "0.00", "category": 1}}, {"model": "menu.extra", "pk": 22, "fields": {"name": "Extra 1", "active": true, "price": "1.00", "category": 1}}, {"model": "menu.extra", "pk": 23, "fields": {"name": "Extra 2", "active": true, "price": "2.00", "category": 1}}, {"model": "menu.extra", "pk": 24, "fields": {"name": "Extra 3", "active": true, "price": "3.00", "category": 1}}, {"model": "menu.extra", "pk": 25, "fields": {"name": "Extra 4", "active": true, "price": "4.00", "category": 1}}, {"model": "menu.extra", "pk": 26, "fields": {"name": "Extra 0", "active": true, "price": "0.00", "category": 1}}, {"model": "menu.extra", "pk": 27, "fields": {"name": "Extra 1", "active": true, "price": "1.00", "category": 1}}, {"model": "menu.extra", "pk": 28, "fields": {"name": "Extra 2", "active": true, "price": "2.00", "category": 1}}, {"model": "menu.extra", "pk": 29, "fields": {"name": "Extra 3", "active": true, "price": "3.00", "category": 1}}, {"model": "menu.extra", "pk": 30, "fields": {"name": "Extra 4", "active": true, "price": "4.00", "category": 1}}, {"model": "menu.extra", "pk": 31, "fields": {"name": "Extra 0", "active": true, "price": "0.00", "category": 1}}, {"model": "menu.extra", "pk": 32, "fields": {"name": "Extra 1", "active": true, "price": "1.00", "category": 1}}, {"model": "menu.extra", "pk": 33, "fields": {"name": "Extra 2", "active": true, "price": "2.00", "category": 1}}, {"model": "menu.extra", "pk": 34, "fields": {"name": "Extra 3", "active": true, "price": "3.00", "category": 1}}, {"model": "menu.extra", "pk": 35, "fields": {"name": "Extra 4", "active": true, "price": "4.00", "category": 1}}, {"model": "menu.extra", "pk": 36, "fields": {"name": "Extra 0", "active": true, "price": "0.00", "category": 1}}, {"model": "menu.extra", "pk": 37, "fields": {"name": "Extra 1", "active": true, "price": "1.00", "category": 1}}, {"model": "menu.extra", "pk": 38, "fields": {"name": "Extra 2", "active": true, "price": "2.00", "category": 1}}, {"model": "menu.extra", "pk": 39, "fields": {"name": "Extra 3", "active": true, "price": "3.00", "category": 1}}, {"model": "menu.extra", "pk": 40, "fields": {"name": "Extra 4", "active": true, "price": "4.00", "category": 1}}, {"model": "menu.extra", "pk": 41, "fields": {"name": "Extra 0", "active": true, "price": "0.00", "category": 1}}, {"model": "menu.extra", "pk": 42, "fields": {"name": "Extra 1", "active": true, "price": "1.00", "category": 1}}, {"model": "menu.extra", "pk": 43, "fields": {"name": "Extra 2", "active": true, "price": "2.00", "category": 1}}, {"model": "menu.extra", "pk": 44, "fields": {"name": "Extra 3", "active": true, "price": "3.00", "category": 1}}, {"model": "menu.extra", "pk": 45, "fields": {"name": "Extra 4", "active": true, "price": "4.00", "category": 1}}, {"model": "menu.extra", "pk": 46, "fields": {"name": "Extra 0", "active": true, "price": "0.00", "category": 1}}, {"model": "menu.extra", "pk": 47, "fields": {"name": "Extra 1", "active": true, "price": "1.00", "category": 1}}, {"model": "menu.extra", "pk": 48, "fields": {"name": "Extra 2", "active": true, "price": "2.00", "category": 1}}, {"model": "menu.extra", "pk": 49, "fields": {"name": "Extra 3", "active": true, "price": "3.00", "category": 1}}, {"model": "menu.extra", "pk": 50, "fields": {"name": "Extra 4", "active": true, "price": "4.00", "category": 1}}, {"model": "menu.extra", "pk": 51, "fields": {"name": "Extra 0", "active": true, "price": "0.00", "category": 2}}, {"model": "menu.extra", "pk": 52, "fields": {"name": "Extra 1", "active": true, "price": "1.00", "category": 2}}, {"model": "menu.extra", "pk": 53, "fields": {"name": "Extra 2", "active": true, "price": "2.00", "category": 2}}, {"model": "menu.extra", "pk": 54, "fields": {"name": "Extra 3", "active": true, "price": "3.00", "category": 2}}, {"model": "menu.extra", "pk": 55, "fields": {"name": "Extra 4", "active": true, "price": "4.00", "category": 2}}, {"model": "menu.extra", "pk": 56, "fields": {"name": "Extra 0", "active": true, "price": "0.00", "category": 2}}, {"model": "menu.extra", "pk": 57, "fields": {"name": "Extra 1", "active": true, "price": "1.00", "category": 2}}, {"model": "menu.extra", "pk": 58, "fields": {"name": "Extra 2", "active": true, "price": "2.00", "category": 2}}, {"model": "menu.extra", "pk": 59, "fields": {"name": "Extra 3", "active": true, "price": "3.00", "category": 2}}, {"model": "menu.extra", "pk": 60, "fields": {"name": "Extra 4", "active": true, "price": "4.00", "category": 2}}, {"model": "menu.extra", "pk": 61, "fields": {"name": "Extra 0", "active": true, "price": "0.00", "category": 2}}, {"model": "menu.extra", "pk": 62, "fields": {"name": "Extra 1", "active": true, "price": "1.00", "category": 2}}, {"model": "menu.extra", "pk": 63, "fields": {"name": "Extra 2", "active": true, "price": "2.00", "category": 2}}, {"model": "menu.extra", "pk": 64, "fields": {"name": "Extra 3", "active": true, "price": "3.00", "category": 2}}, {"model": "menu.extra", "pk": 65, "fields": {"name": "Extra 4", "active": true, "price": "4.00", "category": 2}}, {"model": "menu.extra", "pk": 66, "fields": {"name": "Extra 0", "active": true, "price": "0.00", "category": 2}}, {"model": "menu.extra", "pk": 67, "fields": {"name": "Extra 1", "active": true, "price": "1.00", "category": 2}}, {"model": "menu.extra", "pk": 68, "fields": {"name": "Extra 2", "active": true, "price": "2.00", "category": 2}}, {"model": "menu.extra", "pk": 69, "fields": {"name": "Extra 3", "active": true, "price": "3.00", "category": 2}}, {"model": "menu.extra", "pk": 70, "fields": {"name": "Extra 4", "active": true, "price": "4.00", "category": 2}}, {"model": "menu.extra", "pk": 71, "fields": {"name": "Extra 0", "active": true, "price": "0.00", "category": 2}}, {"model": "menu.extra", "pk": 72, "fields": {"name": "Extra 1", "active": true, "price": "1.00", "category": 2}}, {"model": "menu.extra", "pk": 73, "fields": {"name": "Extra 2", "active": true, "price": "2.00", "category": 2}}, {"model": "menu.extra", "pk": 74, "fields": {"name": "Extra 3", "active": true, "price": "3.00", "category": 2}}, {"model": "menu.extra", "pk": 75, "fields": {"name": "Extra 4", "active": true, "price": "4.00", "category": 2}}, {"model": "menu.extra", "pk": 76, "fields": {"name": "Extra 0", "active": true, "price": "0.00", "category": 2}}, {"model": "menu.extra", "pk": 77, "fields": {"name": "Extra 1", "active": true, "price": "1.00", "category": 2}}, {"model": "menu.extra", "pk": 78, "fields": {"name": "Extra 2", "active": true, "price": "2.00", "category": 2}}, {"model": "menu.extra", "pk": 79, "fields": {"name": "Extra 3", "active": true, "price": "3.00", "category": 2}}, {"model": "menu.extra", "pk": 80, "fields": {"name": "Extra 4", "active": true, "price": "4.00", "category": 2}}, {"model": "menu.extra", "pk": 81, "fields": {"name": "Extra 0", "active": true, "price": "0.00", "category": 2}}, {"model": "menu.extra", "pk": 82, "fields": {"name": "Extra 1", "active": true, "price": "1.00", "category": 2}}, {"model": "menu.extra", "pk": 83, "fields": {"name": "Extra 2", "active": true, "price": "2.00", "category": 2}}, {"model": "menu.extra", "pk": 84, "fields": {"name": "Extra 3", "active": true, "price": "3.00", "category": 2}}, {"model": "menu.extra", "pk": 85, "fields": {"name": "Extra 4", "active": true, "price": "4.00", "category": 2}}, {"model": "menu.extra", "pk": 86, "fields": {"name": "Extra 0", "active": true, "price": "0.00", "category": 2}}, {"model": "menu.extra", "pk": 87, "fields": {"name": "Extra 1", "active": true, "price": "1.00", "category": 2}}, {"model": "menu.extra", "pk": 88, "fields": {"name": "Extra 2", "active": true, "price": "2.00", "category": 2}}, {"model": "menu.extra", "pk": 89, "fields": {"name": "Extra 3", "active": true, "price": "3.00", "category": 2}}, {"model": "menu.extra", "pk": 90, "fields": {"name": "Extra 4", "active": true, "price": "4.00", "category": 2}}, {"model": "menu.extra", "pk": 91, "fields": {"name": "Extra 0", "active": true, "price": "0.00", "category": 2}}, {"model": "menu.extra", "pk": 92, "fields": {"name": "Extra 1", "active": true, "price": "1.00", "category": 2}}, {"model": "menu.extra", "pk": 93, "fields": {"name": "Extra 2", "active": true, "price": "2.00", "category": 2}}, {"model": "menu.extra", "pk": 94, "fields": {"name": "Extra 3", "active": true, "price": "3.00", "category": 2}}, {"model": "menu.extra", "pk": 95, "fields": {"name": "Extra 4", "active": true, "price": "4.00", "category": 2}}, {"model": "menu.extra", "pk": 96, "fields": {"name": "Extra 0", "active": true, "price": "0.00", "category": 2}}, {"model": "menu.extra", "pk": 97, "fields": {"name": "Extra 1", "active": true, "price": "1.00", "category": 2}}, {"model": "menu.extra", "pk": 98, "fields": {"name": "Extra 2", "active": true, "price": "2.00", "category": 2}}, {"model": "menu.extra", "pk": 99, "fields": {"name": "Extra 3", "active": true, "price": "3.00", "category": 2}}, {"model": "menu.extra", "pk": 100, "fields": {"name": "Extra 4", "active": true, "price": "4.00", "category": 2}}, {"model": "menu.extra", "pk": 101, "fields": {"name": "Extra 0", "active": true, "price": "0.00", "category": 3}}, {"model": "menu.extra", "pk": 102, "fields": {"name": "Extra 1", "active": true, "price": "1.00", "category": 3}}, {"model": "menu.extra", "pk": 103, "fields": {"name": "Extra 2", "active": true, "price": "2.00", "category": 3}}, {"model": "menu.extra", "pk": 104, "fields": {"name": "Extra 3", "active": true, "price": "3.00", "category": 3}}, {"model": "menu.extra", "pk": 105, "fields": {"name": "Extra 4", "active": true, "price": "4.00", "category": 3}}, {"model": "menu.extra", "pk": 106, "fields": {"name": "Extra 0", "active": true, "price": "0.00", "category": 3}}, {"model": "menu.extra", "pk": 107, "fields": {"name": "Extra 1", "active": true, "price": "1.00", "category": 3}}, {"model": "menu.extra", "pk": 108, "fields": {"name": "Extra 2", "active": true, "price": "2.00", "category": 3}}, {"model": "menu.extra", "pk": 109, "fields": {"name": "Extra 3", "active": true, "price": "3.00", "category": 3}}, {"model": "menu.extra", "pk": 110, "fields": {"name": "Extra 4", "active": true, "price": "4.00", "category": 3}}, {"model": "menu.extra", "pk": 111, "fields": {"name": "Extra 0", "active": true, "price": "0.00", "category": 3}}, {"model": "menu.extra", "pk": 112, "fields": {"name": "Extra 1", "active": true, "price": "1.00", "category": 3}}, {"model": "menu.extra", "pk": 113, "fields": {"name": "Extra 2", "active": true, "price": "2.00", "category": 3}}, {"model": "menu.extra", "pk": 114, "fields": {"name": "Extra 3", "active": true, "price": "3.00", "category": 3}}, {"model": "menu.extra", "pk": 115, "fields": {"name": "Extra 4", "active": true, "price": "4.00", "category": 3}}, {"model": "menu.extra", "pk": 116, "fields": {"name": "Extra 0", "active": true, "price": "0.00", "category": 3}}, {"model": "menu.extra", "pk": 117, "fields": {"name": "Extra 1", "active": true, "price": "1.00", "category": 3}}, {"model": "menu.extra", "pk": 118, "fields": {"name": "Extra 2", "active": true, "price": "2.00", "category": 3}}, {"model": "menu.extra", "pk": 119, "fields": {"name": "Extra 3", "active": true, "price": "3.00", "category": 3}}, {"model": "menu.extra", "pk": 120, "fields": {"name": "Extra 4", "active": true, "price": "4.00", "category": 3}}, {"model": "menu.extra", "pk": 121, "fields": {"name": "Extra 0", "active": true, "price": "0.00", "category": 3}}, {"model": "menu.extra", "pk": 122, "fields": {"name": "Extra 1", "active": true, "price": "1.00", "category": 3}}, {"model": "menu.extra", "pk": 123, "fields": {"name": "Extra 2", "active": true, "price": "2.00", "category": 3}}, {"model": "menu.extra", "pk": 124, "fields": {"name": "Extra 3", "active": true, "price": "3.00", "category": 3}}, {"model": "menu.extra", "pk": 125, "fields": {"name": "Extra 4", "active": true, "price": "4.00", "category": 3}}, {"model": "menu.extra", "pk": 126, "fields": {"name": "Extra 0", "active": true, "price": "0.00", "category": 3}}, {"model": "menu.extra", "pk": 127, "fields": {"name": "Extra 1", "active": true, "price": "1.00", "category": 3}}, {"model": "menu.extra", "pk": 128, "fields": {"name": "Extra 2", "active": true, "price": "2.00", "category": 3}}, {"model": "menu.extra", "pk": 129, "fields": {"name": "Extra 3", "active": true, "price": "3.00", "category": 3}}, {"model": "menu.extra", "pk": 130, "fields": {"name": "Extra 4", "active": true, "price": "4.00", "category": 3}}, {"model": "menu.extra", "pk": 131, "fields": {"name": "Extra 0", "active": true, "price": "0.00", "category": 3}}, {"model": "menu.extra", "pk": 132, "fields": {"name": "Extra 1", "active": true, "price": "1.00", "category": 3}}, {"model": "menu.extra", "pk": 133, "fields": {"name": "Extra 2", "active": true, "price": "2.00", "category": 3}}, {"model": "menu.extra", "pk": 134, "fields": {"name": "Extra 3", "active": true, "price": "3.00", "category": 3}}, {"model": "menu.extra", "pk": 135, "fields": {"name": "Extra 4", "active": true, "price": "4.00", "category": 3}}, {"model": "menu.extra", "pk": 136, "fields": {"name": "Extra 0", "active": true, "price": "0.00", "category": 3}}, {"model": "menu.extra", "pk": 137, "fields": {"name": "Extra 1", "active": true, "price": "1.00", "category": 3}}, {"model": "menu.extra", "pk": 138, "fields": {"name": "Extra 2", "active": true, "price": "2.00", "category": 3}}, {"model": "menu.extra", "pk": 139, "fields": {"name": "Extra 3", "active": true, "price": "3.00", "category": 3}}, {"model": "menu.extra", "pk": 140, "fields": {"name": "Extra 4", "active": true, "price": "4.00", "category": 3}}, {"model": "menu.extra", "pk": 141, "fields": {"name": "Extra 0", "active": true, "price": "0.00", "category": 3}}, {"model": "menu.extra", "pk": 142, "fields": {"name": "Extra 1", "active": true, "price": "1.00", "category": 3}}, {"model": "menu.extra", "pk": 143, "fields": {"name": "Extra 2", "active": true, "price": "2.00", "category": 3}}, {"model": "menu.extra", "pk": 144, "fields": {"name": "Extra 3", "active": true, "price": "3.00", "category": 3}}, {"model": "menu.extra", "pk": 145, "fields": {"name": "Extra 4", "active": true, "price": "4.00", "category": 3}}, {"model": "menu.extra", "pk": 146, "fields": {"name": "Extra 0", "active": true, "price": "0.00", "category": 3}}, {"model": "menu.extra", "pk": 147, "fields": {"name": "Extra 1", "active": true, "price": "1.00", "category": 3}}, {"model": "menu.extra", "pk": 148, "fields": {"name": "Extra 2", "active": true, "price": "2.00", "category": 3}}, {"model": "menu.extra", "pk": 149, "fields": {"name": "Extra 3", "active": true, "price": "3.00", "category": 3}}, {"model": "menu.extra", "pk": 150, "fields": {"name": "Extra 4", "active": true, "price": "4.00", "category": 3}}, {"model": "menu.extra", "pk": 151, "fields": {"name": "Extra 0", "active": true, "price": "0.00", "category": 4}}, {"model": "menu.extra", "pk": 152, "fields": {"name": "Extra 1", "active": true, "price": "1.00", "category": 4}}, {"model": "menu.extra", "pk": 153, "fields": {"name": "Extra 2", "active": true, "price": "2.00", "category": 4}}, {"model": "menu.extra", "pk": 154, "fields": {"name": "Extra 3", "active": true, "price": "3.00", "category": 4}}, {"model": "menu.extra", "pk": 155, "fields": {"name": "Extra 4", "active": true, "price": "4.00", "category": 4}}, {"model": "menu.extra", "pk": 156, "fields": {"name": "Extra 0", "active": true, "price": "0.00", "category": 4}}, {"model": "menu.extra", "pk": 157, "fields": {"name": "Extra 1", "active": true, "price": "1.00", "category": 4}}, {"model": "menu.extra", "pk": 158, "fields": {"name": "Extra 2", "active": true, "price": "2.00", "category": 4}}, {"model": "menu.extra", "pk": 159, "fields": {"name": "Extra 3", "active": true, "price": "3.00", "category": 4}}, {"model": "menu.extra", "pk": 160, "fields": {"name": "Extra 4", "active": true, "price": "4.00", "category": 4}}, {"model": "menu.extra", "pk": 161, "fields": {"name": "Extra 0", "active": true, "price": "0.00", "category": 4}}, {"model": "menu.extra", "pk": 162, "fields": {"name": "Extra 1", "active": true, "price": "1.00", "category": 4}}, {"model": "menu.extra", "pk": 163, "fields": {"name": "Extra 2", "active": true, "price": "2.00", "category": 4}}, {"model": "menu.extra", "pk": 164, "fields": {"name": "Extra 3", "active": true, "price": "3.00", "category": 4}}, {"model": "menu.extra", "pk": 165, "fields": {"name": "Extra 4", "active": true, "price": "4.00", "category": 4}}, {"model": "menu.extra", "pk": 166, "fields": {"name": "Extra 0", "active": true, "price": "0.00", "category": 4}}, {"model": "menu.extra", "pk": 167, "fields": {"name": "Extra 1", "active": true, "price": "1.00", "category": 4}}, {"model": "menu.extra", "pk": 168, "fields": {"name": "Extra 2", "active": true, "price": "2.00", "category": 4}}, {"model": "menu.extra", "pk": 169, "fields": {"name": "Extra 3", "active": true, "price": "3.00", "category": 4}}, {"model": "menu.extra", "pk": 170, "fields": {"name": "Extra 4", "active": true, "price": "4.00", "category": 4}}, {"model": "menu.extra", "pk": 171, "fields": {"name": "Extra 0", "active": true, "price": "0.00", "category": 4}}, {"model": "menu.extra", "pk": 172, "fields": {"name": "Extra 1", "active": true, "price": "1.00", "category": 4}}, {"model": "menu.extra", "pk": 173, "fields": {"name": "Extra 2", "active": true, "price": "2.00", "category": 4}}, {"model": "menu.extra", "pk": 174, "fields": {"name": "Extra 3", "active": true, "price": "3.00", "category": 4}}, {"model": "menu.extra", "pk": 175, "fields": {"name": "Extra 4", "active": true, "price": "4.00", "category": 4}}, {"model": "menu.extra", "pk": 176, "fields": {"name": "Extra 0", "active": true, "price": "0.00", "category": 4}}, {"model": "menu.extra", "pk": 177, "fields": {"name": "Extra 1", "active": true, "price": "1.00", "category": 4}}, {"model": "menu.extra", "pk": 178, "fields": {"name": "Extra 2", "active": true, "price": "2.00", "category": 4}}, {"model": "menu.extra", "pk": 179, "fields": {"name": "Extra 3", "active": true, "price": "3.00", "category": 4}}, {"model": "menu.extra", "pk": 180, "fields": {"name": "Extra 4", "active": true, "price": "4.00", "category": 4}}, {"model": "menu.extra", "pk": 181, "fields": {"name": "Extra 0", "active": true, "price": "0.00", "category": 4}}, {"model": "menu.extra", "pk": 182, "fields": {"name": "Extra 1", "active": true, "price": "1.00", "category": 4}}, {"model": "menu.extra", "pk": 183, "fields": {"name": "Extra 2", "active": true, "price": "2.00", "category": 4}}, {"model": "menu.extra", "pk": 184, "fields": {"name": "Extra 3", "active": true, "price": "3.00", "category": 4}}, {"model": "menu.extra", "pk": 185, "fields": {"name": "Extra 4", "active": true, "price": "4.00", "category": 4}}, {"model": "menu.extra", "pk": 186, "fields": {"name": "Extra 0", "active": true, "price": "0.00", "category": 4}}, {"model": "menu.extra", "pk": 187, "fields": {"name": "Extra 1", "active": true, "price": "1.00", "category": 4}}, {"model": "menu.extra", "pk": 188, "fields": {"name": "Extra 2", "active": true, "price": "2.00", "category": 4}}, {"model": "menu.extra", "pk": 189, "fields": {"name": "Extra 3", "active": true, "price": "3.00", "category": 4}}, {"model": "menu.extra", "pk": 190, "fields": {"name": "Extra 4", "active": true, "price": "4.00", "category": 4}}, {"model": "menu.extra", "pk": 191, "fields": {"name": "Extra 0", "active": true, "price": "0.00", "category": 4}}, {"model": "menu.extra", "pk": 192, "fields": {"name": "Extra 1", "active": true, "price": "1.00", "category": 4}}, {"model": "menu.extra", "pk": 193, "fields": {"name": "Extra 2", "active": true, "price": "2.00", "category": 4}}, {"model": "menu.extra", "pk": 194, "fields": {"name": "Extra 3", "active": true, "price": "3.00", "category": 4}}, {"model": "menu.extra", "pk": 195, "fields": {"name": "Extra 4", "active": true, "price": "4.00", "category": 4}}, {"model": "menu.extra", "pk": 196, "fields": {"name": "Extra 0", "active": true, "price": "0.00", "category": 4}}, {"model": "menu.extra", "pk": 197, "fields": {"name": "Extra 1", "active": true, "price": "1.00", "category": 4}}, {"model": "menu.extra", "pk": 198, "fields": {"name": "Extra 2", "active": true, "price": "2.00", "category": 4}}, {"model": "menu.extra", "pk": 199, "fields": {"name": "Extra 3", "active": true, "price": "3.00", "category": 4}}, {"model": "menu.extra", "pk": 200, "fields": {"name": "Extra 4", "active": true, "price": "4.00", "category": 4}}, {"model": "menu.extra", "pk": 201, "fields": {"name": "Extra 0", "active": true, "price": "0.00", "category": 5}}, {"model": "menu.extra", "pk": 202, "fields": {"name": "Extra 1", "active": true, "price": "1.00", "category": 5}}, {"model": "menu.extra", "pk": 203, "fields": {"name": "Extra 2", "active": true, "price": "2.00", "category": 5}}, {"model": "menu.extra", "pk": 204, "fields": {"name": "Extra 3", "active": true, "price": "3.00", "category": 5}}, {"model": "menu.extra", "pk": 205, "fields": {"name": "Extra 4", "active": true, "price": "4.00", "category": 5}}, {"model": "menu.extra", "pk": 206, "fields": {"name": "Extra 0", "active": true, "price": "0.00", "category": 5}}, {"model": "menu.extra", "pk": 207, "fields": {"name": "Extra 1", "active": true, "price": "1.00", "category": 5}}, {"model": "menu.extra", "pk": 208, "fields": {"name": "Extra 2", "active": true, "price": "2.00", "category": 5}}, {"model": "menu.extra", "pk": 209, "fields": {"name": "Extra 3", "active": true, "price": "3.00", "category": 5}}, {"model": "menu.extra", "pk": 210, "fields": {"name": "Extra 4", "active": true, "price": "4.00", "category": 5}}, {"model": "menu.extra", "pk": 211, "fields": {"name": "Extra 0", "active": true, "price": "0.00", "category": 5}}, {"model": "menu.extra", "pk": 212, "fields": {"name": "Extra 1", "active": true, "price": "1.00", "category": 5}}, {"model": "menu.extra", "pk": 213, "fields": {"name": "Extra 2", "active": true, "price": "2.00", "category": 5}}, {"model": "menu.extra", "pk": 214, "fields": {"name": "Extra 3", "active": true, "price": "3.00", "category": 5}}, {"model": "menu.extra", "pk": 215, "fields": {"name": "Extra 4", "active": true, "price": "4.00", "category": 5}}, {"model": "menu.extra", "pk": 216, "fields": {"name": "Extra 0", "active": true, "price": "0.00", "category": 5}}, {"model": "menu.extra", "pk": 217, "fields": {"name": "Extra 1", "active": true, "price": "1.00", "category": 5}}, {"model": "menu.extra", "pk": 218, "fields": {"name": "Extra 2", "active": true, "price": "2.00", "category": 5}}, {"model": "menu.extra", "pk": 219, "fields": {"name": "Extra 3", "active": true, "price": "3.00", "category": 5}}, {"model": "menu.extra", "pk": 220, "fields": {"name": "Extra 4", "active": true, "price": "4.00", "category": 5}}, {"model": "menu.extra", "pk": 221, "fields": {"name": "Extra 0", "active": true, "price": "0.00", "category": 5}}, {"model": "menu.extra", "pk": 222, "fields": {"name": "Extra 1", "active": true, "price": "1.00", "category": 5}}, {"model": "menu.extra", "pk": 223, "fields": {"name": "Extra 2", "active": true, "price": "2.00", "category": 5}}, {"model": "menu.extra", "pk": 224, "fields": {"name": "Extra 3", "active": true, "price": "3.00", "category": 5}}, {"model": "menu.extra", "pk": 225, "fields": {"name": "Extra 4", "active": true, "price": "4.00", "category": 5}}, {"model": "menu.extra", "pk": 226, "fields": {"name": "Extra 0", "active": true, "price": "0.00", "category": 5}}, {"model": "menu.extra", "pk": 227, "fields": {"name": "Extra 1", "active": true, "price": "1.00", "category": 5}}, {"model": "menu.extra", "pk": 228, "fields": {"name": "Extra 2", "active": true, "price": "2.00", "category": 5}}, {"model": "menu.extra", "pk": 229, "fields": {"name": "Extra 3", "active": true, "price": "3.00", "category": 5}}, {"model": "menu.extra", "pk": 230, "fields": {"name": "Extra 4", "active": true, "price": "4.00", "category": 5}}, {"model": "menu.extra", "pk": 231, "fields": {"name": "Extra 0", "active": true, "price": "0.00", "category": 5}}, {"model": "menu.extra", "pk": 232, "fields": {"name": "Extra 1", "active": true, "price": "1.00", "category": 5}}, {"model": "menu.extra", "pk": 233, "fields": {"name": "Extra 2", "active": true, "price": "2.00", "category": 5}}, {"model": "menu.extra", "pk": 234, "fields": {"name": "Extra 3", "active": true, "price": "3.00", "category": 5}}, {"model": "menu.extra", "pk": 235, "fields": {"name": "Extra 4", "active": true, "price": "4.00", "category": 5}}, {"model": "menu.extra", "pk": 236, "fields": {"name": "Extra 0", "active": true, "price": "0.00", "category": 5}}, {"model": "menu.extra", "pk": 237, "fields": {"name": "Extra 1", "active": true, "price": "1.00", "category": 5}}, {"model": "menu.extra", "pk": 238, "fields": {"name": "Extra 2", "active": true, "price": "2.00", "category": 5}}, {"model": "menu.extra", "pk": 239, "fields": {"name": "Extra 3", "active": true, "price": "3.00", "category": 5}}, {"model": "menu.extra", "pk": 240, "fields": {"name": "Extra 4", "active": true, "price": "4.00", "category": 5}}, {"model": "menu.extra", "pk": 241, "fields": {"name": "Extra 0", "active": true, "price": "0.00", "category": 5}}, {"model": "menu.extra", "pk": 242, "fields": {"name": "Extra 1", "active": true, "price": "1.00", "category": 5}}, {"model": "menu.extra", "pk": 243, "fields": {"name": "Extra 2", "active": true, "price": "2.00", "category": 5}}, {"model": "menu.extra", "pk": 244, "fields": {"name": "Extra 3", "active": true, "price": "3.00", "category": 5}}, {"model": "menu.extra", "pk": 245, "fields": {"name": "Extra 4", "active": true, "price": "4.00", "category": 5}}, {"model": "menu.extra", "pk": 246, "fields": {"name": "Extra 0", "active": true, "price": "0.00", "category": 5}}, {"model": "menu.extra", "pk": 247, "fields": {"name": "Extra 1", "active": true, "price": "1.00", "category": 5}}, {"model": "menu.extra", "pk": 248, "fields": {"name": "Extra 2", "active": true, "price": "2.00", "category": 5}}, {"model": "menu.extra", "pk": 249, "fields": {"name": "Extra 3", "active": true, "price": "3.00", "category": 5}}, {"model": "menu.extra", "pk": 250, "fields": {"name": "Extra 4", "active": true, "price": "4.00", "category": 5}}, {"model": "menu.extra", "pk": 251, "fields": {"name": "Extra 0", "active": true, "price": "0.00", "category": 6}}, {"model": "menu.extra", "pk": 252, "fields": {"name": "Extra 1", "active": true, "price": "1.00", "category": 6}}, {"model": "menu.extra", "pk": 253, "fields": {"name": "Extra 2", "active": true, "price": "2.00", "category": 6}}, {"model": "menu.extra", "pk": 254, "fields": {"name": "Extra 3", "active": true, "price": "3.00", "category": 6}}, {"model": "menu.extra", "pk": 255, "fields": {"name": "Extra 4", "active": true, "price": "4.00", "category": 6}}, {"model": "menu.extra", "pk": 256, "fields": {"name": "Extra 0", "active": true, "price": "0.00", "category": 6}}, {"model": "menu.extra", "pk": 257, "fields": {"name": "Extra 1", "active": true, "price": "1.00", "category": 6}}, {"model": "menu.extra", "pk": 258, "fields": {"name": "Extra 2", "active": true, "price": "2.00", "category": 6}}, {"model": "menu.extra", "pk": 259, "fields": {"name": "Extra 3", "active": true, "price": "3.00", "category": 6}}, {"model": "menu.extra", "pk": 260, "fields": {"name": "Extra 4", "active": true, "price": "4.00", "category": 6}}, {"model": "menu.extra", "pk": 261, "fields": {"name": "Extra 0", "active": true, "price": "0.00", "category": 6}}, {"model": "menu.extra", "pk": 262, "fields": {"name": "Extra 1", "active": true, "price": "1.00", "category": 6}}, {"model": "menu.extra", "pk": 263, "fields": {"name": "Extra 2", "active": true, "price": "2.00", "category": 6}}, {"model": "menu.extra", "pk": 264, "fields": {"name": "Extra 3", "active": true, "price": "3.00", "category": 6}}, {"model": "menu.extra", "pk": 265, "fields": {"name": "Extra 4", "active": true, "price": "4.00", "category": 6}}, {"model": "menu.extra", "pk": 266, "fields": {"name": "Extra 0", "active": true, "price": "0.00", "category": 6}}, {"model": "menu.extra", "pk": 267, "fields": {"name": "Extra 1", "active": true, "price": "1.00", "category": 6}}, {"model": "menu.extra", "pk": 268, "fields": {"name": "Extra 2", "active": true, "price": "2.00", "category": 6}}, {"model": "menu.extra", "pk": 269, "fields": {"name": "Extra 3", "active": true, "price": "3.00", "category": 6}}, {"model": "menu.extra", "pk": 270, "fields": {"name": "Extra 4", "active": true, "price": "4.00", "category": 6}}, {"model": "menu.extra", "pk": 271, "fields": {"name": "Extra 0", "active": true, "price": "0.00", "category": 6}}, {"model": "menu.extra", "pk": 272, "fields": {"name": "Extra 1", "active": true, "price": "1.00", "category": 6}}, {"model": "menu.extra", "pk": 273, "fields": {"name": "Extra 2", "active": true, "price": "2.00", "category": 6}}, {"model": "menu.extra", "pk": 274, "fields": {"name": "Extra 3", "active": true, "price": "3.00", "category": 6}}, {"model": "menu.extra", "pk": 275, "fields": {"name": "Extra 4", "active": true, "price": "4.00", "category": 6}}, {"model": "menu.extra", "pk": 276, "fields": {"name": "Extra 0", "active": true, "price": "0.00", "category": 6}}, {"model": "menu.extra", "pk": 277, "fields": {"name": "Extra 1", "active": true, "price": "1.00", "category": 6}}, {"model": "menu.extra", "pk": 278, "fields": {"name": "Extra 2", "active": true, "price": "2.00", "category": 6}}, {"model": "menu.extra", "pk": 279, "fields": {"name": "Extra 3", "active": true, "price": "3.00", "category": 6}}, {"model": "menu.extra", "pk": 280, "fields": {"name": "Extra 4", "active": true, "price": "4.00", "category": 6}}, {"model": "menu.extra", "pk": 281, "fields": {"name": "Extra 0", "active": true, "price": "0.00", "category": 6}}, {"model": "menu.extra", "pk": 282, "fields": {"name": "Extra 1", "active": true, "price": "1.00", "category": 6}}, {"model": "menu.extra", "pk": 283, "fields": {"name": "Extra 2", "active": true, "price": "2.00", "category": 6}}, {"model": "menu.extra", "pk": 284, "fields": {"name": "Extra 3", "active": true, "price": "3.00", "category": 6}}, {"model": "menu.extra", "pk": 285, "fields": {"name": "Extra 4", "active": true, "price": "4.00", "category": 6}}, {"model": "menu.extra", "pk": 286, "fields": {"name": "Extra 0", "active": true, "price": "0.00", "category": 6}}, {"model": "menu.extra", "pk": 287, "fields": {"name": "Extra 1", "active": true, "price": "1.00", "category": 6}}, {"model": "menu.extra", "pk": 288, "fields": {"name": "Extra 2", "active": true, "price": "2.00", "category": 6}}, {"model": "menu.extra", "pk": 289, "fields": {"name": "Extra 3", "active": true, "price": "3.00", "category": 6}}, {"model": "menu.extra", "pk": 290, "fields": {"name": "Extra 4", "active": true, "price": "4.00", "category": 6}}, {"model": "menu.extra", "pk": 291, "fields": {"name": "Extra 0", "active": true, "price": "0.00", "category": 6}}, {"model": "menu.extra", "pk": 292, "fields": {"name": "Extra 1", "active": true, "price": "1.00", "category": 6}}, {"model": "menu.extra", "pk": 293, "fields": {"name": "Extra 2", "active": true, "price": "2.00", "category": 6}}, {"model": "menu.extra", "pk": 294, "fields": {"name": "Extra 3", "active": true, "price": "3.00", "category": 6}}, {"model": "menu.extra", "pk": 295, "fields": {"name": "Extra 4", "active": true, "price": "4.00", "category": 6}}, {"model": "menu.extra", "pk": 296, "fields": {"name": "Extra 0", "active": true, "price": "0.00", "category": 6}}, {"model": "menu.extra", "pk": 297, "fields": {"name": "Extra 1", "active": true, "price": "1.00", "category": 6}}, {"model": "menu.extra", "pk": 298, "fields": {"name": "Extra 2", "active": true, "price": "2.00", "category": 6}}, {"model": "menu.extra", "pk": 299, "fields": {"name": "Extra 3", "active": true, "price": "3.00", "category": 6}}, {"model": "menu.extra", "pk": 300, "fields": {"name": "Extra 4", "active": true, "price": "4.00", "category": 6}}, {"model": "menu.extra", "pk": 301, "fields": {"name": "Extra 0", "active": true, "price": "0.00", "category": 7}}, {"model": "menu.extra", "pk": 302, "fields": {"name": "Extra 1", "active": true, "price": "1.00", "category": 7}}, {"model": "menu.extra", "pk": 303, "fields": {"name": "Extra 2", "active": true, "price": "2.00", "category": 7}}, {"model": "menu.extra", "pk": 304, "fields": {"name": "Extra 3", "active": true, "price": "3.00", "category": 7}}, {"model": "menu.extra", "pk": 305, "fields": {"name": "Extra 4", "active": true, "price": "4.00", "category": 7}}, {"model": "menu.extra", "pk": 306, "fields": {"name": "Extra 0", "active": true, "price": "0.00", "category": 7}}, {"model": "menu.extra", "pk": 307, "fields": {"name": "Extra 1", "active": true, "price": "1.00", "category": 7}}, {"model": "menu.extra", "pk": 308, "fields": {"name": "Extra 2", "active": true, "price": "2.00", "category": 7}}, {"model": "menu.extra", "pk": 309, "fields": {"name": "Extra 3", "active": true, "price": "3.00", "category": 7}}, {"model": "menu.extra", "pk": 310, "fields": {"name": "Extra 4", "active": true, "price": "4.00", "category": 7}}, {"model": "menu.extra", "pk": 311, "fields": {"name": "Extra 0", "active": true, "price": "0.00", "category": 7}}, {"model": "menu.extra", "pk": 312, "fields": {"name": "Extra 1", "active": true, "price": "1.00", "category": 7}}, {"model": "menu.extra", "pk": 313, "fields": {"name": "Extra 2", "active": true, "price": "2.00", "category": 7}}, {"model": "menu.extra", "pk": 314, "fields": {"name": "Extra 3", "active": true, "price": "3.00", "category": 7}}, {"model": "menu.extra", "pk": 315, "fields": {"name": "Extra 4", "active": true, "price": "4.00", "category": 7}}, {"model": "menu.extra", "pk": 316, "fields": {"name": "Extra 0", "active": true, "price": "0.00", "category": 7}}, {"model": "menu.extra", "pk": 317, "fields": {"name": "Extra 1", "active": true, "price": "1.00", "category": 7}}, {"model": "menu.extra", "pk": 318, "fields": {"name": "Extra 2", "active": true, "price": "2.00", "category": 7}}, {"model": "menu.extra", "pk": 319, "fields": {"name": "Extra 3", "active": true, "price": "3.00", "category": 7}}, {"model": "menu.extra", "pk": 320, "fields": {"name": "Extra 4", "active": true, "price": "4.00", "category": 7}}, {"model": "menu.extra", "pk": 321, "fields": {"name": "Extra 0", "active": true, "price": "0.00", "category": 7}}, {"model": "menu.extra", "pk": 322, "fields": {"name": "Extra 1", "active": true, "price": "1.00", "category": 7}}, {"model": "menu.extra", "pk": 323, "fields": {"name": "Extra 2", "active": true, "price": "2.00", "category": 7}}, {"model": "menu.extra", "pk": 324, "fields": {"name": "Extra 3", "active": true, "price": "3.00", "category": 7}}, {"model": "menu.extra", "pk": 325, "fields": {"name": "Extra 4", "active": true, "price": "4.00", "category": 7}}, {"model": "menu.extra", "pk": 326, "fields": {"name": "Extra 0", "active": true, "price": "0.00", "category": 7}}, {"model": "menu.extra", "pk": 327, "fields": {"name": "Extra 1", "active": true, "price": "1.00", "category": 7}}, {"model": "menu.extra", "pk": 328, "fields": {"name": "Extra 2", "active": true, "price": "2.00", "category": 7}}, {"model": "menu.extra", "pk": 329, "fields": {"name": "Extra 3", "active": true, "price": "3.00", "category": 7}}, {"model": "menu.extra", "pk": 330, "fields": {"name": "Extra 4", "active": true, "price": "4.00", "category": 7}}, {"model": "menu.extra", "pk": 331, "fields": {"name": "Extra 0", "active": true, "price": "0.00", "category": 7}}, {"model": "menu.extra", "pk": 332, "fields": {"name": "Extra 1", "active": true, "price": "1.00", "category": 7}}, {"model": "menu.extra", "pk": 333, "fields": {"name": "Extra 2", "active": true, "price": "2.00", "category": 7}}, {"model": "menu.extra", "pk": 334, "fields": {"name": "Extra 3", "active": true, "price": "3.00", "category": 7}}, {"model": "menu.extra", "pk": 335, "fields": {"name": "Extra 4", "active": true, "price": "4.00", "category": 7}}, {"model": "menu.extra", "pk": 336, "fields": {"name": "Extra 0", "active": true, "price": "0.00", "category": 7}}, {"model": "menu.extra", "pk": 337, "fields": {"name": "Extra 1", "active": true, "price": "1.00", "category": 7}}, {"model": "menu.extra", "pk": 338, "fields": {"name": "Extra 2", "active": true, "price": "2.00", "category": 7}}, {"model": "menu.extra", "pk": 339, "fields": {"name": "Extra 3", "active": true, "price": "3.00", "category": 7}}, {"model": "menu.extra", "pk": 340, "fields": {"name": "Extra 4", "active": true, "price": "4.00", "category": 7}}, {"model": "menu.extra", "pk": 341, "fields": {"name": "Extra 0", "active": true, "price": "0.00", "category": 7}}, {"model": "menu.extra", "pk": 342, "fields": {"name": "Extra 1", "active": true, "price": "1.00", "category": 7}}, {"model": "menu.extra", "pk": 343, "fields": {"name": "Extra 2", "active": true, "price": "2.00", "category": 7}}, {"model": "menu.extra", "pk": 344, "fields": {"name": "Extra 3", "active": true, "price": "3.00", "category": 7}}, {"model": "menu.extra", "pk": 345, "fields": {"name": "Extra 4", "active": true, "price": "4.00", "category": 7}}, {"model": "menu.extra", "pk": 346, "fields": {"name": "Extra 0", "active": true, "price": "0.00", "category": 7}}, {"model": "menu.extra", "pk": 347, "fields": {"name": "Extra 1", "active": true, "price": "1.00", "category": 7}}, {"model": "menu.extra", "pk": 348, "fields": {"name": "Extra 2", "active": true, "price": "2.00", "category": 7}}, {"model": "menu.extra", "pk": 349, "fields": {"name": "Extra 3", "active": true, "price": "3.00", "category": 7}}, {"model": "menu.extra", "pk": 350, "fields": {"name": "Extra 4", "active": true, "price": "4.00", "category": 7}}, {"model": "menu.extra", "pk": 351, "fields": {"name": "Extra 0", "active": true, "price": "0.00", "category": 8}}, {"model": "menu.extra", "pk": 352, "fields": {"name": "Extra 1", "active": true, "price": "1.00", "category": 8}}, {"model": "menu.extra", "pk": 353, "fields": {"name": "Extra 2", "active": true, "price": "2.00", "category": 8}}, {"model": "menu.extra", "pk": 354, "fields": {"name": "Extra 3", "active": true, "price": "3.00", "category": 8}}, {"model": "menu.extra", "pk": 355, "fields": {"name": "Extra 4", "active": true, "price": "4.00", "category": 8}}, {"model": "menu.extra", "pk": 356, "fields": {"name": "Extra 0", "active": true, "price": "0.00", "category": 8}}, {"model": "menu.extra", "pk": 357, "fields": {"name": "Extra 1", "active": true, "price": "1.00", "category": 8}}, {"model": "menu.extra", "pk": 358, "fields": {"name": "Extra 2", "active": true, "price": "2.00", "category": 8}}, {"model": "menu.extra", "pk": 359, "fields": {"name": "Extra 3", "active": true, "price": "3.00", "category": 8}}, {"model": "menu.extra", "pk": 360, "fields": {"name": "Extra 4", "active": true, "price": "4.00", "category": 8}}, {"model": "menu.extra", "pk": 361, "fields": {"name": "Extra 0", "active": true, "price": "0.00", "category": 8}}, {"model": "menu.extra", "pk": 362, "fields": {"name": "Extra 1", "active": true, "price": "1.00", "category": 8}}, {"model": "menu.extra", "pk": 363, "fields": {"name": "Extra 2", "active": true, "price": "2.00", "category": 8}}, {"model": "menu.extra", "pk": 364, "fields": {"name": "Extra 3", "active": true, "price": "3.00", "category": 8}}, {"model": "menu.extra", "pk": 365, "fields": {"name": "Extra 4", "active": true, "price": "4.00", "category": 8}}, {"model": "menu.extra", "pk": 366, "fields": {"name": "Extra 0", "active": true, "price": "0.00", "category": 8}}, {"model": "menu.extra", "pk": 367, "fields": {"name": "Extra 1", "active": true, "price": "1.00", "category": 8}}, {"model": "menu.extra", "pk": 368, "fields": {"name": "Extra 2", "active": true, "price": "2.00", "category": 8}}, {"model": "menu.extra", "pk": 369, "fields": {"name": "Extra 3", "active": true, "price": "3.00", "category": 8}}, {"model": "menu.extra", "pk": 370, "fields": {"name": "Extra 4", "active": true, "price": "4.00", "category": 8}}, {"model": "menu.extra", "pk": 371, "fields": {"name": "Extra 0", "active": true, "price": "0.00", "category": 8}}, {"model": "menu.extra", "pk": 372, "fields": {"name": "Extra 1", "active": true, "price": "1.00", "category": 8}}, {"model": "menu.extra", "pk": 373, "fields": {"name": "Extra 2", "active": true, "price": "2.00", "category": 8}}, {"model": "menu.extra", "pk": 374, "fields": {"name": "Extra 3", "active": true, "price": "3.00", "category": 8}}, {"model": "menu.extra", "pk": 375, "fields": {"name": "Extra 4", "active": true, "price": "4.00", "category": 8}}, {"model": "menu.extra", "pk": 376, "fields": {"name": "Extra 0", "active": true, "price": "0.00", "category": 8}}, {"model": "menu.extra", "pk": 377, "fields": {"name": "Extra 1", "active": true, "price": "1.00", "category": 8}}, {"model": "menu.extra", "pk": 378, "fields": {"name": "Extra 2", "active": true, "price": "2.00", "category": 8}}, {"model": "menu.extra", "pk": 379, "fields": {"name": "Extra 3", "active": true, "price": "3.00", "category": 8}}, {"model": "menu.extra", "pk": 380, "fields": {"name": "Extra 4", "active": true, "price": "4.00", "category": 8}}, {"model": "menu.extra", "pk": 381, "fields": {"name": "Extra 0", "active": true, "price": "0.00", "category": 8}}, {"model": "menu.extra", "pk": 382, "fields": {"name": "Extra 1", "active": true, "price": "1.00", "category": 8}}, {"model": "menu.extra", "pk": 383, "fields": {"name": "Extra 2", "active": true, "price": "2.00", "category": 8}}, {"model": "menu.extra", "pk": 384, "fields": {"name": "Extra 3", "active": true, "price": "3.00", "category": 8}}, {"model": "menu.extra", "pk": 385, "fields": {"name": "Extra 4", "active": true, "price": "4.00", "category": 8}}, {"model": "menu.extra", "pk": 386, "fields": {"name": "Extra 0", "active": true, "price": "0.00", "category": 8}}, {"model": "menu.extra", "pk": 387, "fields": {"name": "Extra 1", "active": true, "price": "1.00", "category": 8}}, {"model": "menu.extra", "pk": 388, "fields": {"name": "Extra 2", "active": true, "price": "2.00", "category": 8}}, {"model": "menu.extra", "pk": 389, "fields": {"name": "Extra 3", "active": true, "price": "3.00", "category": 8}}, {"model": "menu.extra", "pk": 390, "fields": {"name": "Extra 4", "active": true, "price": "4.00", "category": 8}}, {"model": "menu.extra", "pk": 391, "fields": {"name": "Extra 0", "active": true, "price": "0.00", "category": 8}}, {"model": "menu.extra", "pk": 392, "fields": {"name": "Extra 1", "active": true, "price": "1.00", "category": 8}}, {"model": "menu.extra", "pk": 393, "fields": {"name": "Extra 2", "active": true, "price": "2.00", "category": 8}}, {"model": "menu.extra", "pk": 394, "fields": {"name": "Extra 3", "active": true, "price": "3.00", "category": 8}}, {"model": "menu.extra", "pk": 395, "fields": {"name": "Extra 4", "active": true, "price": "4.00", "category": 8}}, {"model": "menu.extra", "pk": 396, "fields": {"name": "Extra 0", "active": true, "price": "0.00", "category": 8}}, {"model": "menu.extra", "pk": 397, "fields": {"name": "Extra 1", "active": true, "price": "1.00", "category": 8}}, {"model": "menu.extra", "pk": 398, "fields": {"name": "Extra 2", "active": true, "price": "2.00", "category": 8}}, {"model": "menu.extra", "pk": 399, "fields": {"name": "Extra 3", "active": true, "price": "3.00", "category": 8}}, {"model": "menu.extra", "pk": 400, "fields": {"name": "Extra 4", "active": true, "price": "4.00", "category": 8}}, {"model": "menu.extra", "pk": 401, "fields": {"name": "Extra 0", "active": true, "price": "0.00", "category": 9}}, {"model": "menu.extra", "pk": 402, "fields": {"name": "Extra 1", "active": true, "price": "1.00", "category": 9}}, {"model": "menu.extra", "pk": 403, "fields": {"name": "Extra 2", "active": true, "price": "2.00", "category": 9}}, {"model": "menu.extra", "pk": 404, "fields": {"name": "Extra 3", "active": true, "price": "3.00", "category": 9}}, {"model": "menu.extra", "pk": 405, "fields": {"name": "Extra 4", "active": true, "price": "4.00", "category": 9}}, {"model": "menu.extra", "pk": 406, "fields": {"name": "Extra 0", "active": true, "price": "0.00", "category": 9}}, {"model": "menu.extra", "pk": 407, "fields": {"name": "Extra 1", "active": true, "price": "1.00", "category": 9}}, {"model": "menu.extra", "pk": 408, "fields": {"name": "Extra 2", "active": true, "price": "2.00", "category": 9}}, {"model": "menu.extra", "pk": 409, "fields": {"name": "Extra 3", "active": true, "price": "3.00", "category": 9}}, {"model": "menu.extra", "pk": 410, "fields": {"name": "Extra 4", "active": true, "price": "4.00", "category": 9}}, {"model": "menu.extra", "pk": 411, "fields": {"name": "Extra 0", "active": true, "price": "0.00", "category": 9}}, {"model": "menu.extra", "pk": 412, "fields": {"name": "Extra 1", "active": true, "price": "1.00", "category": 9}}, {"model": "menu.extra", "pk": 413, "fields": {"name": "Extra 2", "active": true, "price": "2.00", "category": 9}}, {"model": "menu.extra", "pk": 414, "fields": {"name": "Extra 3", "active": true, "price": "3.00", "category": 9}}, {"model": "menu.extra", "pk": 415, "fields": {"name": "Extra 4", "active": true, "price": "4.00", "category": 9}}, {"model": "menu.extra", "pk": 416, "fields": {"name": "Extra 0", "active": true, "price": "0.00", "category": 9}}, {"model": "menu.extra", "pk": 417, "fields": {"name": "Extra 1", "active": true, "price": "1.00", "category": 9}}, {"model": "menu.extra", "pk": 418, "fields": {"name": "Extra 2", "active": true, "price": "2.00", "category": 9}}, {"model": "menu.extra", "pk": 419, "fields": {"name": "Extra 3", "active": true, "price": "3.00", "category": 9}}, {"model": "menu.extra", "pk": 420, "fields": {"name": "Extra 4", "active": true, "price": "4.00", "category": 9}}, {"model": "menu.extra", "pk": 421, "fields": {"name": "Extra 0", "active": true, "price": "0.00", "category": 9}}, {"model": "menu.extra", "pk": 422, "fields": {"name": "Extra 1", "active": true, "price": "1.00", "category": 9}}, {"model": "menu.extra", "pk": 423, "fields": {"name": "Extra 2", "active": true, "price": "2.00", "category": 9}}, {"model": "menu.extra", "pk": 424, "fields": {"name": "Extra 3", "active": true, "price": "3.00", "category": 9}}, {"model": "menu.extra", "pk": 425, "fields": {"name": "Extra 4", "active": true, "price": "4.00", "category": 9}}, {"model": "menu.extra", "pk": 426, "fields": {"name": "Extra 0", "active": true, "price": "0.00", "category": 9}}, {"model": "menu.extra", "pk": 427, "fields": {"name": "Extra 1", "active": true, "price": "1.00", "category": 9}}, {"model": "menu.extra", "pk": 428, "fields": {"name": "Extra 2", "active": true, "price": "2.00", "category": 9}}, {"model": "menu.extra", "pk": 429, "fields": {"name": "Extra 3", "active": true, "price": "3.00", "category": 9}}, {"model": "menu.extra", "pk": 430, "fields": {"name": "Extra 4", "active": true, "price": "4.00", "category": 9}}, {"model": "menu.extra", "pk": 431, "fields": {"name": "Extra 0", "active": true, "price": "0.00", "category": 9}}, {"model": "menu.extra", "pk": 432, "fields": {"name": "Extra 1", "active": true, "price": "1.00", "category": 9}}, {"model": "menu.extra", "pk": 433, "fields": {"name": "Extra 2", "active": true, "price": "2.00", "category": 9}}, {"model": "menu.extra", "pk": 434, "fields": {"name": "Extra 3", "active": true, "price": "3.00", "category": 9}}, {"model": "menu.extra", "pk": 435, "fields": {"name": "Extra 4", "active": true, "price": "4.00", "category": 9}}, {"model": "menu.extra", "pk": 436, "fields": {"name": "Extra 0", "active": true, "price": "0.00", "category": 9}}, {"model": "menu.extra", "pk": 437, "fields": {"name": "Extra 1", "active": true, "price": "1.00", "category": 9}}, {"model": "menu.extra", "pk": 438, "fields": {"name": "Extra 2", "active": true, "price": "2.00", "category": 9}}, {"model": "menu.extra", "pk": 439, "fields": {"name": "Extra 3", "active": true, "price": "3.00", "category": 9}}, {"model": "menu.extra", "pk": 440, "fields": {"name": "Extra 4", "active": true, "price": "4.00", "category": 9}}, {"model": "menu.extra", "pk": 441, "fields": {"name": "Extra 0", "active": true, "price": "0.00", "category": 9}}, {"model": "menu.extra", "pk": 442, "fields": {"name": "Extra 1", "active": true, "price": "1.00", "category": 9}}, {"model": "menu.extra", "pk": 443, "fields": {"name": "Extra 2", "active": true, "price": "2.00", "category": 9}}, {"model": "menu.extra", "pk": 444, "fields": {"name": "Extra 3", "active": true, "price": "3.00", "category": 9}}, {"model": "menu.extra", "pk": 445, "fields": {"name": "Extra 4", "active": true, "price": "4.00", "category": 9}}, {"model": "menu.extra", "pk": 446, "fields": {"name": "Extra 0", "active": true, "price": "0.00", "category": 9}}, {"model": "menu.extra", "pk": 447, "fields": {"name": "Extra 1", "active": true, "price": "1.00", "category": 9}}, {"model": "menu.extra", "pk": 448, "fields": {"name": "Extra 2", "active": true, "price": "2.00", "category": 9}}, {"model": "menu.extra", "pk": 449, "fields": {"name": "Extra 3", "active": true, "price": "3.00", "category": 9}}, {"model": "menu.extra", "pk": 450, "fields": {"name": "Extra 4", "active": true, "price": "4.00", "category": 9}}, {"model": "menu.extra", "pk": 451, "fields": {"name": "Extra 0", "active": true, "price": "0.00", "category": 10}}, {"model": "menu.extra", "pk": 452, "fields": {"name": "Extra 1", "active": true, "price": "1.00", "category": 10}}, {"model": "menu.extra", "pk": 453, "fields": {"name": "Extra 2", "active": true, "price": "2.00", "category": 10}}, {"model": "menu.extra", "pk": 454, "fields": {"name": "Extra 3", "active": true, "price": "3.00", "category": 10}}, {"model": "menu.extra", "pk": 455, "fields": {"name": "Extra 4", "active": true, "price": "4.00", "category": 10}}, {"model": "menu.extra", "pk": 456, "fields": {"name": "Extra 0", "active": true, "price": "0.00", "category": 10}}, {"model": "menu.extra", "pk": 457, "fields": {"name": "Extra 1", "active": true, "price": "1.00", "category": 10}}, {"model": "menu.extra", "pk": 458, "fields": {"name": "Extra 2", "active": true, "price": "2.00", "category": 10}}, {"model": "menu.extra", "pk": 459, "fields": {"name": "Extra 3", "active": true, "price": "3.00", "category": 10}}, {"model": "menu.extra", "pk": 460, "fields": {"name": "Extra 4", "active": true, "price": "4.00", "category": 10}}, {"model": "menu.extra", "pk": 461, "fields": {"name": "Extra 0", "active": true, "price": "0.00", "category": 10}}, {"model": "menu.extra", "pk": 462, "fields": {"name": "Extra 1", "active": true, "price": "1.00", "category": 10}}, {"model": "menu.extra", "pk": 463, "fields": {"name": "Extra 2", "active": true, "price": "2.00", "category": 10}}, {"model": "menu.extra", "pk": 464, "fields": {"name": "Extra 3", "active": true, "price": "3.00", "category": 10}}, {"model": "menu.extra", "pk": 465, "fields": {"name": "Extra 4", "active": true, "price": "4.00", "category": 10}}, {"model": "menu.extra", "pk": 466, "fields": {"name": "Extra 0", "active": true, "price": "0.00", "category": 10}}, {"model": "menu.extra", "pk": 467, "fields": {"name": "Extra 1", "active": true, "price": "1.00", "category": 10}}, {"model": "menu.extra", "pk": 468, "fields": {"name": "Extra 2", "active": true, "price": "2.00", "category": 10}}, {"model": "menu.extra", "pk": 469, "fields": {"name": "Extra 3", "active": true, "price": "3.00", "category": 10}}, {"model": "menu.extra", "pk": 470, "fields": {"name": "Extra 4", "active": true, "price": "4.00", "category": 10}}, {"model": "menu.extra", "pk": 471, "fields": {"name": "Extra 0", "active": true, "price": "0.00", "category": 10}}, {"model": "menu.extra", "pk": 472, "fields": {"name": "Extra 1", "active": true, "price": "1.00", "category": 10}}, {"model": "menu.extra", "pk": 473, "fields": {"name": "Extra 2", "active": true, "price": "2.00", "category": 10}}, {"model": "menu.extra", "pk": 474, "fields": {"name": "Extra 3", "active": true, "price": "3.00", "category": 10}}, {"model": "menu.extra", "pk": 475, "fields": {"name": "Extra 4", "active": true, "price": "4.00", "category": 10}}, {"model": "menu.extra", "pk": 476, "fields": {"name": "Extra 0", "active": true, "price": "0.00", "category": 10}}, {"model": "menu.extra", "pk": 477, "fields": {"name": "Extra 1", "active": true, "price": "1.00", "category": 10}}, {"model": "menu.extra", "pk": 478, "fields": {"name": "Extra 2", "active": true, "price": "2.00", "category": 10}}, {"model": "menu.extra", "pk": 479, "fields": {"name": "Extra 3", "active": true, "price": "3.00", "category": 10}}, {"model": "menu.extra", "pk": 480, "fields": {"name": "Extra 4", "active": true, "price": "4.00", "category": 10}}, {"model": "menu.extra", "pk": 481, "fields": {"name": "Extra 0", "active": true, "price": "0.00", "category": 10}}, {"model": "menu.extra", "pk": 482, "fields": {"name": "Extra 1", "active": true, "price": "1.00", "category": 10}}, {"model": "menu.extra", "pk": 483, "fields": {"name": "Extra 2", "active": true, "price": "2.00", "category": 10}}, {"model": "menu.extra", "pk": 484, "fields": {"name": "Extra 3", "active": true, "price": "3.00", "category": 10}}, {"model": "menu.extra", "pk": 485, "fields": {"name": "Extra 4", "active": true, "price": "4.00", "category": 10}}, {"model": "menu.extra", "pk": 486, "fields": {"name": "Extra 0", "active": true, "price": "0.00", "category": 10}}, {"model": "menu.extra", "pk": 487, "fields": {"name": "Extra 1", "active": true, "price": "1.00", "category": 10}}, {"model": "menu.extra", "pk": 488, "fields": {"name": "Extra 2", "active": true, "price": "2.00", "category": 10}}, {"model": "menu.extra", "pk": 489, "fields": {"name": "Extra 3", "active": true, "price": "3.00", "category": 10}}, {"model": "menu.extra", "pk": 490, "fields": {"name": "Extra 4", "active": true, "price": "4.00", "category": 10}}, {"model": "menu.extra", "pk": 491, "fields": {"name": "Extra 0", "active": true, "price": "0.00", "category": 10}}, {"model": "menu.extra", "pk": 492, "fields": {"name": "Extra 1", "active": true, "price": "1.00", "category": 10}}, {"model": "menu.extra", "pk": 493, "fields": {"name": "Extra 2", "active": true, "price": "2.00", "category": 10}}, {"model": "menu.extra", "pk": 494, "fields": {"name": "Extra 3", "active": true, "price": "3.00", "category": 10}}, {"model": "menu.extra", "pk": 495, "fields": {"name": "Extra 4", "active": true, "price": "4.00", "category": 10}}, {"model": "menu.extra", "pk": 496, "fields": {"name": "Extra 0", "active": true, "price": "0.00", "category": 10}}, {"model": "menu.extra", "pk": 497, "fields": {"name": "Extra 1", "active": true, "price": "1.00", "category": 10}}, {"model": "menu.extra", "pk": 498, "fields": {"name": "Extra 2", "active": true, "price": "2.00", "category": 10}}, {"model": "menu.extra", "pk": 499, "fields": {"name": "Extra 3", "active": true, "price": "3.00", "category": 10}}, {"model": "menu.extra", "pk": 500, "fields": {"name": "Extra 4", "active": true, "price": "4.00", "category": 10}}, {"model": "menu.tag", "pk": 1, "fields": {"name": "Tag 0"}}, {"model": "menu.tag", "pk": 2, "fields": {"name": "Tag 1"}}, {"model": "menu.tag", "pk": 3, "fields": {"name": "Tag 2"}}, {"model": "menu.tag", "pk": 4, "fields": {"name": "Tag 3"}}, {"model": "menu.tag", "pk": 5, "fields": {"name": "Tag 4"}}, {"model": "menu.tag", "pk": 6, "fields": {"name": "Tag 5"}}, {"model": "menu.tag", "pk": 7, "fields": {"name": "Tag 6"}}, {"model": "menu.tag", "pk": 8, "fields": {"name": "Tag 7"}}, {"model": "menu.tag", "pk": 9, "fields": {"name": "Tag 8"}}, {"model": "menu.tag", "pk": 10, "fields": {"name": "Tag 9"}}, {"model": "menu.fooditem", "pk": 1, "fields": {"name": "Food item 0", "active": true, "price": "10.00", "description": "Test description 0", "category": 1, "size": null, "tags": []}}, {"model": "menu.fooditem", "pk": 2, "fields": {"name": "Food item 1", "active": true, "price": "10.00", "description": "Test description 1", "category": 1, "size": null, "tags": []}}, {"model": "menu.fooditem", "pk": 3, "fields": {"name": "Food item 2", "active": true, "price": "10.00", "description": "Test description 2", "category": 1, "size": null, "tags": []}}, {"model": "menu.fooditem", "pk": 4, "fields": {"name": "Food item 3", "active": true, "price": "10.00", "description": "Test description 3", "category": 1, "size": null, "tags": []}}, {"model": "menu.fooditem", "pk": 5, "fields": {"name": "Food item 4", "active": true, "price": "10.00", "description": "Test description 4", "category": 1, "size": null, "tags": []}}, {"model": "menu.fooditem", "pk": 6, "fields": {"name": "Food item 5", "active": true, "price": "10.00", "description": "Test description 5", "category": 1, "size": null, "tags": []}}, {"model": "menu.fooditem", "pk": 7, "fields": {"name": "Drink 1", "active": true, "price": "10.00", "description": "Test description 1", "category": 1, "size": "LARGE", "tags": []}}, {"model": "menu.fooditem", "pk": 8, "fields": {"name": "Drink 2", "active": true, "price": "10.00", "description": "Test description 2", "category": 1, "size": "LARGE", "tags": []}}, {"model": "menu.fooditem", "pk": 9, "fields": {"name": "Drink 3", "active": true, "price": "10.00", "description": "Test description 3", "category": 1, "size": "LARGE", "tags": []}}, {"model": "menu.fooditem", "pk": 10, "fields": {"name": "Drink 4", "active": true, "price": "10.00", "description": "Test description 4", "category": 1, "size": "LARGE", "tags": []}}, {"model": "menu.fooditem", "pk": 11, "fields": {"name": "Food item 0", "active": true, "price": "10.00", "description": "Test description 0", "category": 2, "size": null, "tags": []}}, {"model": "menu.fooditem", "pk": 12, "fields": {"name": "Food item 1", "active": true, "price": "10.00", "description": "Test description 1", "category": 2, "size": null, "tags": []}}, {"model": "menu.fooditem", "pk": 13, "fields": {"name": "Food item 2", "active": true, "price": "10.00", "description": "Test description 2", "category": 2, "size": null, "tags": []}}, {"model": "menu.fooditem", "pk": 14, "fields": {"name": "Food item 3", "active": true, "price": "10.00", "description": "Test description 3", "category": 2, "size": null, "tags": []}}, {"model": "menu.fooditem", "pk": 15, "fields": {"name": "Food item 4", "active": true, "price": "10.00", "description": "Test description 4", "category": 2, "size": null, "tags": []}}, {"model": "menu.fooditem", "pk": 16, "fields": {"name": "Food item 5", "active": true, "price": "10.00", "description": "Test description 5", "category": 2, "size": null, "tags": []}}, {"model": "menu.fooditem", "pk": 17, "fields": {"name": "Drink 1", "active": true, "price": "10.00", "description": "Test description 1", "category": 2, "size": "LARGE", "tags": []}}, {"model": "menu.fooditem", "pk": 18, "fields": {"name": "Drink 2", "active": true, "price": "10.00", "description": "Test description 2", "category": 2, "size": "LARGE", "tags": []}}, {"model": "menu.fooditem", "pk": 19, "fields": {"name": "Drink 3", "active": true, "price": "10.00", "description": "Test description 3", "category": 2, "size": "LARGE", "tags": []}}, {"model": "menu.fooditem", "pk": 20, "fields": {"name": "Drink 4", "active": true, "price": "10.00", "description": "Test description 4", "category": 2, "size": "LARGE", "tags": []}}, {"model": "menu.fooditem", "pk": 21, "fields": {"name": "Food item 0", "active": true, "price": "10.00", "description": "Test description 0", "category": 3, "size": null, "tags": []}}, {"model": "menu.fooditem", "pk": 22, "fields": {"name": "Food item 1", "active": true, "price": "10.00", "description": "Test description 1", "category": 3, "size": null, "tags": []}}, {"model": "menu.fooditem", "pk": 23, "fields": {"name": "Food item 2", "active": true, "price": "10.00", "description": "Test description 2", "category": 3, "size": null, "tags": []}}, {"model": "menu.fooditem", "pk": 24, "fields": {"name": "Food item 3", "active": true, "price": "10.00", "description": "Test description 3", "category": 3, "size": null, "tags": []}}, {"model": "menu.fooditem", "pk": 25, "fields": {"name": "Food item 4", "active": true, "price": "10.00", "description": "Test description 4", "category": 3, "size": null, "tags": []}}, {"model": "menu.fooditem", "pk": 26, "fields": {"name": "Food item 5", "active": true, "price": "10.00", "description": "Test description 5", "category": 3, "size": null, "tags": []}}, {"model": "menu.fooditem", "pk": 27, "fields": {"name": "Drink 1", "active": true, "price": "10.00", "description": "Test description 1", "category": 3, "size": "LARGE", "tags": []}}, {"model": "menu.fooditem", "pk": 28, "fields": {"name": "Drink 2", "active": true, "price": "10.00", "description": "Test description 2", "category": 3, "size": "LARGE", "tags": []}}, {"model": "menu.fooditem", "pk": 29, "fields": {"name": "Drink 3", "active": true, "price": "10.00", "description": "Test description 3", "category": 3, "size": "LARGE", "tags": []}}, {"model": "menu.fooditem", "pk": 30, "fields": {"name": "Drink 4", "active": true, "price": "10.00", "description": "Test description 4", "category": 3, "size": "LARGE", "tags": []}}, {"model": "menu.fooditem", "pk": 31, "fields": {"name": "Food item 0", "active": true, "price": "10.00", "description": "Test description 0", "category": 4, "size": null, "tags": []}}, {"model": "menu.fooditem", "pk": 32, "fields": {"name": "Food item 1", "active": true, "price": "10.00", "description": "Test description 1", "category": 4, "size": null, "tags": []}}, {"model": "menu.fooditem", "pk": 33, "fields": {"name": "Food item 2", "active": true, "price": "10.00", "description": "Test description 2", "category": 4, "size": null, "tags": []}}, {"model": "menu.fooditem", "pk": 34, "fields": {"name": "Food item 3", "active": true, "price": "10.00", "description": "Test description 3", "category": 4, "size": null, "tags": []}}, {"model": "menu.fooditem", "pk": 35, "fields": {"name": "Food item 4", "active": true, "price": "10.00", "description": "Test description 4", "category": 4, "size": null, "tags": []}}, {"model": "menu.fooditem", "pk": 36, "fields": {"name": "Food item 5", "active": true, "price": "10.00", "description": "Test description 5", "category": 4, "size": null, "tags": []}}, {"model": "menu.fooditem", "pk": 37, "fields": {"name": "Drink 1", "active": true, "price": "10.00", "description": "Test description 1", "category": 4, "size": "LARGE", "tags": []}}, {"model": "menu.fooditem", "pk": 38, "fields": {"name": "Drink 2", "active": true, "price": "10.00", "description": "Test description 2", "category": 4, "size": "LARGE", "tags": []}}, {"model": "menu.fooditem", "pk": 39, "fields": {"name": "Drink 3", "active": true, "price": "10.00", "description": "Test description 3", "category": 4, "size": "LARGE", "tags": []}}, {"model": "menu.fooditem", "pk": 40, "fields": {"name": "Drink 4", "active": true, "price": "10.00", "description": "Test description 4", "category": 4, "size": "LARGE", "tags": []}}, {"model": "menu.fooditem", "pk": 41, "fields": {"name": "Food item 0", "active": true, "price": "10.00", "description": "Test description 0", "category": 5, "size": null, "tags": []}}, {"model": "menu.fooditem", "pk": 42, "fields": {"name": "Food item 1", "active": true, "price": "10.00", "description": "Test description 1", "category": 5, "size": null, "tags": []}}, {"model": "menu.fooditem", "pk": 43, "fields": {"name": "Food item 2", "active": true, "price": "10.00", "description": "Test description 2", "category": 5, "size": null, "tags": []}}, {"model": "menu.fooditem", "pk": 44, "fields": {"name": "Food item 3", "active": true, "price": "10.00", "description": "Test description 3", "category": 5, "size": null, "tags": []}}, {"model": "menu.fooditem", "pk": 45, "fields": {"name": "Food item 4", "active": true, "price": "10.00", "description": "Test description 4", "category": 5, "size": null, "tags": []}}, {"model": "menu.fooditem", "pk": 46, "fields": {"name": "Food item 5", "active": true, "price": "10.00", "description": "Test description 5", "category": 5, "size": null, "tags": []}}, {"model": "menu.fooditem", "pk": 47, "fields": {"name": "Drink 1", "active": true, "price": "10.00", "description": "Test description 1", "category": 5, "size": "LARGE", "tags": []}}, {"model": "menu.fooditem", "pk": 48, "fields": {"name": "Drink 2", "active": true, "price": "10.00", "description": "Test description 2", "category": 5, "size": "LARGE", "tags": []}}, {"model": "menu.fooditem", "pk": 49, "fields": {"name": "Drink 3", "active": true, "price": "10.00", "description": "Test description 3", "category": 5, "size": "LARGE", "tags": []}}, {"model": "menu.fooditem", "pk": 50, "fields": {"name": "Drink 4", "active": true, "price": "10.00", "description": "Test description 4", "category": 5, "size": "LARGE", "tags": []}}, {"model": "menu.fooditem", "pk": 51, "fields": {"name": "Food item 0", "active": true, "price": "10.00", "description": "Test description 0", "category": 6, "size": null, "tags": []}}, {"model": "menu.fooditem", "pk": 52, "fields": {"name": "Food item 1", "active": true, "price": "10.00", "description": "Test description 1", "category": 6, "size": null, "tags": []}}, {"model": "menu.fooditem", "pk": 53, "fields": {"name": "Food item 2", "active": true, "price": "10.00", "description": "Test description 2", "category": 6, "size": null, "tags": []}}, {"model": "menu.fooditem", "pk": 54, "fields": {"name": "Food item 3", "active": true, "price": "10.00", "description": "Test description 3", "category": 6, "size": null, "tags": []}}, {"model": "menu.fooditem", "pk": 55, "fields": {"name": "Food item 4", "active": true, "price": "10.00", "description": "Test description 4", "category": 6, "size": null, "tags": []}}, {"model": "menu.fooditem", "pk": 56, "fields": {"name": "Food item 5", "active": true, "price": "10.00", "description": "Test description 5", "category": 6, "size": null, "tags": []}}, {"model": "menu.fooditem", "pk": 57, "fields": {"name": "Drink 1", "active": true, "price": "10.00", "description": "Test description 1", "category": 6, "size": "LARGE", "tags": []}}, {"model": "menu.fooditem", "pk": 58, "fields": {"name": "Drink 2", "active": true, "price": "10.00", "description": "Test description 2", "category": 6, "size": "LARGE", "tags": []}}, {"model": "menu.fooditem", "pk": 59, "fields": {"name": "Drink 3", "active": true, "price": "10.00", "description": "Test description 3", "category": 6, "size": "LARGE", "tags": []}}, {"model": "menu.fooditem", "pk": 60, "fields": {"name": "Drink 4", "active": true, "price": "10.00", "description": "Test description 4", "category": 6, "size": "LARGE", "tags": []}}, {"model": "menu.fooditem", "pk": 61, "fields": {"name": "Food item 0", "active": true, "price": "10.00", "description": "Test description 0", "category": 7, "size": null, "tags": []}}, {"model": "menu.fooditem", "pk": 62, "fields": {"name": "Food item 1", "active": true, "price": "10.00", "description": "Test description 1", "category": 7, "size": null, "tags": []}}, {"model": "menu.fooditem", "pk": 63, "fields": {"name": "Food item 2", "active": true, "price": "10.00", "description": "Test description 2", "category": 7, "size": null, "tags": []}}, {"model": "menu.fooditem", "pk": 64, "fields": {"name": "Food item 3", "active": true, "price": "10.00", "description": "Test description 3", "category": 7, "size": null, "tags": []}}, {"model": "menu.fooditem", "pk": 65, "fields": {"name": "Food item 4", "active": true, "price": "10.00", "description": "Test description 4", "category": 7, "size": null, "tags": []}}, {"model": "menu.fooditem", "pk": 66, "fields": {"name": "Food item 5", "active": true, "price": "10.00", "description": "Test description 5", "category": 7, "size": null, "tags": []}}, {"model": "menu.fooditem", "pk": 67, "fields": {"name": "Drink 1", "active": true, "price": "10.00", "description": "Test description 1", "category": 7, "size": "LARGE", "tags": []}}, {"model": "menu.fooditem", "pk": 68, "fields": {"name": "Drink 2", "active": true, "price": "10.00", "description": "Test description 2", "category": 7, "size": "LARGE", "tags": []}}, {"model": "menu.fooditem", "pk": 69, "fields": {"name": "Drink 3", "active": true, "price": "10.00", "description": "Test description 3", "category": 7, "size": "LARGE", "tags": []}}, {"model": "menu.fooditem", "pk": 70, "fields": {"name": "Drink 4", "active": true, "price": "10.00", "description": "Test description 4", "category": 7, "size": "LARGE", "tags": []}}, {"model": "menu.fooditem", "pk": 71, "fields": {"name": "Food item 0", "active": true, "price": "10.00", "description": "Test description 0", "category": 8, "size": null, "tags": []}}, {"model": "menu.fooditem", "pk": 72, "fields": {"name": "Food item 1", "active": true, "price": "10.00", "description": "Test description 1", "category": 8, "size": null, "tags": []}}, {"model": "menu.fooditem", "pk": 73, "fields": {"name": "Food item 2", "active": true, "price": "10.00", "description": "Test description 2", "category": 8, "size": null, "tags": []}}, {"model": "menu.fooditem", "pk": 74, "fields": {"name": "Food item 3", "active": true, "price": "10.00", "description": "Test description 3", "category": 8, "size": null, "tags": []}}, {"model": "menu.fooditem", "pk": 75, "fields": {"name": "Food item 4", "active": true, "price": "10.00", "description": "Test description 4", "category": 8, "size": null, "tags": []}}, {"model": "menu.fooditem", "pk": 76, "fields": {"name": "Food item 5", "active": true, "price": "10.00", "description": "Test description 5", "category": 8, "size": null, "tags": []}}, {"model": "menu.fooditem", "pk": 77, "fields": {"name": "Drink 1", "active": true, "price": "10.00", "description": "Test description 1", "category": 8, "size": "LARGE", "tags": []}}, {"model": "menu.fooditem", "pk": 78, "fields": {"name": "Drink 2", "active": true, "price": "10.00", "description": "Test description 2", "category": 8, "size": "LARGE", "tags": []}}, {"model": "menu.fooditem", "pk": 79, "fields": {"name": "Drink 3", "active": true, "price": "10.00", "description": "Test description 3", "category": 8, "size": "LARGE", "tags": []}}, {"model": "menu.fooditem", "pk": 80, "fields": {"name": "Drink 4", "active": true, "price": "10.00", "description": "Test description 4", "category": 8, "size": "LARGE", "tags": []}}, {"model": "menu.fooditem", "pk": 81, "fields": {"name": "Food item 0", "active": true, "price": "10.00", "description": "Test description 0", "category": 9, "size": null, "tags": []}}, {"model": "menu.fooditem", "pk": 82, "fields": {"name": "Food item 1", "active": true, "price": "10.00", "description": "Test description 1", "category": 9, "size": null, "tags": []}}, {"model": "menu.fooditem", "pk": 83, "fields": {"name": "Food item 2", "active": true, "price": "10.00", "description": "Test description 2", "category": 9, "size": null, "tags": []}}, {"model": "menu.fooditem", "pk": 84, "fields": {"name": "Food item 3", "active": true, "price": "10.00", "description": "Test description 3", "category": 9, "size": null, "tags": []}}, {"model": "menu.fooditem", "pk": 85, "fields": {"name": "Food item 4", "active": true, "price": "10.00", "description": "Test description 4", "category": 9, "size": null, "tags": []}}, {"model": "menu.fooditem", "pk": 86, "fields": {"name": "Food item 5", "active": true, "price": "10.00", "description": "Test description 5", "category": 9, "size": null, "tags": []}}, {"model": "menu.fooditem", "pk": 87, "fields": {"name": "Drink 1", "active": true, "price": "10.00", "description": "Test description 1", "category": 9, "size": "LARGE", "tags": []}}, {"model": "menu.fooditem", "pk": 88, "fields": {"name": "Drink 2", "active": true, "price": "10.00", "description": "Test description 2", "category": 9, "size": "LARGE", "tags": []}}, {"model": "menu.fooditem", "pk": 89, "fields": {"name": "Drink 3", "active": true, "price": "10.00", "description": "Test description 3", "category": 9, "size": "LARGE", "tags": []}}, {"model": "menu.fooditem", "pk": 90, "fields": {"name": "Drink 4", "active": true, "price": "10.00", "description": "Test description 4", "category": 9, "size": "LARGE", "tags": []}}, {"model": "menu.fooditem", "pk": 91, "fields": {"name": "Food item 0", "active": true, "price": "10.00", "description": "Test description 0", "category": 10, "size": null, "tags": []}}, {"model": "menu.fooditem", "pk": 92, "fields": {"name": "Food item 1", "active": true, "price": "10.00", "description": "Test description 1", "category": 10, "size": null, "tags": []}}, {"model": "menu.fooditem", "pk": 93, "fields": {"name": "Food item 2", "active": true, "price": "10.00", "description": "Test description 2", "category": 10, "size": null, "tags": []}}, {"model": "menu.fooditem", "pk": 94, "fields": {"name": "Food item 3", "active": true, "price": "10.00", "description": "Test description 3", "category": 10, "size": null, "tags": []}}, {"model": "menu.fooditem", "pk": 95, "fields": {"name": "Food item 4", "active": true, "price": "10.00", "description": "Test description 4", "category": 10, "size": null, "tags": []}}, {"model": "menu.fooditem", "pk": 96, "fields": {"name": "Food item 5", "active": true, "price": "10.00", "description": "Test description 5", "category": 10, "size": null, "tags": []}}, {"model": "menu.fooditem", "pk": 97, "fields": {"name": "Drink 1", "active": true, "price": "10.00", "description": "Test description 1", "category": 10, "size": "LARGE", "tags": []}}, {"model": "menu.fooditem", "pk": 98, "fields": {"name": "Drink 2", "active": true, "price": "10.00", "description": "Test description 2", "category": 10, "size": "LARGE", "tags": []}}, {"model": "menu.fooditem", "pk": 99, "fields": {"name": "Drink 3", "active": true, "price": "10.00", "description": "Test description 3", "category": 10, "size": "LARGE", "tags": []}}, {"model": "menu.fooditem", "pk": 100, "fields": {"name": "Drink 4", "active": true, "price": "10.00", "description": "Test description 4", "category": 10, "size": "LARGE", "tags": []}}, {"model": "menu.discount", "pk": 1, "fields": {"name": "0%", "amount": 0, "discount": "PERCENTAGE"}}, {"model": "menu.discount", "pk": 2, "fields": {"name": "10%", "amount": 10, "discount": "PERCENTAGE"}}, {"model": "menu.discount", "pk": 3, "fields": {"name": "20%", "amount": 20, "discount": "PERCENTAGE"}}, {"model": "menu.discount", "pk": 4, "fields": {"name": "30%", "amount": 30, "discount": "PERCENTAGE"}}, {"model": "menu.discount", "pk": 5, "fields": {"name": "40%", "amount": 40, "discount": "PERCENTAGE"}}, {"model": "menu.creditcard", "pk": 1, "fields": {"number": 1234123412341230, "expiry_month": 0, "expiry_year": 0, "cvs": 120}}, {"model": "menu.creditcard", "pk": 2, "fields": {"number": 1234123412341231, "expiry_month": 1, "expiry_year": 1, "cvs": 121}}, {"model": "menu.creditcard", "pk": 3, "fields": {"number": 1234123412341232, "expiry_month": 2, "expiry_year": 2, "cvs": 122}}, {"model": "menu.creditcard", "pk": 4, "fields": {"number": 1234123412341233, "expiry_month": 3, "expiry_year": 3, "cvs": 123}}, {"model": "menu.creditcard", "pk": 5, "fields": {"number": 1234123412341234, "expiry_month": 4, "expiry_year": 4, "cvs": 124}}, {"model": "menu.transactionfooditem", "pk": 1, "fields": {"food_item": 1, "transaction": 1, "discount": 1, "description": null, "extras": []}}, {"model": "menu.transactionfooditem", "pk": 2, "fields": {"food_item": 2, "transaction": 1, "discount": 1, "description": null, "extras": []}}, {"model": "menu.transactionfooditem", "pk": 3, "fields": {"food_item": 3, "transaction": 1, "discount": 1, "description": null, "extras": []}}, {"model": "menu.transactionfooditem", "pk": 4, "fields": {"food_item": 4, "transaction": 1, "discount": 1, "description": null, "extras": []}}, {"model": "menu.transactionfooditem", "pk": 5, "fields": {"food_item": 5, "transaction": 1, "discount": 1, "description": null, "extras": []}}, {"model": "menu.transactionfooditem", "pk": 6, "fields": {"food_item": 6, "transaction": 2, "discount": 2, "description": null, "extras": []}}, {"model": "menu.transactionfooditem", "pk": 7, "fields": {"food_item": 7, "transaction": 2, "discount": 2, "description": null, "extras": []}}, {"model": "menu.transactionfooditem", "pk": 8, "fields": {"food_item": 8, "transaction": 2, "discount": 2, "description": null, "extras": []}}, {"model": "menu.transactionfooditem", "pk": 9, "fields": {"food_item": 9, "transaction": 2, "discount": 2, "description": null, "extras": []}}, {"model": "menu.transactionfooditem", "pk": 10, "fields": {"food_item": 10, "transaction": 2, "discount": 2, "description": null, "extras": []}}, {"model": "menu.transactionfooditem", "pk": 11, "fields": {"food_item": 11, "transaction": 3, "discount": 3, "description": null, "extras": []}}, {"model": "menu.transactionfooditem", "pk": 12, "fields": {"food_item": 12, "transaction": 3, "discount": 3, "description": null, "extras": []}}, {"model": "menu.transactionfooditem", "pk": 13, "fields": {"food_item": 13, "transaction": 3, "discount": 3, "description": null, "extras": []}}, {"model": "menu.transactionfooditem", "pk": 14, "fields": {"food_item": 14, "transaction": 3, "discount": 3, "description": null, "extras": []}}, {"model": "menu.transactionfooditem", "pk": 15, "fields": {"food_item": 15, "transaction": 3, "discount": 3, "description": null, "extras": []}}, {"model": "menu.transactionfooditem", "pk": 16, "fields": {"food_item": 16, "transaction": 4, "discount": 4, "description": null, "extras": []}}, {"model": "menu.transactionfooditem", "pk": 17, "fields": {"food_item": 17, "transaction": 4, "discount": 4, "description": null, "extras": []}}, {"model": "menu.transactionfooditem", "pk": 18, "fields": {"food_item": 18, "transaction": 4, "discount": 4, "description": null, "extras": []}}, {"model": "menu.transactionfooditem", "pk": 19, "fields": {"food_item": 19, "transaction": 4, "discount": 4, "description": null, "extras": []}}, {"model": "menu.transactionfooditem", "pk": 20, "fields": {"food_item": 20, "transaction": 4, "discount": 4, "description": null, "extras": []}}, {"model": "menu.transactionfooditem", "pk": 21, "fields": {"food_item": 21, "transaction": 5, "discount": 5, "description": null, "extras": []}}, {"model": "menu.transactionfooditem", "pk": 22, "fields": {"food_item": 22, "transaction": 5, "discount": 5, "description": null, "extras": []}}, {"model": "menu.transactionfooditem", "pk": 23, "fields": {"food_item": 23, "transaction": 5, "discount": 5, "description": null, "extras": []}}, {"model": "menu.transactionfooditem", "pk": 24, "fields": {"food_item": 24, "transaction": 5, "discount": 5, "description": null, "extras": []}}, {"model": "menu.transactionfooditem", "pk": 25, "fields": {"food_item": 25, "transaction": 5, "discount": 5, "description": null, "extras": []}}, {"model": "auth.permission", "pk": 1, "fields": {"name": "Can add log entry", "content_type": 1, "codename": "add_logentry"}}, {"model": "auth.permission", "pk": 2, "fields": {"name": "Can change log entry", "content_type": 1, "codename": "change_logentry"}}, {"model": "auth.permission", "pk": 3, "fields": {"name": "Can delete log entry", "content_type": 1, "codename": "delete_logentry"}}, {"model": "auth.permission", "pk": 4, "fields": {"name": "Can view log entry", "content_type": 1, "codename": "view_logentry"}}, {"model": "auth.permission", "pk": 5, "fields": {"name": "Can add permission", "content_type": 2, "codename": "add_permission"}}, {"model": "auth.permission", "pk": 6, "fields": {"name": "Can change permission", "content_type": 2, "codename": "change_permission"}}, {"model": "auth.permission", "pk": 7, "fields": {"name": "Can delete permission", "content_type": 2, "codename": "delete_permission"}}, {"model": "auth.permission", "pk": 8, "fields": {"name": "Can view permission", "content_type": 2, "codename": "view_permission"}}, {"model": "auth.permission", "pk": 9, "fields": {"name": "Can add group", "content_type": 3, "codename": "add_group"}}, {"model": "auth.permission", "pk": 10, "fields": {"name": "Can change group", "content_type": 3, "codename": "change_group"}}, {"model": "auth.permission", "pk": 11, "fields": {"name": "Can delete group", "content_type": 3, "codename": "delete_group"}}, {"model": "auth.permission", "pk": 12, "fields": {"name": "Can view group", "content_type": 3, "codename": "view_group"}}, {"model": "auth.permission", "pk": 13, "fields": {"name": "Can add content type", "content_type": 4, "codename": "add_contenttype"}}, {"model": "auth.permission", "pk": 14, "fields": {"name": "Can change content type", "content_type": 4, "codename": "change_contenttype"}}, {"model": "auth.permission", "pk": 15, "fields": {"name": "Can delete content type", "content_type": 4, "codename": "delete_contenttype"}}, {"model": "auth.permission", "pk": 16, "fields": {"name": "Can view content type", "content_type": 4, "codename": "view_contenttype"}}, {"model": "auth.permission", "pk": 17, "fields": {"name": "Can add session", "content_type": 5, "codename": "add_session"}}, {"model": "auth.permission", "pk": 18, "fields": {"name": "Can change session", "content_type": 5, "codename": "change_session"}}, {"model": "auth.permission", "pk": 19, "fields": {"name": "Can delete session", "content_type": 5, "codename": "delete_session"}}, {"model": "auth.permission", "pk": 20, "fields": {"name": "Can view session", "content_type": 5, "codename": "view_session"}}, {"model": "auth.permission", "pk": 21, "fields": {"name": "Can add site", "content_type": 6, "codename": "add_site"}}, {"model": "auth.permission", "pk": 22, "fields": {"name": "Can change site", "content_type": 6, "codename": "change_site"}}, {"model": "auth.permission", "pk": 23, "fields": {"name": "Can delete site", "content_type": 6, "codename": "delete_site"}}, {"model": "auth.permission", "pk": 24, "fields": {"name": "Can view site", "content_type": 6, "codename": "view_site"}}, {"model": "auth.permission", "pk": 25, "fields": {"name": "Can add Token", "content_type": 7, "codename": "add_token"}}, {"model": "auth.permission", "pk": 26, "fields": {"name": "Can change Token", "content_type": 7, "codename": "change_token"}}, {"model": "auth.permission", "pk": 27, "fields": {"name": "Can delete Token", "content_type": 7, "codename": "delete_token"}}, {"model": "auth.permission", "pk": 28, "fields": {"name": "Can view Token", "content_type": 7, "codename": "view_token"}}, {"model": "auth.permission", "pk": 29, "fields": {"name": "Can add email address", "content_type": 8, "codename": "add_emailaddress"}}, {"model": "auth.permission", "pk": 30, "fields": {"name": "Can change email address", "content_type": 8, "codename": "change_emailaddress"}}, {"model": "auth.permission", "pk": 31, "fields": {"name": "Can delete email address", "content_type": 8, "codename": "delete_emailaddress"}}, {"model": "auth.permission", "pk": 32, "fields": {"name": "Can view email address", "content_type": 8, "codename": "view_emailaddress"}}, {"model": "auth.permission", "pk": 33, "fields": {"name": "Can add email confirmation", "content_type": 9, "codename": "add_emailconfirmation"}}, {"model": "auth.permission", "pk": 34, "fields": {"name": "Can change email confirmation", "content_type": 9, "codename": "change_emailconfirmation"}}, {"model": "auth.permission", "pk": 35, "fields": {"name": "Can delete email confirmation", "content_type": 9, "codename": "delete_emailconfirmation"}}, {"model": "auth.permission", "pk": 36, "fields": {"name": "Can view email confirmation", "content_type": 9, "codename": "view_emailconfirmation"}}, {"model": "auth.permission", "pk": 37, "fields": {"name": "Can add social account", "content_type": 10, "codename": "add_socialaccount"}}, {"model": "auth.permission", "pk": 38, "fields": {"name": "Can change social account", "content_type": 10, "codename": "change_socialaccount"}}, {"model": "auth.permission", "pk": 39, "fields": {"name": "Can delete social account", "content_type": 10, "codename": "delete_socialaccount"}}, {"model": "auth.permission", "pk": 40, "fields": {"name": "Can view social account", "content_type": 10, "codename": "view_socialaccount"}}, {"model": "auth.permission", "pk": 41, "fields": {"name": "Can add social application", "content_type": 11, "codename": "add_socialapp"}}, {"model": "auth.permission", "pk": 42, "fields": {"name": "Can change social application", "content_type": 11, "codename": "change_socialapp"}}, {"model": "auth.permission", "pk": 43, "fields": {"name": "Can delete social application", "content_type": 11, "codename": "delete_socialapp"}}, {"model": "auth.permission", "pk": 44, "fields": {"name": "Can view social application", "content_type": 11, "codename": "view_socialapp"}}, {"model": "auth.permission", "pk": 45, "fields": {"name": "Can add social application token", "content_type": 12, "codename": "add_socialtoken"}}, {"model": "auth.permission", "pk": 46, "fields": {"name": "Can change social application token", "content_type": 12, "codename": "change_socialtoken"}}, {"model": "auth.permission", "pk": 47, "fields": {"name": "Can delete social application token", "content_type": 12, "codename": "delete_socialtoken"}}, {"model": "auth.permission", "pk": 48, "fields": {"name": "Can view social application token", "content_type": 12, "codename": "view_socialtoken"}}, {"model": "auth.permission", "pk": 49, "fields": {"name": "Can add user", "content_type": 13, "codename": "add_customuser"}}, {"model": "auth.permission", "pk": 50, "fields": {"name": "Can change user", "content_type": 13, "codename": "change_customuser"}}, {"model": "auth.permission", "pk": 51, "fields": {"name": "Can delete user", "content_type": 13, "codename": "delete_customuser"}}, {"model": "auth.permission", "pk": 52, "fields": {"name": "Can view user", "content_type": 13, "codename": "view_customuser"}}, {"model": "auth.permission", "pk": 53, "fields": {"name": "Can add category", "content_type": 14, "codename": "add_category"}}, {"model": "auth.permission", "pk": 54, "fields": {"name": "Can change category", "content_type": 14, "codename": "change_category"}}, {"model": "auth.permission", "pk": 55, "fields": {"name": "Can delete category", "content_type": 14, "codename": "delete_category"}}, {"model": "auth.permission", "pk": 56, "fields": {"name": "Can view category", "content_type": 14, "codename": "view_category"}}, {"model": "auth.permission", "pk": 57, "fields": {"name": "Can add credit card", "content_type": 15, "codename": "add_creditcard"}}, {"model": "auth.permission", "pk": 58, "fields": {"name": "Can change credit card", "content_type": 15, "codename": "change_creditcard"}}, {"model": "auth.permission", "pk": 59, "fields": {"name": "Can delete credit card", "content_type": 15, "codename": "delete_creditcard"}}, {"model": "auth.permission", "pk": 60, "fields": {"name": "Can view credit card", "content_type": 15, "codename": "view_creditcard"}}, {"model": "auth.permission", "pk": 61, "fields": {"name": "Can add discount", "content_type": 16, "codename": "add_discount"}}, {"model": "auth.permission", "pk": 62, "fields": {"name": "Can change discount", "content_type": 16, "codename": "change_discount"}}, {"model": "auth.permission", "pk": 63, "fields": {"name": "Can delete discount", "content_type": 16, "codename": "delete_discount"}}, {"model": "auth.permission", "pk": 64, "fields": {"name": "Can view discount", "content_type": 16, "codename": "view_discount"}}, {"model": "auth.permission", "pk": 65, "fields": {"name": "Can add extra", "content_type": 17, "codename": "add_extra"}}, {"model": "auth.permission", "pk": 66, "fields": {"name": "Can change extra", "content_type": 17, "codename": "change_extra"}}, {"model": "auth.permission", "pk": 67, "fields": {"name": "Can delete extra", "content_type": 17, "codename": "delete_extra"}}, {"model": "auth.permission", "pk": 68, "fields": {"name": "Can view extra", "content_type": 17, "codename": "view_extra"}}, {"model": "auth.permission", "pk": 69, "fields": {"name": "Can add food item", "content_type": 18, "codename": "add_fooditem"}}, {"model": "auth.permission", "pk": 70, "fields": {"name": "Can change food item", "content_type": 18, "codename": "change_fooditem"}}, {"model": "auth.permission", "pk": 71, "fields": {"name": "Can delete food item", "content_type": 18, "codename": "delete_fooditem"}}, {"model": "auth.permission", "pk": 72, "fields": {"name": "Can view food item", "content_type": 18, "codename": "view_fooditem"}}, {"model": "auth.permission", "pk": 73, "fields": {"name": "Can add menu", "content_type": 19, "codename": "add_menu"}}, {"model": "auth.permission", "pk": 74, "fields": {"name": "Can change menu", "content_type": 19, "codename": "change_menu"}}, {"model": "auth.permission", "pk": 75, "fields": {"name": "Can delete menu", "content_type": 19, "codename": "delete_menu"}}, {"model": "auth.permission", "pk": 76, "fields": {"name": "Can view menu", "content_type": 19, "codename": "view_menu"}}, {"model": "auth.permission", "pk": 77, "fields": {"name": "Can add tag", "content_type": 20, "codename": "add_tag"}}, {"model": "auth.permission", "pk": 78, "fields": {"name": "Can change tag", "content_type": 20, "codename": "change_tag"}}, {"model": "auth.permission", "pk": 79, "fields": {"name": "Can delete tag", "content_type": 20, "codename": "delete_tag"}}, {"model": "auth.permission", "pk": 80, "fields": {"name": "Can view tag", "content_type": 20, "codename": "view_tag"}}, {"model": "auth.permission", "pk": 81, "fields": {"name": "Can add transaction", "content_type": 21, "codename": "add_transaction"}}, {"model": "auth.permission", "pk": 82, "fields": {"name": "Can change transaction", "content_type": 21, "codename": "change_transaction"}}, {"model": "auth.permission", "pk": 83, "fields": {"name": "Can delete transaction", "content_type": 21, "codename": "delete_transaction"}}, {"model": "auth.permission", "pk": 84, "fields": {"name": "Can view transaction", "content_type": 21, "codename": "view_transaction"}}, {"model": "auth.permission", "pk": 85, "fields": {"name": "Can add transaction food item", "content_type": 22, "codename": "add_transactionfooditem"}}, {"model": "auth.permission", "pk": 86, "fields": {"name": "Can change transaction food item", "content_type": 22, "codename": "change_transactionfooditem"}}, {"model": "auth.permission", "pk": 87, "fields": {"name": "Can delete transaction food item", "content_type": 22, "codename": "delete_transactionfooditem"}}, {"model": "auth.permission", "pk": 88, "fields": {"name": "Can view transaction food item", "content_type": 22, "codename": "view_transactionfooditem"}}, {"model": "auth.permission", "pk": 89, "fields": {"name": "Can add assistance", "content_type": 23, "codename": "add_assistance"}}, {"model": "auth.permission", "pk": 90, "fields": {"name": "Can change assistance", "content_type": 23, "codename": "change_assistance"}}, {"model": "auth.permission", "pk": 91, "fields": {"name": "Can delete assistance", "content_type": 23, "codename": "delete_assistance"}}, {"model": "auth.permission", "pk": 92, "fields": {"name": "Can view assistance", "content_type": 23, "codename": "view_assistance"}}, {"model": "accounts.customuser", "pk": 1, "fields": {"password": "pbkdf2_sha256$180000$O5pKMs2s3dNc$HEeonhZEGmp6OFW6iOxzN/bq2s9VyHxe7XOhLYL16EA=", "last_login": null, "is_superuser": true, "username": "admin", "email": "", "is_staff": true, "is_active": true, "date_joined": "2020-04-08T03:25:54.018Z", "first_name": "", "last_name": "", "active": true, "user_type": "MANAGER", "groups": [], "user_permissions": []}}, {"model": "accounts.customuser", "pk": 2, "fields": {"password": "pbkdf2_sha256$180000$tVGYtWThpwxq$b69Byy6W6BTdhMfV8ojiCE2h9gvZOf0Phzmqe1ne7Ao=", "last_login": null, "is_superuser": true, "username": "Manager1", "email": "", "is_staff": true, "is_active": true, "date_joined": "2020-04-08T03:25:54.136Z", "first_name": "Manager1", "last_name": "M1", "active": true, "user_type": "MANAGER", "groups": [], "user_permissions": []}}, {"model": "accounts.customuser", "pk": 3, "fields": {"password": "pbkdf2_sha256$180000$H71HIz8Ivnsq$9kPDj4H0KWGMzO41ixYGxK9rxTIFDgsLCwrfNwKKvDc=", "last_login": null, "is_superuser": true, "username": "Manager2", "email": "", "is_staff": true, "is_active": true, "date_joined": "2020-04-08T03:25:54.235Z", "first_name": "Manager2", "last_name": "M2", "active": true, "user_type": "MANAGER", "groups": [], "user_permissions": []}}, {"model": "accounts.customuser", "pk": 4, "fields": {"password": "pbkdf2_sha256$180000$KiKmEDvCAKms$3LBlSPfAqU9drxI9yXvdEOyWc5PzEHgAJZZFVbIz+Xk=", "last_login": null, "is_superuser": true, "username": "Manager3", "email": "", "is_staff": true, "is_active": true, "date_joined": "2020-04-08T03:25:54.342Z", "first_name": "Manager3", "last_name": "M3", "active": true, "user_type": "MANAGER", "groups": [], "user_permissions": []}}, {"model": "accounts.customuser", "pk": 5, "fields": {"password": "pbkdf2_sha256$180000$UZPrTjcTh9S8$ACMa2UJ+zArzoq9Vz6HTvGBM4D3P3alpeoEsT61pi38=", "last_login": null, "is_superuser": true, "username": "Manager4", "email": "", "is_staff": true, "is_active": true, "date_joined": "2020-04-08T03:25:54.459Z", "first_name": "Manager4", "last_name": "M4", "active": true, "user_type": "MANAGER", "groups": [], "user_permissions": []}}, {"model": "accounts.customuser", "pk": 6, "fields": {"password": "pbkdf2_sha256$180000$lQkaVHjZI2Jn$JCX9S+XjaDmkVZ3eXTK/Tcu6XizM9gs2PnjcgxcqNd4=", "last_login": null, "is_superuser": false, "username": "Customer0", "email": "", "is_staff": false, "is_active": true, "date_joined": "2020-04-08T03:25:54.553Z", "first_name": "Customer0", "last_name": "C0", "active": true, "user_type": "CUSTOMER", "groups": [], "user_permissions": []}}, {"model": "accounts.customuser", "pk": 7, "fields": {"password": "pbkdf2_sha256$180000$NOVK1MresmMU$2kWiZwqUywye2rxJdJHKP5FDAOrEGZYD1A/dI6cOjAk=", "last_login": null, "is_superuser": false, "username": "Customer1", "email": "", "is_staff": false, "is_active": true, "date_joined": "2020-04-08T03:25:54.651Z", "first_name": "Customer1", "last_name": "C1", "active": true, "user_type": "CUSTOMER", "groups": [], "user_permissions": []}}, {"model": "accounts.customuser", "pk": 8, "fields": {"password": "pbkdf2_sha256$180000$q1jxYExXjT18$bSn1ijxqRdOoOydtdsiQwWro0BFhar5MJc/VdjDnq7E=", "last_login": null, "is_superuser": false, "username": "Customer2", "email": "", "is_staff": false, "is_active": true, "date_joined": "2020-04-08T03:25:54.753Z", "first_name": "Customer2", "last_name": "C2", "active": true, "user_type": "CUSTOMER", "groups": [], "user_permissions": []}}, {"model": "accounts.customuser", "pk": 9, "fields": {"password": "pbkdf2_sha256$180000$KHyAVtxv0dZo$s3OCTjuaWIGT/gCKuh8YgMT2REWFdjcn4YVT0y6Kuss=", "last_login": null, "is_superuser": false, "username": "Customer3", "email": "", "is_staff": false, "is_active": true, "date_joined": "2020-04-08T03:25:54.875Z", "first_name": "Customer3", "last_name": "C3", "active": true, "user_type": "CUSTOMER", "groups": [], "user_permissions": []}}, {"model": "accounts.customuser", "pk": 10, "fields": {"password": "pbkdf2_sha256$180000$IvYJpQayWbA6$xyzTLqQvQLOoaLCBqRSXviKHmjqR65aguVtHSheX/bc=", "last_login": null, "is_superuser": false, "username": "Customer4", "email": "", "is_staff": false, "is_active": true, "date_joined": "2020-04-08T03:25:54.975Z", "first_name": "Customer4", "last_name": "C4", "active": true, "user_type": "CUSTOMER", "groups": [], "user_permissions": []}}, {"model": "accounts.customuser", "pk": 11, "fields": {"password": "pbkdf2_sha256$180000$MQzH4ZHZycVA$A+SMGS2jVecNZmq2tWjTDOEJWrTDUu9blTnbnzIKKwU=", "last_login": null, "is_superuser": false, "username": "Customer5", "email": "", "is_staff": false, "is_active": true, "date_joined": "2020-04-08T03:25:55.075Z", "first_name": "Customer5", "last_name": "C5", "active": true, "user_type": "CUSTOMER", "groups": [], "user_permissions": []}}, {"model": "accounts.customuser", "pk": 12, "fields": {"password": "pbkdf2_sha256$180000$aOYY1ckm18qq$GI88PfyW/yKCQsf+72YxE5SjBnfVUVKE7aFZwvyOkwE=", "last_login": null, "is_superuser": false, "username": "Customer6", "email": "", "is_staff": false, "is_active": true, "date_joined": "2020-04-08T03:25:55.183Z", "first_name": "Customer6", "last_name": "C6", "active": true, "user_type": "CUSTOMER", "groups": [], "user_permissions": []}}, {"model": "accounts.customuser", "pk": 13, "fields": {"password": "pbkdf2_sha256$180000$lDM0Zf9X7M32$8z4V1Ood0+CuLDFEcw8LkRGSLrXVUJs4HLXCZqEXdoU=", "last_login": null, "is_superuser": false, "username": "Customer7", "email": "", "is_staff": false, "is_active": true, "date_joined": "2020-04-08T03:25:55.289Z", "first_name": "Customer7", "last_name": "C7", "active": true, "user_type": "CUSTOMER", "groups": [], "user_permissions": []}}, {"model": "accounts.customuser", "pk": 14, "fields": {"password": "pbkdf2_sha256$180000$kUkukL7v6Snf$XDvP/oVJ/Z3MhMTK8BdBQJBmcsACb2DP1AoD3UWtqd4=", "last_login": null, "is_superuser": false, "username": "Customer8", "email": "", "is_staff": false, "is_active": true, "date_joined": "2020-04-08T03:25:55.385Z", "first_name": "Customer8", "last_name": "C8", "active": true, "user_type": "CUSTOMER", "groups": [], "user_permissions": []}}, {"model": "accounts.customuser", "pk": 15, "fields": {"password": "pbkdf2_sha256$180000$3YIQaAA6aW5D$nt2TgSSu974wFjqx2p7n9YvhT1IB+l7i0dqa3aYhKew=", "last_login": null, "is_superuser": false, "username": "Customer9", "email": "", "is_staff": false, "is_active": true, "date_joined": "2020-04-08T03:25:55.493Z", "first_name": "Customer9", "last_name": "C9", "active": true, "user_type": "CUSTOMER", "groups": [], "user_permissions": []}}, {"model": "accounts.customuser", "pk": 16, "fields": {"password": "pbkdf2_sha256$180000$4NXV2yKjnw7p$InkluurYa6FZ7hv7kH8Ai9RtBEFVpyFYtTnrkieLkaE=", "last_login": null, "is_superuser": false, "username": "Kitchen0", "email": "", "is_staff": false, "is_active": true, "date_joined": "2020-04-08T03:25:55.600Z", "first_name": "Kitchen0", "last_name": "K0", "active": true, "user_type": "KITCHEN", "groups": [], "user_permissions": []}}, {"model": "accounts.customuser", "pk": 17, "fields": {"password": "pbkdf2_sha256$180000$1KNQU1akom6F$eg2Ka2Hyxezcuc9SMWFzI+0HPwaKTTvY+uVw3Xc7v80=", "last_login": null, "is_superuser": false, "username": "Kitchen1", "email": "", "is_staff": false, "is_active": true, "date_joined": "2020-04-08T03:25:55.709Z", "first_name": "Kitchen1", "last_name": "K1", "active": true, "user_type": "KITCHEN", "groups": [], "user_permissions": []}}, {"model": "accounts.customuser", "pk": 18, "fields": {"password": "pbkdf2_sha256$180000$MEAIA6hMNTmB$ENDbEzxkkdSeA5w2KoRIga35JkXh+WoGRCOJtjRoxSw=", "last_login": null, "is_superuser": false, "username": "Kitchen2", "email": "", "is_staff": false, "is_active": true, "date_joined": "2020-04-08T03:25:55.803Z", "first_name": "Kitchen2", "last_name": "K2", "active": true, "user_type": "KITCHEN", "groups": [], "user_permissions": []}}, {"model": "accounts.customuser", "pk": 19, "fields": {"password": "pbkdf2_sha256$180000$VE3SVAfU2EMm$HgNKw5NLA8A1G+GS4tMT51Q8tJUY/6knDTUg200HYAI=", "last_login": null, "is_superuser": false, "username": "Kitchen3", "email": "", "is_staff": false, "is_active": true, "date_joined": "2020-04-08T03:25:55.899Z", "first_name": "Kitchen3", "last_name": "K3", "active": true, "user_type": "KITCHEN", "groups": [], "user_permissions": []}}, {"model": "accounts.customuser", "pk": 20, "fields": {"password": "pbkdf2_sha256$180000$kc0f6ht6kRWY$9QQaXrhRQDRYW4g73yQ33yKNh1nE7yPY+aOJuvOYrvQ=", "last_login": null, "is_superuser": false, "username": "Kitchen4", "email": "", "is_staff": false, "is_active": true, "date_joined": "2020-04-08T03:25:56.002Z", "first_name": "Kitchen4", "last_name": "K4", "active": true, "user_type": "KITCHEN", "groups": [], "user_permissions": []}}, {"model": "accounts.customuser", "pk": 21, "fields": {"password": "pbkdf2_sha256$180000$V44S56rAZsaC$ma3lm4X9ZTesnRq3HCIUq9bAL91MnUf542ozSAAw/b4=", "last_login": null, "is_superuser": false, "username": "Kitchen5", "email": "", "is_staff": false, "is_active": true, "date_joined": "2020-04-08T03:25:56.102Z", "first_name": "Kitchen5", "last_name": "K5", "active": true, "user_type": "KITCHEN", "groups": [], "user_permissions": []}}, {"model": "accounts.customuser", "pk": 22, "fields": {"password": "pbkdf2_sha256$180000$YoZsYo8wgH1D$16Pwxotl+LbJDK9AolySLe0wHZ2K7wgVNa5eVBJLS3I=", "last_login": null, "is_superuser": false, "username": "Kitchen6", "email": "", "is_staff": false, "is_active": true, "date_joined": "2020-04-08T03:25:56.208Z", "first_name": "Kitchen6", "last_name": "K6", "active": true, "user_type": "KITCHEN", "groups": [], "user_permissions": []}}, {"model": "accounts.customuser", "pk": 23, "fields": {"password": "pbkdf2_sha256$180000$9yUC6Y52Yid2$GH+X7ObUkXso6a+TCiuKJAVHTLTFknb89wyt3hdHd08=", "last_login": null, "is_superuser": false, "username": "Kitchen7", "email": "", "is_staff": false, "is_active": true, "date_joined": "2020-04-08T03:25:56.306Z", "first_name": "Kitchen7", "last_name": "K7", "active": true, "user_type": "KITCHEN", "groups": [], "user_permissions": []}}, {"model": "accounts.customuser", "pk": 24, "fields": {"password": "pbkdf2_sha256$180000$gqrmf4q04GFA$bXdN9aNKHeEFRGHsOzMnsXywUGaObbG5kQlZpP7Icuo=", "last_login": null, "is_superuser": false, "username": "Kitchen8", "email": "", "is_staff": false, "is_active": true, "date_joined": "2020-04-08T03:25:56.402Z", "first_name": "Kitchen8", "last_name": "K8", "active": true, "user_type": "KITCHEN", "groups": [], "user_permissions": []}}, {"model": "accounts.customuser", "pk": 25, "fields": {"password": "pbkdf2_sha256$180000$UnKkdVUM8vkD$OqZVkUMXhMXSOGZUc035PK0ZiMKwkv3VY2yKq83NMw4=", "last_login": null, "is_superuser": false, "username": "Kitchen9", "email": "", "is_staff": false, "is_active": true, "date_joined": "2020-04-08T03:25:56.503Z", "first_name": "Kitchen9", "last_name": "K9", "active": true, "user_type": "KITCHEN", "groups": [], "user_permissions": []}}, {"model": "accounts.customuser", "pk": 26, "fields": {"password": "pbkdf2_sha256$180000$VE8L1paJ8dEB$AaC+yJhpnDPzqRAoS6xsXjFT//95VM7TRWl88+jd8cc=", "last_login": null, "is_superuser": false, "username": "Waiter0", "email": "", "is_staff": false, "is_active": true, "date_joined": "2020-04-08T03:25:56.599Z", "first_name": "Waiter0", "last_name": "W0", "active": true, "user_type": "WAITER", "groups": [], "user_permissions": []}}, {"model": "accounts.customuser", "pk": 27, "fields": {"password": "pbkdf2_sha256$180000$JC9AYOkkVfQp$jtncy/pWK7VZJhwLDvl7F6XcO0I7/oZTEwz1J2pSiYw=", "last_login": null, "is_superuser": false, "username": "Waiter1", "email": "", "is_staff": false, "is_active": true, "date_joined": "2020-04-08T03:25:56.722Z", "first_name": "Waiter1", "last_name": "W1", "active": true, "user_type": "WAITER", "groups": [], "user_permissions": []}}, {"model": "accounts.customuser", "pk": 28, "fields": {"password": "pbkdf2_sha256$180000$CfEyXUElJrzh$H5LM6Mb9dlSnr19RTobiLEeKcp/Vg8JFmNJXRk+T/3I=", "last_login": null, "is_superuser": false, "username": "Waiter2", "email": "", "is_staff": false, "is_active": true, "date_joined": "2020-04-08T03:25:56.841Z", "first_name": "Waiter2", "last_name": "W2", "active": true, "user_type": "WAITER", "groups": [], "user_permissions": []}}, {"model": "accounts.customuser", "pk": 29, "fields": {"password": "pbkdf2_sha256$180000$FFTGoT3avs3m$y3uRR1t8oOtE6HaMNeZG1XNbCmWKbFNI9xIGZC2JS+c=", "last_login": null, "is_superuser": false, "username": "Waiter3", "email": "", "is_staff": false, "is_active": true, "date_joined": "2020-04-08T03:25:56.954Z", "first_name": "Waiter3", "last_name": "W3", "active": true, "user_type": "WAITER", "groups": [], "user_permissions": []}}, {"model": "accounts.customuser", "pk": 30, "fields": {"password": "pbkdf2_sha256$180000$m3N8itJ8jyJx$OEPP2WiuCGSMW8CHwv+2gRNOcFHVBJUbfJj8tu9fgDk=", "last_login": null, "is_superuser": false, "username": "Waiter4", "email": "", "is_staff": false, "is_active": true, "date_joined": "2020-04-08T03:25:57.076Z", "first_name": "Waiter4", "last_name": "W4", "active": true, "user_type": "WAITER", "groups": [], "user_permissions": []}}, {"model": "accounts.customuser", "pk": 31, "fields": {"password": "pbkdf2_sha256$180000$fWQgEakwGq9I$Zdr+ct2NoU18cVHbwbQL5yU/5SbBydCGfb2s8PZXTq4=", "last_login": null, "is_superuser": false, "username": "Waiter5", "email": "", "is_staff": false, "is_active": true, "date_joined": "2020-04-08T03:25:57.224Z", "first_name": "Waiter5", "last_name": "W5", "active": true, "user_type": "WAITER", "groups": [], "user_permissions": []}}, {"model": "accounts.customuser", "pk": 32, "fields": {"password": "pbkdf2_sha256$180000$FS4YHIHlGro5$6v3k78QRpmkgOyUOLiPRWnNSmArb2CxUXsaRRRqcoWE=", "last_login": null, "is_superuser": false, "username": "Waiter6", "email": "", "is_staff": false, "is_active": true, "date_joined": "2020-04-08T03:25:57.325Z", "first_name": "Waiter6", "last_name": "W6", "active": true, "user_type": "WAITER", "groups": [], "user_permissions": []}}, {"model": "accounts.customuser", "pk": 33, "fields": {"password": "pbkdf2_sha256$180000$MGjXrwbuFzng$D+1H5QP24cTc/e/86z1HB9SV1A8eGEIB8Z3EbVx8JXI=", "last_login": null, "is_superuser": false, "username": "Waiter7", "email": "", "is_staff": false, "is_active": true, "date_joined": "2020-04-08T03:25:57.427Z", "first_name": "Waiter7", "last_name": "W7", "active": true, "user_type": "WAITER", "groups": [], "user_permissions": []}}, {"model": "accounts.customuser", "pk": 34, "fields": {"password": "pbkdf2_sha256$180000$zAB6VxyjqYc0$8udufEilRZyYwZEf9LHnG3S6CmyMDp11wXg6kVMWZIE=", "last_login": null, "is_superuser": false, "username": "Waiter8", "email": "", "is_staff": false, "is_active": true, "date_joined": "2020-04-08T03:25:57.620Z", "first_name": "Waiter8", "last_name": "W8", "active": true, "user_type": "WAITER", "groups": [], "user_permissions": []}}, {"model": "accounts.customuser", "pk": 35, "fields": {"password": "pbkdf2_sha256$180000$iXmHxneyEX4c$g4eXJCCnxLqd8RT4IZIZokVjxdI6ZkyRQHWILNPIk5o=", "last_login": null, "is_superuser": false, "username": "Waiter9", "email": "", "is_staff": false, "is_active": true, "date_joined": "2020-04-08T03:25:57.742Z", "first_name": "Waiter9", "last_name": "W9", "active": true, "user_type": "WAITER", "groups": [], "user_permissions": []}}, {"model": "menu.transaction", "pk": 1, "fields": {"active": true, "date": "2020-04-08T03:25:57.916Z", "customer": 6, "credit_card": 1, "description": null}}, {"model": "menu.transaction", "pk": 2, "fields": {"active": true, "date": "2020-04-08T03:25:57.970Z", "customer": 7, "credit_card": 2, "description": null}}, {"model": "menu.transaction", "pk": 3, "fields": {"active": true, "date": "2020-04-08T03:25:58.002Z", "customer": 8, "credit_card": 3, "description": null}}, {"model": "menu.transaction", "pk": 4, "fields": {"active": true, "date": "2020-04-08T03:25:58.018Z", "customer": 9, "credit_card": 4, "description": null}}, {"model": "menu.transaction", "pk": 5, "fields": {"active": true, "date": "2020-04-08T03:25:58.042Z", "customer": 10, "credit_card": 5, "description": null}}, {"model": "menu.assistance", "pk": 1, "fields": {"transaction": 1, "waiter": 26, "problem": "Problem 0", "notes": "Notes 0", "resolved": false}}, {"model": "menu.assistance", "pk": 2, "fields": {"transaction": 2, "waiter": 27, "problem": "Problem 1", "notes": "Notes 1", "resolved": false}}, {"model": "menu.assistance", "pk": 3, "fields": {"transaction": 3, "waiter": 28, "problem": "Problem 2", "notes": "Notes 2", "resolved": false}}, {"model": "menu.assistance", "pk": 4, "fields": {"transaction": 4, "waiter": 29, "problem": "Problem 3", "notes": "Notes 3", "resolved": false}}, {"model": "menu.assistance", "pk": 5, "fields": {"transaction": 5, "waiter": 30, "problem": "Problem 4", "notes": "Notes 4", "resolved": false}}]