[{"model": "contenttypes.contenttype", "pk": 1, "fields": {"app_label": "admin", "model": "logentry"}}, {"model": "contenttypes.contenttype", "pk": 2, "fields": {"app_label": "auth", "model": "permission"}}, {"model": "contenttypes.contenttype", "pk": 3, "fields": {"app_label": "auth", "model": "group"}}, {"model": "contenttypes.contenttype", "pk": 4, "fields": {"app_label": "contenttypes", "model": "contenttype"}}, {"model": "contenttypes.contenttype", "pk": 5, "fields": {"app_label": "sessions", "model": "session"}}, {"model": "contenttypes.contenttype", "pk": 6, "fields": {"app_label": "sites", "model": "site"}}, {"model": "contenttypes.contenttype", "pk": 7, "fields": {"app_label": "authtoken", "model": "token"}}, {"model": "contenttypes.contenttype", "pk": 8, "fields": {"app_label": "account", "model": "emailaddress"}}, {"model": "contenttypes.contenttype", "pk": 9, "fields": {"app_label": "account", "model": "emailconfirmation"}}, {"model": "contenttypes.contenttype", "pk": 10, "fields": {"app_label": "socialaccount", "model": "socialaccount"}}, {"model": "contenttypes.contenttype", "pk": 11, "fields": {"app_label": "socialaccount", "model": "socialapp"}}, {"model": "contenttypes.contenttype", "pk": 12, "fields": {"app_label": "socialaccount", "model": "socialtoken"}}, {"model": "contenttypes.contenttype", "pk": 13, "fields": {"app_label": "accounts", "model": "customuser"}}, {"model": "contenttypes.contenttype", "pk": 14, "fields": {"app_label": "menu", "model": "category"}}, {"model": "contenttypes.contenttype", "pk": 15, "fields": {"app_label": "menu", "model": "creditcard"}}, {"model": "contenttypes.contenttype", "pk": 16, "fields": {"app_label": "menu", "model": "discount"}}, {"model": "contenttypes.contenttype", "pk": 17, "fields": {"app_label": "menu", "model": "extra"}}, {"model": "contenttypes.contenttype", "pk": 18, "fields": {"app_label": "menu", "model": "fooditem"}}, {"model": "contenttypes.contenttype", "pk": 19, "fields": {"app_label": "menu", "model": "menu"}}, {"model": "contenttypes.contenttype", "pk": 20, "fields": {"app_label": "menu", "model": "problem"}}, {"model": "contenttypes.contenttype", "pk": 21, "fields": {"app_label": "menu", "model": "tag"}}, {"model": "contenttypes.contenttype", "pk": 22, "fields": {"app_label": "menu", "model": "transaction"}}, {"model": "contenttypes.contenttype", "pk": 23, "fields": {"app_label": "menu", "model": "transactionfooditem"}}, {"model": "contenttypes.contenttype", "pk": 24, "fields": {"app_label": "menu", "model": "assistance"}}, {"model": "sites.site", "pk": 1, "fields": {"domain": "example.com", "name": "example.com"}}, {"model": "menu.menu", "pk": 1, "fields": {"name": "Cafe Menu", "active": true}}, {"model": "menu.category", "pk": 1, "fields": {"name": "Hot Drinks", "active": true, "menu": 1}}, {"model": "menu.category", "pk": 2, "fields": {"name": "Cold Drinks", "active": true, "menu": 1}}, {"model": "menu.category", "pk": 3, "fields": {"name": "Breakfast", "active": true, "menu": 1}}, {"model": "menu.category", "pk": 4, "fields": {"name": "Sandwiches", "active": false, "menu": 1}}, {"model": "menu.extra", "pk": 1, "fields": {"name": "Skim Milk", "active": true, "price": "0.25", "category": 1}}, {"model": "menu.extra", "pk": 2, "fields": {"name": "Soy Milk", "active": true, "price": "0.50", "category": 1}}, {"model": "menu.extra", "pk": 3, "fields": {"name": "Almond Milk", "active": true, "price": "0.50", "category": 1}}, {"model": "menu.extra", "pk": 4, "fields": {"name": "Skim Milk", "active": true, "price": "0.25", "category": 2}}, {"model": "menu.extra", "pk": 5, "fields": {"name": "Soy Milk", "active": true, "price": "0.50", "category": 2}}, {"model": "menu.extra", "pk": 6, "fields": {"name": "Almond Milk", "active": true, "price": "0.50", "category": 2}}, {"model": "menu.extra", "pk": 7, "fields": {"name": "Dairy Free Icecream", "active": true, "price": "1.00", "category": 2}}, {"model": "menu.extra", "pk": 8, "fields": {"name": "Gluten free bread", "active": true, "price": "2.00", "category": 3}}, {"model": "menu.extra", "pk": 9, "fields": {"name": "Extra slice of toast", "active": true, "price": "1.00", "category": 3}}, {"model": "menu.extra", "pk": 10, "fields": {"name": "Extra egg", "active": true, "price": "2.00", "category": 3}}, {"model": "menu.extra", "pk": 11, "fields": {"name": "Hollandaise sauce", "active": true, "price": "2.00", "category": 3}}, {"model": "menu.extra", "pk": 12, "fields": {"name": "Haloumi", "active": true, "price": "3.00", "category": 3}}, {"model": "menu.extra", "pk": 13, "fields": {"name": "Bacon", "active": true, "price": "3.00", "category": 3}}, {"model": "menu.extra", "pk": 14, "fields": {"name": "Avo", "active": true, "price": "3.00", "category": 3}}, {"model": "menu.extra", "pk": 15, "fields": {"name": "Wilted spinnach", "active": false, "price": "3.00", "category": 3}}, {"model": "menu.extra", "pk": 16, "fields": {"name": "Grilled mushrooms", "active": false, "price": "3.00", "category": 3}}, {"model": "menu.extra", "pk": 17, "fields": {"name": "Gluten free bread", "active": true, "price": "2.00", "category": 4}}, {"model": "menu.extra", "pk": 18, "fields": {"name": "Extra avo", "active": true, "price": "3.00", "category": 4}}, {"model": "menu.extra", "pk": 19, "fields": {"name": "Extra haloumi", "active": true, "price": "3.00", "category": 4}}, {"model": "menu.extra", "pk": 20, "fields": {"name": "Extra bacon", "active": true, "price": "3.00", "category": 4}}, {"model": "menu.fooditem", "pk": 1, "fields": {"name": "Espresso", "active": true, "price": "3.00", "description": "", "category": 1, "size": "", "tags": []}}, {"model": "menu.fooditem", "pk": 2, "fields": {"name": "Latte", "active": true, "price": "3.50", "description": "", "category": 1, "size": "SMALL", "tags": []}}, {"model": "menu.fooditem", "pk": 3, "fields": {"name": "Latte", "active": true, "price": "4.00", "description": "", "category": 1, "size": "MEDIUM", "tags": []}}, {"model": "menu.fooditem", "pk": 4, "fields": {"name": "Latte", "active": true, "price": "4.50", "description": "", "category": 1, "size": "LARGE", "tags": []}}, {"model": "menu.fooditem", "pk": 5, "fields": {"name": "Cappuccino", "active": true, "price": "3.50", "description": "", "category": 1, "size": "SMALL", "tags": []}}, {"model": "menu.fooditem", "pk": 6, "fields": {"name": "Cappuccino", "active": true, "price": "4.00", "description": "", "category": 1, "size": "MEDIUM", "tags": []}}, {"model": "menu.fooditem", "pk": 7, "fields": {"name": "Cappuccino", "active": true, "price": "4.50", "description": "", "category": 1, "size": "LARGE", "tags": []}}, {"model": "menu.fooditem", "pk": 8, "fields": {"name": "Hot Chocolate", "active": true, "price": "3.50", "description": "", "category": 1, "size": "SMALL", "tags": []}}, {"model": "menu.fooditem", "pk": 9, "fields": {"name": "Hot Chocolate", "active": true, "price": "4.00", "description": "", "category": 1, "size": "MEDIUM", "tags": []}}, {"model": "menu.fooditem", "pk": 10, "fields": {"name": "Hot Chocolate", "active": true, "price": "4.50", "description": "", "category": 1, "size": "LARGE", "tags": []}}, {"model": "menu.fooditem", "pk": 11, "fields": {"name": "Mocha", "active": true, "price": "3.50", "description": "", "category": 1, "size": "SMALL", "tags": []}}, {"model": "menu.fooditem", "pk": 12, "fields": {"name": "Mocha", "active": true, "price": "4.00", "description": "", "category": 1, "size": "MEDIUM", "tags": []}}, {"model": "menu.fooditem", "pk": 13, "fields": {"name": "Mocha", "active": true, "price": "4.50", "description": "", "category": 1, "size": "LARGE", "tags": []}}, {"model": "menu.fooditem", "pk": 14, "fields": {"name": "Chai Latte", "active": true, "price": "4.20", "description": "", "category": 1, "size": "", "tags": []}}, {"model": "menu.fooditem", "pk": 15, "fields": {"name": "Iced Coffee", "active": true, "price": "7.00", "description": "With icecream", "category": 2, "size": "", "tags": []}}, {"model": "menu.fooditem", "pk": 16, "fields": {"name": "Iced Chocolate", "active": true, "price": "7.00", "description": "With icecream", "category": 2, "size": "", "tags": []}}, {"model": "menu.fooditem", "pk": 17, "fields": {"name": "Chocolate Milkshake", "active": true, "price": "5.00", "description": "", "category": 2, "size": "SMALL", "tags": []}}, {"model": "menu.fooditem", "pk": 18, "fields": {"name": "Chocolate Milkshake", "active": true, "price": "6.00", "description": "", "category": 2, "size": "MEDIUM", "tags": []}}, {"model": "menu.fooditem", "pk": 19, "fields": {"name": "Chocolate Milkshake", "active": true, "price": "7.00", "description": "", "category": 2, "size": "LARGE", "tags": []}}, {"model": "menu.fooditem", "pk": 20, "fields": {"name": "Vanilla Milkshake", "active": false, "price": "5.00", "description": "", "category": 2, "size": "SMALL", "tags": []}}, {"model": "menu.fooditem", "pk": 21, "fields": {"name": "Vanilla Milkshake", "active": false, "price": "6.00", "description": "", "category": 2, "size": "MEDIUM", "tags": []}}, {"model": "menu.fooditem", "pk": 22, "fields": {"name": "Vanilla Milkshake", "active": false, "price": "7.00", "description": "", "category": 2, "size": "LARGE", "tags": []}}, {"model": "menu.fooditem", "pk": 23, "fields": {"name": "Strawberry Milkshake", "active": true, "price": "5.00", "description": "", "category": 2, "size": "SMALL", "tags": []}}, {"model": "menu.fooditem", "pk": 24, "fields": {"name": "Strawberry Milkshake", "active": true, "price": "6.00", "description": "", "category": 2, "size": "MEDIUM", "tags": []}}, {"model": "menu.fooditem", "pk": 25, "fields": {"name": "Strawberry Milkshake", "active": true, "price": "7.00", "description": "", "category": 2, "size": "LARGE", "tags": []}}, {"model": "menu.fooditem", "pk": 26, "fields": {"name": "Banana Smoothie", "active": true, "price": "8.00", "description": "Banana, honey, coconut yoghurt & coconut milk", "category": 2, "size": "", "tags": []}}, {"model": "menu.fooditem", "pk": 27, "fields": {"name": "Toast", "active": true, "price": "6.50", "description": "Sourdough toast with with Vegemite and butter", "category": 3, "size": "", "tags": []}}, {"model": "menu.fooditem", "pk": 28, "fields": {"name": "Pancakes", "active": true, "price": "11.60", "description": "Buttermilk pancakes with maple syrup, banana and strawberries", "category": 3, "size": "", "tags": []}}, {"model": "menu.fooditem", "pk": 29, "fields": {"name": "Scrambled Eggs", "active": true, "price": "7.50", "description": "With sourdough toast", "category": 3, "size": "", "tags": []}}, {"model": "menu.fooditem", "pk": 30, "fields": {"name": "Poached eggs", "active": false, "price": "7.50", "description": "With sourdough toast", "category": 3, "size": "", "tags": []}}, {"model": "menu.fooditem", "pk": 31, "fields": {"name": "Breakfast Sandwich", "active": true, "price": "12.00", "description": "Lettuce, bacon, avo, fried egg and hollandaise sauce on a brioche bun", "category": 3, "size": "", "tags": []}}, {"model": "menu.fooditem", "pk": 32, "fields": {"name": "Granola Bowl", "active": true, "price": "14.50", "description": "Housemade almond, honey & berry granola with seasonal fresh fruit and blackberry coconut yoghurt", "category": 3, "size": "", "tags": []}}, {"model": "menu.fooditem", "pk": 33, "fields": {"name": "Fresh Fruit Salad", "active": true, "price": "9.00", "description": "Seasonal fresh fruit served with a blackberry coconut yoghurt", "category": 3, "size": "", "tags": []}}, {"model": "menu.fooditem", "pk": 34, "fields": {"name": "BLT", "active": true, "price": "10.00", "description": "Bacon, lettuce & tomato on sourdough bread", "category": 4, "size": "", "tags": []}}, {"model": "menu.fooditem", "pk": 35, "fields": {"name": "Haloumi Wrap", "active": true, "price": "11.00", "description": "Grilled haloumi with roast vegetables and tahini yoghurt in a spinnach wrap", "category": 4, "size": "", "tags": []}}, {"model": "menu.fooditem", "pk": 36, "fields": {"name": "Tuna Sandwich", "active": true, "price": "11.00", "description": "Tuna and dill mayo sandwich with pickled cabbage & rocket", "category": 4, "size": "", "tags": []}}, {"model": "menu.fooditem", "pk": 37, "fields": {"name": "Chilli Chicken Sandwich", "active": true, "price": "12.00", "description": "Poached chicken, chilli mayo, tomato and rocket on sourdough", "category": 4, "size": "", "tags": []}}, {"model": "menu.discount", "pk": 1, "fields": {"name": "0%", "amount": 0, "type": "PERCENTAGE"}}, {"model": "menu.discount", "pk": 2, "fields": {"name": "10%", "amount": 10, "type": "PERCENTAGE"}}, {"model": "menu.discount", "pk": 3, "fields": {"name": "20%", "amount": 20, "type": "PERCENTAGE"}}, {"model": "menu.discount", "pk": 4, "fields": {"name": "30%", "amount": 30, "type": "PERCENTAGE"}}, {"model": "menu.discount", "pk": 5, "fields": {"name": "40%", "amount": 40, "type": "PERCENTAGE"}}, {"model": "menu.creditcard", "pk": 1, "fields": {"number": 1234123412341231, "expiry_month": 1, "expiry_year": 2021, "cvv": 121}}, {"model": "menu.creditcard", "pk": 2, "fields": {"number": 1234123412341232, "expiry_month": 2, "expiry_year": 2022, "cvv": 122}}, {"model": "menu.creditcard", "pk": 3, "fields": {"number": 1234123412341233, "expiry_month": 3, "expiry_year": 2023, "cvv": 123}}, {"model": "menu.creditcard", "pk": 4, "fields": {"number": 1234123412341234, "expiry_month": 4, "expiry_year": 2024, "cvv": 124}}, {"model": "menu.creditcard", "pk": 5, "fields": {"number": 1234123412341235, "expiry_month": 5, "expiry_year": 2025, "cvv": 125}}, {"model": "menu.transactionfooditem", "pk": 1, "fields": {"food_item": 16, "transaction": 1, "discount": 1, "price": null, "request": null, "extras": [7]}}, {"model": "menu.transactionfooditem", "pk": 2, "fields": {"food_item": 24, "transaction": 1, "discount": 1, "price": null, "request": null, "extras": [5]}}, {"model": "menu.transactionfooditem", "pk": 3, "fields": {"food_item": 34, "transaction": 1, "discount": 1, "price": null, "request": null, "extras": [20]}}, {"model": "menu.transactionfooditem", "pk": 4, "fields": {"food_item": 6, "transaction": 1, "discount": 1, "price": null, "request": null, "extras": [2]}}, {"model": "menu.transactionfooditem", "pk": 5, "fields": {"food_item": 26, "transaction": 2, "discount": 1, "price": null, "request": null, "extras": [4]}}, {"model": "menu.transactionfooditem", "pk": 6, "fields": {"food_item": 19, "transaction": 2, "discount": 1, "price": null, "request": null, "extras": [5]}}, {"model": "menu.transactionfooditem", "pk": 7, "fields": {"food_item": 28, "transaction": 2, "discount": 1, "price": null, "request": null, "extras": []}}, {"model": "menu.transactionfooditem", "pk": 8, "fields": {"food_item": 5, "transaction": 2, "discount": 1, "price": null, "request": null, "extras": [3]}}, {"model": "menu.transactionfooditem", "pk": 9, "fields": {"food_item": 9, "transaction": 3, "discount": 1, "price": null, "request": null, "extras": [2]}}, {"model": "menu.transactionfooditem", "pk": 10, "fields": {"food_item": 27, "transaction": 3, "discount": 1, "price": null, "request": null, "extras": [8, 12]}}, {"model": "menu.transactionfooditem", "pk": 11, "fields": {"food_item": 28, "transaction": 3, "discount": 1, "price": null, "request": null, "extras": []}}, {"model": "menu.transactionfooditem", "pk": 12, "fields": {"food_item": 25, "transaction": 3, "discount": 1, "price": null, "request": null, "extras": [5]}}, {"model": "menu.transactionfooditem", "pk": 13, "fields": {"food_item": 32, "transaction": 4, "discount": 1, "price": null, "request": null, "extras": [8]}}, {"model": "menu.transactionfooditem", "pk": 14, "fields": {"food_item": 35, "transaction": 4, "discount": 1, "price": null, "request": null, "extras": [18]}}, {"model": "menu.transactionfooditem", "pk": 15, "fields": {"food_item": 29, "transaction": 4, "discount": 1, "price": null, "request": null, "extras": [8, 9]}}, {"model": "menu.transactionfooditem", "pk": 16, "fields": {"food_item": 32, "transaction": 5, "discount": 1, "price": null, "request": null, "extras": [10]}}, {"model": "menu.transactionfooditem", "pk": 17, "fields": {"food_item": 10, "transaction": 5, "discount": 1, "price": null, "request": null, "extras": [1]}}, {"model": "menu.transactionfooditem", "pk": 18, "fields": {"food_item": 27, "transaction": 5, "discount": 1, "price": null, "request": null, "extras": [15, 16]}}, {"model": "menu.transactionfooditem", "pk": 19, "fields": {"food_item": 20, "transaction": 5, "discount": 1, "price": null, "request": null, "extras": [7]}}, {"model": "menu.transactionfooditem", "pk": 20, "fields": {"food_item": 10, "transaction": 6, "discount": 1, "price": null, "request": null, "extras": [2]}}, {"model": "menu.transactionfooditem", "pk": 21, "fields": {"food_item": 3, "transaction": 6, "discount": 1, "price": null, "request": null, "extras": [1]}}, {"model": "menu.transactionfooditem", "pk": 22, "fields": {"food_item": 1, "transaction": 7, "discount": 1, "price": null, "request": null, "extras": [2]}}, {"model": "menu.transactionfooditem", "pk": 23, "fields": {"food_item": 26, "transaction": 7, "discount": 1, "price": null, "request": null, "extras": [5]}}, {"model": "menu.transactionfooditem", "pk": 24, "fields": {"food_item": 13, "transaction": 7, "discount": 1, "price": null, "request": null, "extras": [3]}}, {"model": "menu.transactionfooditem", "pk": 25, "fields": {"food_item": 36, "transaction": 8, "discount": 1, "price": null, "request": null, "extras": [19]}}, {"model": "menu.transactionfooditem", "pk": 26, "fields": {"food_item": 12, "transaction": 8, "discount": 1, "price": null, "request": null, "extras": [3]}}, {"model": "menu.transactionfooditem", "pk": 27, "fields": {"food_item": 13, "transaction": 9, "discount": 1, "price": null, "request": null, "extras": [1]}}, {"model": "menu.transactionfooditem", "pk": 28, "fields": {"food_item": 24, "transaction": 10, "discount": 1, "price": null, "request": null, "extras": [6]}}, {"model": "menu.transactionfooditem", "pk": 29, "fields": {"food_item": 17, "transaction": 11, "discount": 1, "price": null, "request": null, "extras": [5]}}, {"model": "menu.transactionfooditem", "pk": 30, "fields": {"food_item": 4, "transaction": 11, "discount": 1, "price": null, "request": null, "extras": [3]}}, {"model": "menu.transactionfooditem", "pk": 31, "fields": {"food_item": 23, "transaction": 11, "discount": 1, "price": null, "request": null, "extras": [5]}}, {"model": "menu.transactionfooditem", "pk": 32, "fields": {"food_item": 1, "transaction": 12, "discount": 1, "price": null, "request": null, "extras": [3]}}, {"model": "menu.transactionfooditem", "pk": 33, "fields": {"food_item": 4, "transaction": 12, "discount": 1, "price": null, "request": null, "extras": [1]}}, {"model": "menu.transactionfooditem", "pk": 34, "fields": {"food_item": 20, "transaction": 12, "discount": 1, "price": null, "request": null, "extras": [7]}}, {"model": "menu.transactionfooditem", "pk": 35, "fields": {"food_item": 28, "transaction": 12, "discount": 1, "price": null, "request": null, "extras": [11]}}, {"model": "menu.transactionfooditem", "pk": 36, "fields": {"food_item": 11, "transaction": 13, "discount": 1, "price": null, "request": null, "extras": [1]}}, {"model": "menu.transactionfooditem", "pk": 37, "fields": {"food_item": 27, "transaction": 13, "discount": 1, "price": null, "request": null, "extras": [8, 12]}}, {"model": "menu.transactionfooditem", "pk": 38, "fields": {"food_item": 20, "transaction": 13, "discount": 1, "price": null, "request": null, "extras": [6]}}, {"model": "menu.transactionfooditem", "pk": 39, "fields": {"food_item": 5, "transaction": 13, "discount": 1, "price": null, "request": null, "extras": [2]}}, {"model": "menu.transactionfooditem", "pk": 40, "fields": {"food_item": 3, "transaction": 14, "discount": 1, "price": null, "request": null, "extras": [1]}}, {"model": "menu.transactionfooditem", "pk": 41, "fields": {"food_item": 31, "transaction": 15, "discount": 1, "price": null, "request": null, "extras": []}}, {"model": "menu.transactionfooditem", "pk": 42, "fields": {"food_item": 21, "transaction": 16, "discount": 1, "price": null, "request": null, "extras": [6]}}, {"model": "menu.transactionfooditem", "pk": 43, "fields": {"food_item": 27, "transaction": 16, "discount": 1, "price": null, "request": null, "extras": [11, 13]}}, {"model": "menu.transactionfooditem", "pk": 44, "fields": {"food_item": 13, "transaction": 16, "discount": 1, "price": null, "request": null, "extras": [2]}}, {"model": "menu.transactionfooditem", "pk": 45, "fields": {"food_item": 32, "transaction": 17, "discount": 1, "price": null, "request": null, "extras": []}}, {"model": "menu.transactionfooditem", "pk": 46, "fields": {"food_item": 27, "transaction": 17, "discount": 1, "price": null, "request": null, "extras": []}}, {"model": "menu.transactionfooditem", "pk": 47, "fields": {"food_item": 35, "transaction": 17, "discount": 1, "price": null, "request": null, "extras": [18, 20]}}, {"model": "menu.transactionfooditem", "pk": 48, "fields": {"food_item": 7, "transaction": 17, "discount": 1, "price": null, "request": null, "extras": [1]}}, {"model": "menu.transactionfooditem", "pk": 49, "fields": {"food_item": 9, "transaction": 18, "discount": 1, "price": null, "request": null, "extras": [2]}}, {"model": "menu.transactionfooditem", "pk": 50, "fields": {"food_item": 34, "transaction": 18, "discount": 1, "price": null, "request": null, "extras": [18]}}, {"model": "menu.transactionfooditem", "pk": 51, "fields": {"food_item": 26, "transaction": 19, "discount": 1, "price": null, "request": null, "extras": [6]}}, {"model": "menu.transactionfooditem", "pk": 52, "fields": {"food_item": 35, "transaction": 19, "discount": 1, "price": null, "request": null, "extras": []}}, {"model": "menu.transactionfooditem", "pk": 53, "fields": {"food_item": 5, "transaction": 19, "discount": 1, "price": null, "request": null, "extras": [2]}}, {"model": "menu.transactionfooditem", "pk": 54, "fields": {"food_item": 31, "transaction": 19, "discount": 1, "price": null, "request": null, "extras": [8]}}, {"model": "menu.transactionfooditem", "pk": 55, "fields": {"food_item": 8, "transaction": 20, "discount": 1, "price": null, "request": null, "extras": [3]}}, {"model": "menu.transactionfooditem", "pk": 56, "fields": {"food_item": 29, "transaction": 20, "discount": 1, "price": null, "request": null, "extras": [11, 13]}}, {"model": "menu.transactionfooditem", "pk": 57, "fields": {"food_item": 15, "transaction": 20, "discount": 1, "price": null, "request": null, "extras": [4]}}, {"model": "menu.transactionfooditem", "pk": 58, "fields": {"food_item": 25, "transaction": 21, "discount": 1, "price": null, "request": null, "extras": [5]}}, {"model": "menu.transactionfooditem", "pk": 59, "fields": {"food_item": 28, "transaction": 21, "discount": 1, "price": null, "request": null, "extras": []}}, {"model": "menu.transactionfooditem", "pk": 60, "fields": {"food_item": 20, "transaction": 21, "discount": 1, "price": null, "request": null, "extras": [6]}}, {"model": "menu.transactionfooditem", "pk": 61, "fields": {"food_item": 22, "transaction": 21, "discount": 1, "price": null, "request": null, "extras": [7]}}, {"model": "menu.transactionfooditem", "pk": 62, "fields": {"food_item": 17, "transaction": 22, "discount": 1, "price": null, "request": null, "extras": [5]}}, {"model": "menu.transactionfooditem", "pk": 63, "fields": {"food_item": 3, "transaction": 23, "discount": 1, "price": null, "request": null, "extras": [2]}}, {"model": "menu.transactionfooditem", "pk": 64, "fields": {"food_item": 36, "transaction": 24, "discount": 1, "price": null, "request": null, "extras": [20]}}, {"model": "menu.transactionfooditem", "pk": 65, "fields": {"food_item": 22, "transaction": 24, "discount": 1, "price": null, "request": null, "extras": [4]}}, {"model": "menu.transactionfooditem", "pk": 66, "fields": {"food_item": 26, "transaction": 24, "discount": 1, "price": null, "request": null, "extras": [6]}}, {"model": "menu.transactionfooditem", "pk": 67, "fields": {"food_item": 27, "transaction": 24, "discount": 1, "price": null, "request": null, "extras": []}}, {"model": "menu.transactionfooditem", "pk": 68, "fields": {"food_item": 15, "transaction": 24, "discount": 1, "price": null, "request": null, "extras": [6]}}, {"model": "menu.transactionfooditem", "pk": 69, "fields": {"food_item": 17, "transaction": 25, "discount": 1, "price": null, "request": null, "extras": [4]}}, {"model": "menu.transactionfooditem", "pk": 70, "fields": {"food_item": 27, "transaction": 25, "discount": 1, "price": null, "request": null, "extras": []}}, {"model": "menu.transactionfooditem", "pk": 71, "fields": {"food_item": 32, "transaction": 26, "discount": 1, "price": null, "request": null, "extras": []}}, {"model": "menu.transactionfooditem", "pk": 72, "fields": {"food_item": 18, "transaction": 26, "discount": 1, "price": null, "request": null, "extras": [6]}}, {"model": "menu.transactionfooditem", "pk": 73, "fields": {"food_item": 5, "transaction": 26, "discount": 1, "price": null, "request": null, "extras": [2]}}, {"model": "menu.transactionfooditem", "pk": 74, "fields": {"food_item": 24, "transaction": 26, "discount": 1, "price": null, "request": null, "extras": [7]}}, {"model": "menu.transactionfooditem", "pk": 75, "fields": {"food_item": 28, "transaction": 26, "discount": 1, "price": null, "request": null, "extras": []}}, {"model": "menu.transactionfooditem", "pk": 76, "fields": {"food_item": 25, "transaction": 27, "discount": 1, "price": null, "request": null, "extras": [6]}}, {"model": "menu.transactionfooditem", "pk": 77, "fields": {"food_item": 29, "transaction": 27, "discount": 1, "price": null, "request": null, "extras": []}}, {"model": "menu.transactionfooditem", "pk": 78, "fields": {"food_item": 31, "transaction": 27, "discount": 1, "price": null, "request": null, "extras": [9, 15]}}, {"model": "menu.transactionfooditem", "pk": 79, "fields": {"food_item": 10, "transaction": 28, "discount": 1, "price": null, "request": null, "extras": [2]}}, {"model": "menu.transactionfooditem", "pk": 80, "fields": {"food_item": 30, "transaction": 28, "discount": 1, "price": null, "request": null, "extras": [15]}}, {"model": "menu.transactionfooditem", "pk": 81, "fields": {"food_item": 23, "transaction": 28, "discount": 1, "price": null, "request": null, "extras": [7]}}, {"model": "menu.transactionfooditem", "pk": 82, "fields": {"food_item": 24, "transaction": 29, "discount": 1, "price": null, "request": null, "extras": [6]}}, {"model": "menu.transactionfooditem", "pk": 83, "fields": {"food_item": 34, "transaction": 29, "discount": 1, "price": null, "request": null, "extras": [18]}}, {"model": "menu.transactionfooditem", "pk": 84, "fields": {"food_item": 20, "transaction": 29, "discount": 1, "price": null, "request": null, "extras": [6]}}, {"model": "menu.transactionfooditem", "pk": 85, "fields": {"food_item": 6, "transaction": 29, "discount": 1, "price": null, "request": null, "extras": [2]}}, {"model": "menu.transactionfooditem", "pk": 86, "fields": {"food_item": 2, "transaction": 30, "discount": 1, "price": null, "request": null, "extras": [3]}}, {"model": "menu.transactionfooditem", "pk": 87, "fields": {"food_item": 5, "transaction": 30, "discount": 1, "price": null, "request": null, "extras": [3]}}, {"model": "menu.transactionfooditem", "pk": 88, "fields": {"food_item": 31, "transaction": 30, "discount": 1, "price": null, "request": null, "extras": [9]}}, {"model": "menu.transactionfooditem", "pk": 89, "fields": {"food_item": 17, "transaction": 31, "discount": 1, "price": null, "request": null, "extras": [7]}}, {"model": "menu.transactionfooditem", "pk": 90, "fields": {"food_item": 15, "transaction": 31, "discount": 1, "price": null, "request": null, "extras": [4]}}, {"model": "menu.transactionfooditem", "pk": 91, "fields": {"food_item": 24, "transaction": 32, "discount": 1, "price": null, "request": null, "extras": [6]}}, {"model": "menu.transactionfooditem", "pk": 92, "fields": {"food_item": 16, "transaction": 32, "discount": 1, "price": null, "request": null, "extras": [7]}}, {"model": "menu.transactionfooditem", "pk": 93, "fields": {"food_item": 30, "transaction": 32, "discount": 1, "price": null, "request": null, "extras": []}}, {"model": "menu.transactionfooditem", "pk": 94, "fields": {"food_item": 23, "transaction": 32, "discount": 1, "price": null, "request": null, "extras": [6]}}, {"model": "menu.transactionfooditem", "pk": 95, "fields": {"food_item": 16, "transaction": 33, "discount": 1, "price": null, "request": null, "extras": [5]}}, {"model": "menu.transactionfooditem", "pk": 96, "fields": {"food_item": 18, "transaction": 34, "discount": 1, "price": null, "request": null, "extras": [4]}}, {"model": "menu.transactionfooditem", "pk": 97, "fields": {"food_item": 33, "transaction": 35, "discount": 1, "price": null, "request": null, "extras": [11]}}, {"model": "menu.transactionfooditem", "pk": 98, "fields": {"food_item": 24, "transaction": 36, "discount": 1, "price": null, "request": null, "extras": [6]}}, {"model": "menu.transactionfooditem", "pk": 99, "fields": {"food_item": 12, "transaction": 36, "discount": 1, "price": null, "request": null, "extras": [3]}}, {"model": "menu.transactionfooditem", "pk": 100, "fields": {"food_item": 14, "transaction": 37, "discount": 1, "price": null, "request": null, "extras": [2]}}, {"model": "menu.transactionfooditem", "pk": 101, "fields": {"food_item": 23, "transaction": 37, "discount": 1, "price": null, "request": null, "extras": [7]}}, {"model": "menu.transactionfooditem", "pk": 102, "fields": {"food_item": 36, "transaction": 38, "discount": 1, "price": null, "request": null, "extras": [18, 19]}}, {"model": "menu.transactionfooditem", "pk": 103, "fields": {"food_item": 37, "transaction": 38, "discount": 1, "price": null, "request": null, "extras": []}}, {"model": "menu.transactionfooditem", "pk": 104, "fields": {"food_item": 16, "transaction": 39, "discount": 1, "price": null, "request": null, "extras": [6]}}, {"model": "menu.transactionfooditem", "pk": 105, "fields": {"food_item": 15, "transaction": 39, "discount": 1, "price": null, "request": null, "extras": [6]}}, {"model": "menu.transactionfooditem", "pk": 106, "fields": {"food_item": 10, "transaction": 40, "discount": 1, "price": null, "request": null, "extras": [2]}}, {"model": "menu.transactionfooditem", "pk": 107, "fields": {"food_item": 3, "transaction": 40, "discount": 1, "price": null, "request": null, "extras": [2]}}, {"model": "menu.transactionfooditem", "pk": 108, "fields": {"food_item": 7, "transaction": 40, "discount": 1, "price": null, "request": null, "extras": [3]}}, {"model": "menu.transactionfooditem", "pk": 109, "fields": {"food_item": 19, "transaction": 41, "discount": 1, "price": null, "request": null, "extras": [6]}}, {"model": "menu.transactionfooditem", "pk": 110, "fields": {"food_item": 26, "transaction": 41, "discount": 1, "price": null, "request": null, "extras": [4]}}, {"model": "menu.transactionfooditem", "pk": 111, "fields": {"food_item": 11, "transaction": 41, "discount": 1, "price": null, "request": null, "extras": [3]}}, {"model": "menu.transactionfooditem", "pk": 112, "fields": {"food_item": 21, "transaction": 41, "discount": 1, "price": null, "request": null, "extras": [5]}}, {"model": "menu.transactionfooditem", "pk": 113, "fields": {"food_item": 32, "transaction": 42, "discount": 1, "price": null, "request": null, "extras": [12]}}, {"model": "menu.transactionfooditem", "pk": 114, "fields": {"food_item": 24, "transaction": 42, "discount": 1, "price": null, "request": null, "extras": [7]}}, {"model": "menu.transactionfooditem", "pk": 115, "fields": {"food_item": 13, "transaction": 42, "discount": 1, "price": null, "request": null, "extras": [2]}}, {"model": "menu.transactionfooditem", "pk": 116, "fields": {"food_item": 30, "transaction": 42, "discount": 1, "price": null, "request": null, "extras": [8]}}, {"model": "menu.transactionfooditem", "pk": 117, "fields": {"food_item": 15, "transaction": 42, "discount": 1, "price": null, "request": null, "extras": [7]}}, {"model": "menu.transactionfooditem", "pk": 118, "fields": {"food_item": 30, "transaction": 43, "discount": 1, "price": null, "request": null, "extras": [12, 16]}}, {"model": "menu.transactionfooditem", "pk": 119, "fields": {"food_item": 35, "transaction": 44, "discount": 1, "price": null, "request": null, "extras": [20]}}, {"model": "menu.transactionfooditem", "pk": 120, "fields": {"food_item": 36, "transaction": 44, "discount": 1, "price": null, "request": null, "extras": [18]}}, {"model": "menu.transactionfooditem", "pk": 121, "fields": {"food_item": 6, "transaction": 44, "discount": 1, "price": null, "request": null, "extras": [3]}}, {"model": "menu.transactionfooditem", "pk": 122, "fields": {"food_item": 25, "transaction": 44, "discount": 1, "price": null, "request": null, "extras": [7]}}, {"model": "menu.transactionfooditem", "pk": 123, "fields": {"food_item": 10, "transaction": 44, "discount": 1, "price": null, "request": null, "extras": [1]}}, {"model": "menu.transactionfooditem", "pk": 124, "fields": {"food_item": 34, "transaction": 45, "discount": 1, "price": null, "request": null, "extras": [17, 18]}}, {"model": "menu.transactionfooditem", "pk": 125, "fields": {"food_item": 12, "transaction": 45, "discount": 1, "price": null, "request": null, "extras": [3]}}, {"model": "menu.transactionfooditem", "pk": 126, "fields": {"food_item": 4, "transaction": 45, "discount": 1, "price": null, "request": null, "extras": [2]}}, {"model": "menu.transactionfooditem", "pk": 127, "fields": {"food_item": 14, "transaction": 45, "discount": 1, "price": null, "request": null, "extras": [3]}}, {"model": "menu.transactionfooditem", "pk": 128, "fields": {"food_item": 26, "transaction": 46, "discount": 1, "price": null, "request": null, "extras": [7]}}, {"model": "menu.transactionfooditem", "pk": 129, "fields": {"food_item": 21, "transaction": 46, "discount": 1, "price": null, "request": null, "extras": [5]}}, {"model": "menu.transactionfooditem", "pk": 130, "fields": {"food_item": 3, "transaction": 47, "discount": 1, "price": null, "request": null, "extras": [3]}}, {"model": "menu.transactionfooditem", "pk": 131, "fields": {"food_item": 12, "transaction": 47, "discount": 1, "price": null, "request": null, "extras": [3]}}, {"model": "menu.transactionfooditem", "pk": 132, "fields": {"food_item": 11, "transaction": 48, "discount": 1, "price": null, "request": null, "extras": [1]}}, {"model": "menu.transactionfooditem", "pk": 133, "fields": {"food_item": 34, "transaction": 49, "discount": 1, "price": null, "request": null, "extras": [19]}}, {"model": "menu.transactionfooditem", "pk": 134, "fields": {"food_item": 3, "transaction": 49, "discount": 1, "price": null, "request": null, "extras": [1]}}, {"model": "menu.transactionfooditem", "pk": 135, "fields": {"food_item": 11, "transaction": 49, "discount": 1, "price": null, "request": null, "extras": [2]}}, {"model": "menu.transactionfooditem", "pk": 136, "fields": {"food_item": 28, "transaction": 49, "discount": 1, "price": null, "request": null, "extras": [10, 15]}}, {"model": "menu.transactionfooditem", "pk": 137, "fields": {"food_item": 29, "transaction": 49, "discount": 1, "price": null, "request": null, "extras": []}}, {"model": "menu.transactionfooditem", "pk": 138, "fields": {"food_item": 32, "transaction": 50, "discount": 1, "price": null, "request": null, "extras": [13]}}, {"model": "menu.transactionfooditem", "pk": 139, "fields": {"food_item": 22, "transaction": 50, "discount": 1, "price": null, "request": null, "extras": [6]}}, {"model": "menu.problem", "pk": 1, "fields": {"name": "My table needs to be cleaned"}}, {"model": "menu.problem", "pk": 2, "fields": {"name": "I have a question about the menu"}}, {"model": "menu.problem", "pk": 3, "fields": {"name": "There is a problem with my credit card payment"}}, {"model": "menu.problem", "pk": 4, "fields": {"name": "I need help with my cart"}}, {"model": "menu.problem", "pk": 5, "fields": {"name": "I need serviettes"}}, {"model": "menu.problem", "pk": 6, "fields": {"name": "I need cutlery"}}, {"model": "menu.problem", "pk": 7, "fields": {"name": "There is a problem with my food"}}, {"model": "menu.problem", "pk": 8, "fields": {"name": "I need a baby chair"}}, {"model": "menu.problem", "pk": 9, "fields": {"name": "I need some tomato sauce"}}, {"model": "menu.problem", "pk": 10, "fields": {"name": "Chilli flakes please"}}, {"model": "auth.permission", "pk": 1, "fields": {"name": "Can add log entry", "content_type": 1, "codename": "add_logentry"}}, {"model": "auth.permission", "pk": 2, "fields": {"name": "Can change log entry", "content_type": 1, "codename": "change_logentry"}}, {"model": "auth.permission", "pk": 3, "fields": {"name": "Can delete log entry", "content_type": 1, "codename": "delete_logentry"}}, {"model": "auth.permission", "pk": 4, "fields": {"name": "Can view log entry", "content_type": 1, "codename": "view_logentry"}}, {"model": "auth.permission", "pk": 5, "fields": {"name": "Can add permission", "content_type": 2, "codename": "add_permission"}}, {"model": "auth.permission", "pk": 6, "fields": {"name": "Can change permission", "content_type": 2, "codename": "change_permission"}}, {"model": "auth.permission", "pk": 7, "fields": {"name": "Can delete permission", "content_type": 2, "codename": "delete_permission"}}, {"model": "auth.permission", "pk": 8, "fields": {"name": "Can view permission", "content_type": 2, "codename": "view_permission"}}, {"model": "auth.permission", "pk": 9, "fields": {"name": "Can add group", "content_type": 3, "codename": "add_group"}}, {"model": "auth.permission", "pk": 10, "fields": {"name": "Can change group", "content_type": 3, "codename": "change_group"}}, {"model": "auth.permission", "pk": 11, "fields": {"name": "Can delete group", "content_type": 3, "codename": "delete_group"}}, {"model": "auth.permission", "pk": 12, "fields": {"name": "Can view group", "content_type": 3, "codename": "view_group"}}, {"model": "auth.permission", "pk": 13, "fields": {"name": "Can add content type", "content_type": 4, "codename": "add_contenttype"}}, {"model": "auth.permission", "pk": 14, "fields": {"name": "Can change content type", "content_type": 4, "codename": "change_contenttype"}}, {"model": "auth.permission", "pk": 15, "fields": {"name": "Can delete content type", "content_type": 4, "codename": "delete_contenttype"}}, {"model": "auth.permission", "pk": 16, "fields": {"name": "Can view content type", "content_type": 4, "codename": "view_contenttype"}}, {"model": "auth.permission", "pk": 17, "fields": {"name": "Can add session", "content_type": 5, "codename": "add_session"}}, {"model": "auth.permission", "pk": 18, "fields": {"name": "Can change session", "content_type": 5, "codename": "change_session"}}, {"model": "auth.permission", "pk": 19, "fields": {"name": "Can delete session", "content_type": 5, "codename": "delete_session"}}, {"model": "auth.permission", "pk": 20, "fields": {"name": "Can view session", "content_type": 5, "codename": "view_session"}}, {"model": "auth.permission", "pk": 21, "fields": {"name": "Can add site", "content_type": 6, "codename": "add_site"}}, {"model": "auth.permission", "pk": 22, "fields": {"name": "Can change site", "content_type": 6, "codename": "change_site"}}, {"model": "auth.permission", "pk": 23, "fields": {"name": "Can delete site", "content_type": 6, "codename": "delete_site"}}, {"model": "auth.permission", "pk": 24, "fields": {"name": "Can view site", "content_type": 6, "codename": "view_site"}}, {"model": "auth.permission", "pk": 25, "fields": {"name": "Can add Token", "content_type": 7, "codename": "add_token"}}, {"model": "auth.permission", "pk": 26, "fields": {"name": "Can change Token", "content_type": 7, "codename": "change_token"}}, {"model": "auth.permission", "pk": 27, "fields": {"name": "Can delete Token", "content_type": 7, "codename": "delete_token"}}, {"model": "auth.permission", "pk": 28, "fields": {"name": "Can view Token", "content_type": 7, "codename": "view_token"}}, {"model": "auth.permission", "pk": 29, "fields": {"name": "Can add email address", "content_type": 8, "codename": "add_emailaddress"}}, {"model": "auth.permission", "pk": 30, "fields": {"name": "Can change email address", "content_type": 8, "codename": "change_emailaddress"}}, {"model": "auth.permission", "pk": 31, "fields": {"name": "Can delete email address", "content_type": 8, "codename": "delete_emailaddress"}}, {"model": "auth.permission", "pk": 32, "fields": {"name": "Can view email address", "content_type": 8, "codename": "view_emailaddress"}}, {"model": "auth.permission", "pk": 33, "fields": {"name": "Can add email confirmation", "content_type": 9, "codename": "add_emailconfirmation"}}, {"model": "auth.permission", "pk": 34, "fields": {"name": "Can change email confirmation", "content_type": 9, "codename": "change_emailconfirmation"}}, {"model": "auth.permission", "pk": 35, "fields": {"name": "Can delete email confirmation", "content_type": 9, "codename": "delete_emailconfirmation"}}, {"model": "auth.permission", "pk": 36, "fields": {"name": "Can view email confirmation", "content_type": 9, "codename": "view_emailconfirmation"}}, {"model": "auth.permission", "pk": 37, "fields": {"name": "Can add social account", "content_type": 10, "codename": "add_socialaccount"}}, {"model": "auth.permission", "pk": 38, "fields": {"name": "Can change social account", "content_type": 10, "codename": "change_socialaccount"}}, {"model": "auth.permission", "pk": 39, "fields": {"name": "Can delete social account", "content_type": 10, "codename": "delete_socialaccount"}}, {"model": "auth.permission", "pk": 40, "fields": {"name": "Can view social account", "content_type": 10, "codename": "view_socialaccount"}}, {"model": "auth.permission", "pk": 41, "fields": {"name": "Can add social application", "content_type": 11, "codename": "add_socialapp"}}, {"model": "auth.permission", "pk": 42, "fields": {"name": "Can change social application", "content_type": 11, "codename": "change_socialapp"}}, {"model": "auth.permission", "pk": 43, "fields": {"name": "Can delete social application", "content_type": 11, "codename": "delete_socialapp"}}, {"model": "auth.permission", "pk": 44, "fields": {"name": "Can view social application", "content_type": 11, "codename": "view_socialapp"}}, {"model": "auth.permission", "pk": 45, "fields": {"name": "Can add social application token", "content_type": 12, "codename": "add_socialtoken"}}, {"model": "auth.permission", "pk": 46, "fields": {"name": "Can change social application token", "content_type": 12, "codename": "change_socialtoken"}}, {"model": "auth.permission", "pk": 47, "fields": {"name": "Can delete social application token", "content_type": 12, "codename": "delete_socialtoken"}}, {"model": "auth.permission", "pk": 48, "fields": {"name": "Can view social application token", "content_type": 12, "codename": "view_socialtoken"}}, {"model": "auth.permission", "pk": 49, "fields": {"name": "Can add user", "content_type": 13, "codename": "add_customuser"}}, {"model": "auth.permission", "pk": 50, "fields": {"name": "Can change user", "content_type": 13, "codename": "change_customuser"}}, {"model": "auth.permission", "pk": 51, "fields": {"name": "Can delete user", "content_type": 13, "codename": "delete_customuser"}}, {"model": "auth.permission", "pk": 52, "fields": {"name": "Can view user", "content_type": 13, "codename": "view_customuser"}}, {"model": "auth.permission", "pk": 53, "fields": {"name": "Can add category", "content_type": 14, "codename": "add_category"}}, {"model": "auth.permission", "pk": 54, "fields": {"name": "Can change category", "content_type": 14, "codename": "change_category"}}, {"model": "auth.permission", "pk": 55, "fields": {"name": "Can delete category", "content_type": 14, "codename": "delete_category"}}, {"model": "auth.permission", "pk": 56, "fields": {"name": "Can view category", "content_type": 14, "codename": "view_category"}}, {"model": "auth.permission", "pk": 57, "fields": {"name": "Can add credit card", "content_type": 15, "codename": "add_creditcard"}}, {"model": "auth.permission", "pk": 58, "fields": {"name": "Can change credit card", "content_type": 15, "codename": "change_creditcard"}}, {"model": "auth.permission", "pk": 59, "fields": {"name": "Can delete credit card", "content_type": 15, "codename": "delete_creditcard"}}, {"model": "auth.permission", "pk": 60, "fields": {"name": "Can view credit card", "content_type": 15, "codename": "view_creditcard"}}, {"model": "auth.permission", "pk": 61, "fields": {"name": "Can add discount", "content_type": 16, "codename": "add_discount"}}, {"model": "auth.permission", "pk": 62, "fields": {"name": "Can change discount", "content_type": 16, "codename": "change_discount"}}, {"model": "auth.permission", "pk": 63, "fields": {"name": "Can delete discount", "content_type": 16, "codename": "delete_discount"}}, {"model": "auth.permission", "pk": 64, "fields": {"name": "Can view discount", "content_type": 16, "codename": "view_discount"}}, {"model": "auth.permission", "pk": 65, "fields": {"name": "Can add extra", "content_type": 17, "codename": "add_extra"}}, {"model": "auth.permission", "pk": 66, "fields": {"name": "Can change extra", "content_type": 17, "codename": "change_extra"}}, {"model": "auth.permission", "pk": 67, "fields": {"name": "Can delete extra", "content_type": 17, "codename": "delete_extra"}}, {"model": "auth.permission", "pk": 68, "fields": {"name": "Can view extra", "content_type": 17, "codename": "view_extra"}}, {"model": "auth.permission", "pk": 69, "fields": {"name": "Can add food item", "content_type": 18, "codename": "add_fooditem"}}, {"model": "auth.permission", "pk": 70, "fields": {"name": "Can change food item", "content_type": 18, "codename": "change_fooditem"}}, {"model": "auth.permission", "pk": 71, "fields": {"name": "Can delete food item", "content_type": 18, "codename": "delete_fooditem"}}, {"model": "auth.permission", "pk": 72, "fields": {"name": "Can view food item", "content_type": 18, "codename": "view_fooditem"}}, {"model": "auth.permission", "pk": 73, "fields": {"name": "Can add menu", "content_type": 19, "codename": "add_menu"}}, {"model": "auth.permission", "pk": 74, "fields": {"name": "Can change menu", "content_type": 19, "codename": "change_menu"}}, {"model": "auth.permission", "pk": 75, "fields": {"name": "Can delete menu", "content_type": 19, "codename": "delete_menu"}}, {"model": "auth.permission", "pk": 76, "fields": {"name": "Can view menu", "content_type": 19, "codename": "view_menu"}}, {"model": "auth.permission", "pk": 77, "fields": {"name": "Can add problem", "content_type": 20, "codename": "add_problem"}}, {"model": "auth.permission", "pk": 78, "fields": {"name": "Can change problem", "content_type": 20, "codename": "change_problem"}}, {"model": "auth.permission", "pk": 79, "fields": {"name": "Can delete problem", "content_type": 20, "codename": "delete_problem"}}, {"model": "auth.permission", "pk": 80, "fields": {"name": "Can view problem", "content_type": 20, "codename": "view_problem"}}, {"model": "auth.permission", "pk": 81, "fields": {"name": "Can add tag", "content_type": 21, "codename": "add_tag"}}, {"model": "auth.permission", "pk": 82, "fields": {"name": "Can change tag", "content_type": 21, "codename": "change_tag"}}, {"model": "auth.permission", "pk": 83, "fields": {"name": "Can delete tag", "content_type": 21, "codename": "delete_tag"}}, {"model": "auth.permission", "pk": 84, "fields": {"name": "Can view tag", "content_type": 21, "codename": "view_tag"}}, {"model": "auth.permission", "pk": 85, "fields": {"name": "Can add transaction", "content_type": 22, "codename": "add_transaction"}}, {"model": "auth.permission", "pk": 86, "fields": {"name": "Can change transaction", "content_type": 22, "codename": "change_transaction"}}, {"model": "auth.permission", "pk": 87, "fields": {"name": "Can delete transaction", "content_type": 22, "codename": "delete_transaction"}}, {"model": "auth.permission", "pk": 88, "fields": {"name": "Can view transaction", "content_type": 22, "codename": "view_transaction"}}, {"model": "auth.permission", "pk": 89, "fields": {"name": "Can add transaction food item", "content_type": 23, "codename": "add_transactionfooditem"}}, {"model": "auth.permission", "pk": 90, "fields": {"name": "Can change transaction food item", "content_type": 23, "codename": "change_transactionfooditem"}}, {"model": "auth.permission", "pk": 91, "fields": {"name": "Can delete transaction food item", "content_type": 23, "codename": "delete_transactionfooditem"}}, {"model": "auth.permission", "pk": 92, "fields": {"name": "Can view transaction food item", "content_type": 23, "codename": "view_transactionfooditem"}}, {"model": "auth.permission", "pk": 93, "fields": {"name": "Can add assistance", "content_type": 24, "codename": "add_assistance"}}, {"model": "auth.permission", "pk": 94, "fields": {"name": "Can change assistance", "content_type": 24, "codename": "change_assistance"}}, {"model": "auth.permission", "pk": 95, "fields": {"name": "Can delete assistance", "content_type": 24, "codename": "delete_assistance"}}, {"model": "auth.permission", "pk": 96, "fields": {"name": "Can view assistance", "content_type": 24, "codename": "view_assistance"}}, {"model": "accounts.customuser", "pk": 1, "fields": {"password": "pbkdf2_sha256$180000$w6ubGPVcRbnJ$DQ6/ERMc7RhitJraArtkvnc3CXUwTmxslPN/j/DZKn4=", "last_login": null, "is_superuser": true, "username": "admin", "email": "", "is_staff": true, "is_active": true, "date_joined": "2020-04-26T02:23:11.302Z", "first_name": "ADMIN", "last_name": "ACCOUNT", "active": true, "user_type": "MANAGER", "groups": [], "user_permissions": []}}, {"model": "accounts.customuser", "pk": 2, "fields": {"password": "pbkdf2_sha256$180000$U8fgiVikjMTU$D/p7OnX3cBOp2rLOKPOeE9O94ceH9H5nXTMxGXxC3PE=", "last_login": null, "is_superuser": true, "username": "LK01", "email": "", "is_staff": true, "is_active": true, "date_joined": "2020-04-26T02:23:11.419Z", "first_name": "Lauren", "last_name": "Klimt", "active": true, "user_type": "MANAGER", "groups": [], "user_permissions": []}}, {"model": "accounts.customuser", "pk": 3, "fields": {"password": "pbkdf2_sha256$180000$CiHViKjQ9plY$Yci9EEXetJzWDHScWyJt/CBg59RawiW4pE1+0qcateo=", "last_login": null, "is_superuser": true, "username": "CY01", "email": "", "is_staff": true, "is_active": true, "date_joined": "2020-04-26T02:23:11.523Z", "first_name": "Colin", "last_name": "Yang", "active": true, "user_type": "MANAGER", "groups": [], "user_permissions": []}}, {"model": "accounts.customuser", "pk": 4, "fields": {"password": "pbkdf2_sha256$180000$8DS5bJeHFujq$x36TgJ7ufOR9DTD9tfhLnyMY0WpfzTSZr/JpqAkHpbI=", "last_login": null, "is_superuser": true, "username": "TK01", "email": "", "is_staff": true, "is_active": true, "date_joined": "2020-04-26T02:23:11.644Z", "first_name": "Tripta", "last_name": "Kaur", "active": true, "user_type": "MANAGER", "groups": [], "user_permissions": []}}, {"model": "accounts.customuser", "pk": 5, "fields": {"password": "pbkdf2_sha256$180000$nbz6cT4ukAWS$mY2PLtzkDgiIJCbcw77kMj9B+6Ej7FpTHJoh8b8/r88=", "last_login": null, "is_superuser": false, "username": "LL01", "email": "", "is_staff": false, "is_active": true, "date_joined": "2020-04-26T02:23:11.761Z", "first_name": "Leonard", "last_name": "Lee", "active": true, "user_type": "WAITER", "groups": [], "user_permissions": []}}, {"model": "accounts.customuser", "pk": 6, "fields": {"password": "pbkdf2_sha256$180000$UEEQnoOnPNSg$qgaAnyRKvnFaoRgwOQ6elC28P4cx/uv+6Q/+6WZgN/Y=", "last_login": null, "is_superuser": false, "username": "JS01", "email": "", "is_staff": false, "is_active": true, "date_joined": "2020-04-26T02:23:11.865Z", "first_name": "John", "last_name": "Smith", "active": true, "user_type": "WAITER", "groups": [], "user_permissions": []}}, {"model": "accounts.customuser", "pk": 7, "fields": {"password": "pbkdf2_sha256$180000$IpaT9AxwoC8d$pcGsuQYzQVr1K7S5rLrg8hfTeIT7K6/jqY6vI4HhDN4=", "last_login": null, "is_superuser": false, "username": "LK02", "email": "", "is_staff": false, "is_active": true, "date_joined": "2020-04-26T02:23:11.969Z", "first_name": "Lisa", "last_name": "Kay", "active": true, "user_type": "WAITER", "groups": [], "user_permissions": []}}, {"model": "accounts.customuser", "pk": 8, "fields": {"password": "pbkdf2_sha256$180000$DSWfOutmLuOC$MB07HQKIX3E5QJ6U9tKVY4MiIIuz1gMelLB9CtksP94=", "last_login": null, "is_superuser": false, "username": "MJ01", "email": "", "is_staff": false, "is_active": true, "date_joined": "2020-04-26T02:23:12.135Z", "first_name": "Mary", "last_name": "Johnson", "active": false, "user_type": "WAITER", "groups": [], "user_permissions": []}}, {"model": "accounts.customuser", "pk": 9, "fields": {"password": "pbkdf2_sha256$180000$ODvrfmcDIx7Y$fbK9aPyj/8yqMAOoqO4QFHdOuE/RjXCwf8siZtjCNv8=", "last_login": null, "is_superuser": false, "username": "AS01", "email": "", "is_staff": false, "is_active": true, "date_joined": "2020-04-26T02:23:12.239Z", "first_name": "Angus", "last_name": "Suttor", "active": true, "user_type": "KITCHEN", "groups": [], "user_permissions": []}}, {"model": "accounts.customuser", "pk": 10, "fields": {"password": "pbkdf2_sha256$180000$ONXIY3ssflKR$dkzsLYnVzQxBGBjTM+s2qhW4TLTUimMo4eyWCoLmJJM=", "last_login": null, "is_superuser": false, "username": "MD01", "email": "", "is_staff": false, "is_active": true, "date_joined": "2020-04-26T02:23:12.350Z", "first_name": "Michael", "last_name": "Davis", "active": true, "user_type": "KITCHEN", "groups": [], "user_permissions": []}}, {"model": "accounts.customuser", "pk": 11, "fields": {"password": "pbkdf2_sha256$180000$F0dpvpdhmlaq$Scntvgynq9JFI27G3J+JCpFWojAV+ZH/XIQb9c8dKDg=", "last_login": null, "is_superuser": false, "username": "JS02", "email": "", "is_staff": false, "is_active": true, "date_joined": "2020-04-26T02:23:12.464Z", "first_name": "Jessica", "last_name": "Smith", "active": true, "user_type": "KITCHEN", "groups": [], "user_permissions": []}}, {"model": "accounts.customuser", "pk": 12, "fields": {"password": "pbkdf2_sha256$180000$ZDellgykryGU$pdwzGWP3YcYMsZ9Bg/MXO3a5Za6Q8JBLkU0KmJG0Vvo=", "last_login": null, "is_superuser": false, "username": "AM01", "email": "", "is_staff": false, "is_active": true, "date_joined": "2020-04-26T02:23:12.577Z", "first_name": "Anne", "last_name": "Miller", "active": false, "user_type": "KITCHEN", "groups": [], "user_permissions": []}}, {"model": "accounts.customuser", "pk": 13, "fields": {"password": "pbkdf2_sha256$180000$ueYfCrL33jF3$k9cZG26KghHztLFqeInmAejg2lwqxyj8ou2wIdZ9MAk=", "last_login": null, "is_superuser": false, "username": "JB01", "email": "", "is_staff": false, "is_active": true, "date_joined": "2020-04-26T02:23:12.683Z", "first_name": "John", "last_name": "Brown", "active": false, "user_type": "KITCHEN", "groups": [], "user_permissions": []}}, {"model": "menu.transaction", "pk": 1, "fields": {"active": false, "prepared": true, "date": "2020-04-26T02:23:12.812Z", "customer": null, "credit_card": 1, "request": null, "total_price": null, "kitchen_note": null}}, {"model": "menu.transaction", "pk": 2, "fields": {"active": false, "prepared": true, "date": "2020-04-26T02:23:12.847Z", "customer": null, "credit_card": 1, "request": null, "total_price": null, "kitchen_note": null}}, {"model": "menu.transaction", "pk": 3, "fields": {"active": false, "prepared": true, "date": "2020-04-26T02:23:12.878Z", "customer": null, "credit_card": 1, "request": null, "total_price": null, "kitchen_note": null}}, {"model": "menu.transaction", "pk": 4, "fields": {"active": false, "prepared": true, "date": "2020-04-26T02:23:12.914Z", "customer": null, "credit_card": 1, "request": null, "total_price": null, "kitchen_note": null}}, {"model": "menu.transaction", "pk": 5, "fields": {"active": false, "prepared": true, "date": "2020-04-26T02:23:12.951Z", "customer": null, "credit_card": 1, "request": null, "total_price": null, "kitchen_note": null}}, {"model": "menu.transaction", "pk": 6, "fields": {"active": false, "prepared": true, "date": "2020-04-26T02:23:12.997Z", "customer": null, "credit_card": 1, "request": null, "total_price": null, "kitchen_note": null}}, {"model": "menu.transaction", "pk": 7, "fields": {"active": false, "prepared": true, "date": "2020-04-26T02:23:13.019Z", "customer": null, "credit_card": 1, "request": null, "total_price": null, "kitchen_note": null}}, {"model": "menu.transaction", "pk": 8, "fields": {"active": false, "prepared": true, "date": "2020-04-26T02:23:13.048Z", "customer": null, "credit_card": 1, "request": null, "total_price": null, "kitchen_note": null}}, {"model": "menu.transaction", "pk": 9, "fields": {"active": false, "prepared": true, "date": "2020-04-26T02:23:13.070Z", "customer": null, "credit_card": 1, "request": null, "total_price": null, "kitchen_note": null}}, {"model": "menu.transaction", "pk": 10, "fields": {"active": false, "prepared": true, "date": "2020-04-26T02:23:13.084Z", "customer": null, "credit_card": 1, "request": null, "total_price": null, "kitchen_note": null}}, {"model": "menu.transaction", "pk": 11, "fields": {"active": false, "prepared": true, "date": "2020-04-26T02:23:13.098Z", "customer": null, "credit_card": 1, "request": null, "total_price": null, "kitchen_note": null}}, {"model": "menu.transaction", "pk": 12, "fields": {"active": false, "prepared": true, "date": "2020-04-26T02:23:13.130Z", "customer": null, "credit_card": 1, "request": null, "total_price": null, "kitchen_note": null}}, {"model": "menu.transaction", "pk": 13, "fields": {"active": false, "prepared": true, "date": "2020-04-26T02:23:13.184Z", "customer": null, "credit_card": 1, "request": null, "total_price": null, "kitchen_note": null}}, {"model": "menu.transaction", "pk": 14, "fields": {"active": false, "prepared": true, "date": "2020-04-26T02:23:13.223Z", "customer": null, "credit_card": 1, "request": null, "total_price": null, "kitchen_note": null}}, {"model": "menu.transaction", "pk": 15, "fields": {"active": false, "prepared": true, "date": "2020-04-26T02:23:13.236Z", "customer": null, "credit_card": 1, "request": null, "total_price": null, "kitchen_note": null}}, {"model": "menu.transaction", "pk": 16, "fields": {"active": false, "prepared": true, "date": "2020-04-26T02:23:13.247Z", "customer": null, "credit_card": 1, "request": null, "total_price": null, "kitchen_note": null}}, {"model": "menu.transaction", "pk": 17, "fields": {"active": false, "prepared": true, "date": "2020-04-26T02:23:13.281Z", "customer": null, "credit_card": 1, "request": null, "total_price": null, "kitchen_note": null}}, {"model": "menu.transaction", "pk": 18, "fields": {"active": false, "prepared": true, "date": "2020-04-26T02:23:13.320Z", "customer": null, "credit_card": 1, "request": null, "total_price": null, "kitchen_note": null}}, {"model": "menu.transaction", "pk": 19, "fields": {"active": false, "prepared": true, "date": "2020-04-26T02:23:13.340Z", "customer": null, "credit_card": 1, "request": null, "total_price": null, "kitchen_note": null}}, {"model": "menu.transaction", "pk": 20, "fields": {"active": false, "prepared": true, "date": "2020-04-26T02:23:13.381Z", "customer": null, "credit_card": 1, "request": null, "total_price": null, "kitchen_note": null}}, {"model": "menu.transaction", "pk": 21, "fields": {"active": false, "prepared": true, "date": "2020-04-26T02:23:13.409Z", "customer": null, "credit_card": 1, "request": null, "total_price": null, "kitchen_note": null}}, {"model": "menu.transaction", "pk": 22, "fields": {"active": false, "prepared": true, "date": "2020-04-26T02:23:13.443Z", "customer": null, "credit_card": 1, "request": null, "total_price": null, "kitchen_note": null}}, {"model": "menu.transaction", "pk": 23, "fields": {"active": false, "prepared": true, "date": "2020-04-26T02:23:13.455Z", "customer": null, "credit_card": 1, "request": null, "total_price": null, "kitchen_note": null}}, {"model": "menu.transaction", "pk": 24, "fields": {"active": false, "prepared": true, "date": "2020-04-26T02:23:13.470Z", "customer": null, "credit_card": 1, "request": null, "total_price": null, "kitchen_note": null}}, {"model": "menu.transaction", "pk": 25, "fields": {"active": false, "prepared": true, "date": "2020-04-26T02:23:13.516Z", "customer": null, "credit_card": 1, "request": null, "total_price": null, "kitchen_note": null}}, {"model": "menu.transaction", "pk": 26, "fields": {"active": true, "prepared": true, "date": "2020-04-26T02:23:13.534Z", "customer": null, "credit_card": 1, "request": null, "total_price": null, "kitchen_note": null}}, {"model": "menu.transaction", "pk": 27, "fields": {"active": true, "prepared": true, "date": "2020-04-26T02:23:13.577Z", "customer": null, "credit_card": 1, "request": null, "total_price": null, "kitchen_note": null}}, {"model": "menu.transaction", "pk": 28, "fields": {"active": true, "prepared": true, "date": "2020-04-26T02:23:13.606Z", "customer": null, "credit_card": 1, "request": null, "total_price": null, "kitchen_note": null}}, {"model": "menu.transaction", "pk": 29, "fields": {"active": true, "prepared": true, "date": "2020-04-26T02:23:13.640Z", "customer": null, "credit_card": 1, "request": null, "total_price": null, "kitchen_note": null}}, {"model": "menu.transaction", "pk": 30, "fields": {"active": true, "prepared": true, "date": "2020-04-26T02:23:13.675Z", "customer": null, "credit_card": 1, "request": null, "total_price": null, "kitchen_note": null}}, {"model": "menu.transaction", "pk": 31, "fields": {"active": true, "prepared": true, "date": "2020-04-26T02:23:13.706Z", "customer": null, "credit_card": 1, "request": null, "total_price": null, "kitchen_note": null}}, {"model": "menu.transaction", "pk": 32, "fields": {"active": true, "prepared": true, "date": "2020-04-26T02:23:13.732Z", "customer": null, "credit_card": 1, "request": null, "total_price": null, "kitchen_note": null}}, {"model": "menu.transaction", "pk": 33, "fields": {"active": true, "prepared": true, "date": "2020-04-26T02:23:13.766Z", "customer": null, "credit_card": 1, "request": null, "total_price": null, "kitchen_note": null}}, {"model": "menu.transaction", "pk": 34, "fields": {"active": true, "prepared": true, "date": "2020-04-26T02:23:13.785Z", "customer": null, "credit_card": 1, "request": null, "total_price": null, "kitchen_note": null}}, {"model": "menu.transaction", "pk": 35, "fields": {"active": true, "prepared": true, "date": "2020-04-26T02:23:13.805Z", "customer": null, "credit_card": 1, "request": null, "total_price": null, "kitchen_note": null}}, {"model": "menu.transaction", "pk": 36, "fields": {"active": true, "prepared": true, "date": "2020-04-26T02:23:13.822Z", "customer": null, "credit_card": 1, "request": null, "total_price": null, "kitchen_note": null}}, {"model": "menu.transaction", "pk": 37, "fields": {"active": true, "prepared": true, "date": "2020-04-26T02:23:13.841Z", "customer": null, "credit_card": 1, "request": null, "total_price": null, "kitchen_note": null}}, {"model": "menu.transaction", "pk": 38, "fields": {"active": true, "prepared": true, "date": "2020-04-26T02:23:13.865Z", "customer": null, "credit_card": 1, "request": null, "total_price": null, "kitchen_note": null}}, {"model": "menu.transaction", "pk": 39, "fields": {"active": true, "prepared": false, "date": "2020-04-26T02:23:13.884Z", "customer": null, "credit_card": 1, "request": null, "total_price": null, "kitchen_note": null}}, {"model": "menu.transaction", "pk": 40, "fields": {"active": true, "prepared": false, "date": "2020-04-26T02:23:13.903Z", "customer": null, "credit_card": 1, "request": null, "total_price": null, "kitchen_note": null}}, {"model": "menu.transaction", "pk": 41, "fields": {"active": true, "prepared": false, "date": "2020-04-26T02:23:13.930Z", "customer": null, "credit_card": 1, "request": null, "total_price": null, "kitchen_note": null}}, {"model": "menu.transaction", "pk": 42, "fields": {"active": true, "prepared": false, "date": "2020-04-26T02:23:13.963Z", "customer": null, "credit_card": 1, "request": null, "total_price": null, "kitchen_note": null}}, {"model": "menu.transaction", "pk": 43, "fields": {"active": true, "prepared": false, "date": "2020-04-26T02:23:14.004Z", "customer": null, "credit_card": 1, "request": null, "total_price": null, "kitchen_note": null}}, {"model": "menu.transaction", "pk": 44, "fields": {"active": true, "prepared": false, "date": "2020-04-26T02:23:14.020Z", "customer": null, "credit_card": 1, "request": null, "total_price": null, "kitchen_note": null}}, {"model": "menu.transaction", "pk": 45, "fields": {"active": true, "prepared": false, "date": "2020-04-26T02:23:14.065Z", "customer": null, "credit_card": 1, "request": null, "total_price": null, "kitchen_note": null}}, {"model": "menu.transaction", "pk": 46, "fields": {"active": true, "prepared": false, "date": "2020-04-26T02:23:14.099Z", "customer": null, "credit_card": 1, "request": null, "total_price": null, "kitchen_note": null}}, {"model": "menu.transaction", "pk": 47, "fields": {"active": true, "prepared": false, "date": "2020-04-26T02:23:14.126Z", "customer": null, "credit_card": 1, "request": null, "total_price": null, "kitchen_note": null}}, {"model": "menu.transaction", "pk": 48, "fields": {"active": true, "prepared": false, "date": "2020-04-26T02:23:14.145Z", "customer": null, "credit_card": 1, "request": null, "total_price": null, "kitchen_note": null}}, {"model": "menu.transaction", "pk": 49, "fields": {"active": true, "prepared": false, "date": "2020-04-26T02:23:14.157Z", "customer": null, "credit_card": 1, "request": null, "total_price": null, "kitchen_note": null}}, {"model": "menu.transaction", "pk": 50, "fields": {"active": true, "prepared": false, "date": "2020-04-26T02:23:14.215Z", "customer": null, "credit_card": 1, "request": null, "total_price": null, "kitchen_note": null}}, {"model": "menu.assistance", "pk": 1, "fields": {"transaction": null, "waiter": 7, "notes": null, "resolved": false, "date": "2020-04-26T02:23:14.237Z", "date_resolved": null, "problems": [1]}}, {"model": "menu.assistance", "pk": 2, "fields": {"transaction": null, "waiter": 7, "notes": null, "resolved": true, "date": "2020-04-26T02:23:14.255Z", "date_resolved": "2020-04-26T02:28:14.259Z", "problems": [1]}}, {"model": "menu.assistance", "pk": 3, "fields": {"transaction": null, "waiter": 5, "notes": null, "resolved": true, "date": "2020-04-26T02:23:14.260Z", "date_resolved": "2020-04-26T02:28:14.263Z", "problems": [1]}}, {"model": "menu.assistance", "pk": 4, "fields": {"transaction": null, "waiter": 6, "notes": null, "resolved": true, "date": "2020-04-26T02:23:14.264Z", "date_resolved": "2020-04-26T02:26:14.268Z", "problems": [2]}}, {"model": "menu.assistance", "pk": 5, "fields": {"transaction": null, "waiter": 5, "notes": null, "resolved": true, "date": "2020-04-26T02:23:14.270Z", "date_resolved": "2020-04-26T02:28:14.273Z", "problems": [2]}}, {"model": "menu.assistance", "pk": 6, "fields": {"transaction": null, "waiter": 6, "notes": null, "resolved": true, "date": "2020-04-26T02:23:14.274Z", "date_resolved": "2020-04-26T02:27:14.277Z", "problems": [2]}}, {"model": "menu.assistance", "pk": 7, "fields": {"transaction": null, "waiter": 5, "notes": null, "resolved": true, "date": "2020-04-26T02:23:14.279Z", "date_resolved": "2020-04-26T02:28:14.282Z", "problems": [2]}}, {"model": "menu.assistance", "pk": 8, "fields": {"transaction": null, "waiter": 7, "notes": null, "resolved": true, "date": "2020-04-26T02:23:14.284Z", "date_resolved": "2020-04-26T02:26:14.300Z", "problems": [2]}}, {"model": "menu.assistance", "pk": 9, "fields": {"transaction": null, "waiter": 7, "notes": null, "resolved": true, "date": "2020-04-26T02:23:14.301Z", "date_resolved": "2020-04-26T02:25:14.304Z", "problems": [2]}}, {"model": "menu.assistance", "pk": 10, "fields": {"transaction": null, "waiter": 7, "notes": null, "resolved": true, "date": "2020-04-26T02:23:14.306Z", "date_resolved": "2020-04-26T02:27:14.309Z", "problems": [2]}}, {"model": "menu.assistance", "pk": 11, "fields": {"transaction": null, "waiter": 5, "notes": null, "resolved": true, "date": "2020-04-26T02:23:14.310Z", "date_resolved": "2020-04-26T02:28:14.313Z", "problems": [2]}}, {"model": "menu.assistance", "pk": 12, "fields": {"transaction": null, "waiter": 8, "notes": null, "resolved": true, "date": "2020-04-26T02:23:14.314Z", "date_resolved": "2020-04-26T02:28:14.318Z", "problems": [3]}}, {"model": "menu.assistance", "pk": 13, "fields": {"transaction": null, "waiter": 8, "notes": null, "resolved": true, "date": "2020-04-26T02:23:14.320Z", "date_resolved": "2020-04-26T02:26:14.324Z", "problems": [3]}}, {"model": "menu.assistance", "pk": 14, "fields": {"transaction": null, "waiter": 5, "notes": null, "resolved": false, "date": "2020-04-26T02:23:14.325Z", "date_resolved": null, "problems": [3]}}, {"model": "menu.assistance", "pk": 15, "fields": {"transaction": null, "waiter": 8, "notes": null, "resolved": true, "date": "2020-04-26T02:23:14.329Z", "date_resolved": "2020-04-26T02:24:14.332Z", "problems": [3]}}, {"model": "menu.assistance", "pk": 16, "fields": {"transaction": null, "waiter": 8, "notes": null, "resolved": true, "date": "2020-04-26T02:23:14.333Z", "date_resolved": "2020-04-26T02:27:14.336Z", "problems": [3]}}, {"model": "menu.assistance", "pk": 17, "fields": {"transaction": null, "waiter": 5, "notes": null, "resolved": true, "date": "2020-04-26T02:23:14.338Z", "date_resolved": "2020-04-26T02:25:14.340Z", "problems": [3]}}, {"model": "menu.assistance", "pk": 18, "fields": {"transaction": null, "waiter": 6, "notes": null, "resolved": true, "date": "2020-04-26T02:23:14.342Z", "date_resolved": "2020-04-26T02:25:14.346Z", "problems": [3]}}, {"model": "menu.assistance", "pk": 19, "fields": {"transaction": null, "waiter": 7, "notes": null, "resolved": true, "date": "2020-04-26T02:23:14.347Z", "date_resolved": "2020-04-26T02:25:14.350Z", "problems": [4]}}, {"model": "menu.assistance", "pk": 20, "fields": {"transaction": null, "waiter": 7, "notes": null, "resolved": true, "date": "2020-04-26T02:23:14.352Z", "date_resolved": "2020-04-26T02:26:14.355Z", "problems": [4]}}, {"model": "menu.assistance", "pk": 21, "fields": {"transaction": null, "waiter": 7, "notes": null, "resolved": true, "date": "2020-04-26T02:23:14.356Z", "date_resolved": "2020-04-26T02:27:14.359Z", "problems": [4]}}, {"model": "menu.assistance", "pk": 22, "fields": {"transaction": null, "waiter": 7, "notes": null, "resolved": true, "date": "2020-04-26T02:23:14.360Z", "date_resolved": "2020-04-26T02:25:14.364Z", "problems": [4]}}, {"model": "menu.assistance", "pk": 23, "fields": {"transaction": null, "waiter": 8, "notes": null, "resolved": true, "date": "2020-04-26T02:23:14.365Z", "date_resolved": "2020-04-26T02:28:14.367Z", "problems": [4]}}, {"model": "menu.assistance", "pk": 24, "fields": {"transaction": null, "waiter": 5, "notes": null, "resolved": true, "date": "2020-04-26T02:23:14.369Z", "date_resolved": "2020-04-26T02:28:14.372Z", "problems": [4]}}, {"model": "menu.assistance", "pk": 25, "fields": {"transaction": null, "waiter": 7, "notes": null, "resolved": true, "date": "2020-04-26T02:23:14.373Z", "date_resolved": "2020-04-26T02:24:14.377Z", "problems": [4]}}, {"model": "menu.assistance", "pk": 26, "fields": {"transaction": null, "waiter": 8, "notes": null, "resolved": true, "date": "2020-04-26T02:23:14.378Z", "date_resolved": "2020-04-26T02:24:14.383Z", "problems": [4]}}, {"model": "menu.assistance", "pk": 27, "fields": {"transaction": null, "waiter": 7, "notes": null, "resolved": false, "date": "2020-04-26T02:23:14.384Z", "date_resolved": null, "problems": [4]}}, {"model": "menu.assistance", "pk": 28, "fields": {"transaction": null, "waiter": 5, "notes": null, "resolved": true, "date": "2020-04-26T02:23:14.390Z", "date_resolved": "2020-04-26T02:24:14.393Z", "problems": [4]}}, {"model": "menu.assistance", "pk": 29, "fields": {"transaction": null, "waiter": 6, "notes": null, "resolved": true, "date": "2020-04-26T02:23:14.395Z", "date_resolved": "2020-04-26T02:28:14.398Z", "problems": [4]}}, {"model": "menu.assistance", "pk": 30, "fields": {"transaction": null, "waiter": 8, "notes": null, "resolved": true, "date": "2020-04-26T02:23:14.400Z", "date_resolved": "2020-04-26T02:24:14.405Z", "problems": [4]}}, {"model": "menu.assistance", "pk": 31, "fields": {"transaction": null, "waiter": 5, "notes": null, "resolved": true, "date": "2020-04-26T02:23:14.407Z", "date_resolved": "2020-04-26T02:25:14.410Z", "problems": [4]}}, {"model": "menu.assistance", "pk": 32, "fields": {"transaction": null, "waiter": 5, "notes": null, "resolved": true, "date": "2020-04-26T02:23:14.412Z", "date_resolved": "2020-04-26T02:27:14.414Z", "problems": [4]}}, {"model": "menu.assistance", "pk": 33, "fields": {"transaction": null, "waiter": 5, "notes": null, "resolved": true, "date": "2020-04-26T02:23:14.416Z", "date_resolved": "2020-04-26T02:28:14.420Z", "problems": [5]}}, {"model": "menu.assistance", "pk": 34, "fields": {"transaction": null, "waiter": 8, "notes": null, "resolved": true, "date": "2020-04-26T02:23:14.421Z", "date_resolved": "2020-04-26T02:25:14.425Z", "problems": [5]}}, {"model": "menu.assistance", "pk": 35, "fields": {"transaction": null, "waiter": 7, "notes": null, "resolved": true, "date": "2020-04-26T02:23:14.426Z", "date_resolved": "2020-04-26T02:25:14.429Z", "problems": [5]}}, {"model": "menu.assistance", "pk": 36, "fields": {"transaction": null, "waiter": 6, "notes": null, "resolved": true, "date": "2020-04-26T02:23:14.431Z", "date_resolved": "2020-04-26T02:24:14.433Z", "problems": [5]}}, {"model": "menu.assistance", "pk": 37, "fields": {"transaction": null, "waiter": 8, "notes": null, "resolved": true, "date": "2020-04-26T02:23:14.435Z", "date_resolved": "2020-04-26T02:25:14.439Z", "problems": [5]}}, {"model": "menu.assistance", "pk": 38, "fields": {"transaction": null, "waiter": 8, "notes": null, "resolved": true, "date": "2020-04-26T02:23:14.441Z", "date_resolved": "2020-04-26T02:28:14.445Z", "problems": [5]}}, {"model": "menu.assistance", "pk": 39, "fields": {"transaction": null, "waiter": 5, "notes": null, "resolved": true, "date": "2020-04-26T02:23:14.446Z", "date_resolved": "2020-04-26T02:24:14.449Z", "problems": [5]}}, {"model": "menu.assistance", "pk": 40, "fields": {"transaction": null, "waiter": 7, "notes": null, "resolved": false, "date": "2020-04-26T02:23:14.451Z", "date_resolved": null, "problems": [6]}}, {"model": "menu.assistance", "pk": 41, "fields": {"transaction": null, "waiter": 7, "notes": null, "resolved": true, "date": "2020-04-26T02:23:14.457Z", "date_resolved": "2020-04-26T02:24:14.461Z", "problems": [6]}}, {"model": "menu.assistance", "pk": 42, "fields": {"transaction": null, "waiter": 6, "notes": null, "resolved": true, "date": "2020-04-26T02:23:14.463Z", "date_resolved": "2020-04-26T02:26:14.466Z", "problems": [6]}}, {"model": "menu.assistance", "pk": 43, "fields": {"transaction": null, "waiter": 7, "notes": null, "resolved": true, "date": "2020-04-26T02:23:14.467Z", "date_resolved": "2020-04-26T02:27:14.470Z", "problems": [6]}}, {"model": "menu.assistance", "pk": 44, "fields": {"transaction": null, "waiter": 7, "notes": null, "resolved": true, "date": "2020-04-26T02:23:14.471Z", "date_resolved": "2020-04-26T02:27:14.475Z", "problems": [7]}}, {"model": "menu.assistance", "pk": 45, "fields": {"transaction": null, "waiter": 5, "notes": null, "resolved": true, "date": "2020-04-26T02:23:14.476Z", "date_resolved": "2020-04-26T02:28:14.479Z", "problems": [7]}}, {"model": "menu.assistance", "pk": 46, "fields": {"transaction": null, "waiter": 5, "notes": null, "resolved": true, "date": "2020-04-26T02:23:14.480Z", "date_resolved": "2020-04-26T02:26:14.483Z", "problems": [7]}}, {"model": "menu.assistance", "pk": 47, "fields": {"transaction": null, "waiter": 5, "notes": null, "resolved": true, "date": "2020-04-26T02:23:14.485Z", "date_resolved": "2020-04-26T02:24:14.488Z", "problems": [7]}}, {"model": "menu.assistance", "pk": 48, "fields": {"transaction": null, "waiter": 5, "notes": null, "resolved": true, "date": "2020-04-26T02:23:14.490Z", "date_resolved": "2020-04-26T02:26:14.493Z", "problems": [7]}}, {"model": "menu.assistance", "pk": 49, "fields": {"transaction": null, "waiter": 8, "notes": null, "resolved": true, "date": "2020-04-26T02:23:14.494Z", "date_resolved": "2020-04-26T02:24:14.497Z", "problems": [7]}}, {"model": "menu.assistance", "pk": 50, "fields": {"transaction": null, "waiter": 6, "notes": null, "resolved": true, "date": "2020-04-26T02:23:14.498Z", "date_resolved": "2020-04-26T02:28:14.501Z", "problems": [7]}}, {"model": "menu.assistance", "pk": 51, "fields": {"transaction": null, "waiter": 8, "notes": null, "resolved": true, "date": "2020-04-26T02:23:14.502Z", "date_resolved": "2020-04-26T02:26:14.504Z", "problems": [7]}}, {"model": "menu.assistance", "pk": 52, "fields": {"transaction": null, "waiter": 6, "notes": null, "resolved": true, "date": "2020-04-26T02:23:14.506Z", "date_resolved": "2020-04-26T02:26:14.508Z", "problems": [7]}}, {"model": "menu.assistance", "pk": 53, "fields": {"transaction": null, "waiter": 6, "notes": null, "resolved": false, "date": "2020-04-26T02:23:14.510Z", "date_resolved": null, "problems": [7]}}, {"model": "menu.assistance", "pk": 54, "fields": {"transaction": null, "waiter": 5, "notes": null, "resolved": true, "date": "2020-04-26T02:23:14.514Z", "date_resolved": "2020-04-26T02:25:14.516Z", "problems": [7]}}, {"model": "menu.assistance", "pk": 55, "fields": {"transaction": null, "waiter": 8, "notes": null, "resolved": true, "date": "2020-04-26T02:23:14.518Z", "date_resolved": "2020-04-26T02:24:14.520Z", "problems": [7]}}, {"model": "menu.assistance", "pk": 56, "fields": {"transaction": null, "waiter": 7, "notes": null, "resolved": true, "date": "2020-04-26T02:23:14.522Z", "date_resolved": "2020-04-26T02:26:14.525Z", "problems": [7]}}, {"model": "menu.assistance", "pk": 57, "fields": {"transaction": null, "waiter": 7, "notes": null, "resolved": true, "date": "2020-04-26T02:23:14.526Z", "date_resolved": "2020-04-26T02:25:14.528Z", "problems": [7]}}, {"model": "menu.assistance", "pk": 58, "fields": {"transaction": null, "waiter": 6, "notes": null, "resolved": true, "date": "2020-04-26T02:23:14.529Z", "date_resolved": "2020-04-26T02:25:14.532Z", "problems": [7]}}, {"model": "menu.assistance", "pk": 59, "fields": {"transaction": null, "waiter": 7, "notes": null, "resolved": true, "date": "2020-04-26T02:23:14.533Z", "date_resolved": "2020-04-26T02:26:14.537Z", "problems": [7]}}, {"model": "menu.assistance", "pk": 60, "fields": {"transaction": null, "waiter": 5, "notes": null, "resolved": true, "date": "2020-04-26T02:23:14.538Z", "date_resolved": "2020-04-26T02:26:14.540Z", "problems": [7]}}, {"model": "menu.assistance", "pk": 61, "fields": {"transaction": null, "waiter": 6, "notes": null, "resolved": true, "date": "2020-04-26T02:23:14.542Z", "date_resolved": "2020-04-26T02:26:14.545Z", "problems": [7]}}, {"model": "menu.assistance", "pk": 62, "fields": {"transaction": null, "waiter": 5, "notes": null, "resolved": true, "date": "2020-04-26T02:23:14.546Z", "date_resolved": "2020-04-26T02:24:14.549Z", "problems": [7]}}, {"model": "menu.assistance", "pk": 63, "fields": {"transaction": null, "waiter": 6, "notes": null, "resolved": true, "date": "2020-04-26T02:23:14.551Z", "date_resolved": "2020-04-26T02:25:14.553Z", "problems": [7]}}, {"model": "menu.assistance", "pk": 64, "fields": {"transaction": null, "waiter": 7, "notes": null, "resolved": true, "date": "2020-04-26T02:23:14.555Z", "date_resolved": "2020-04-26T02:25:14.558Z", "problems": [8]}}, {"model": "menu.assistance", "pk": 65, "fields": {"transaction": null, "waiter": 8, "notes": null, "resolved": true, "date": "2020-04-26T02:23:14.560Z", "date_resolved": "2020-04-26T02:26:14.564Z", "problems": [9]}}, {"model": "menu.assistance", "pk": 66, "fields": {"transaction": null, "waiter": 6, "notes": null, "resolved": true, "date": "2020-04-26T02:23:14.565Z", "date_resolved": "2020-04-26T02:25:14.568Z", "problems": [9]}}, {"model": "menu.assistance", "pk": 67, "fields": {"transaction": null, "waiter": 5, "notes": null, "resolved": true, "date": "2020-04-26T02:23:14.569Z", "date_resolved": "2020-04-26T02:28:14.572Z", "problems": [9]}}, {"model": "menu.assistance", "pk": 68, "fields": {"transaction": null, "waiter": 5, "notes": null, "resolved": true, "date": "2020-04-26T02:23:14.574Z", "date_resolved": "2020-04-26T02:27:14.577Z", "problems": [10]}}]
