[{"model": "contenttypes.contenttype", "pk": 1, "fields": {"app_label": "admin", "model": "logentry"}}, {"model": "contenttypes.contenttype", "pk": 2, "fields": {"app_label": "auth", "model": "permission"}}, {"model": "contenttypes.contenttype", "pk": 3, "fields": {"app_label": "auth", "model": "group"}}, {"model": "contenttypes.contenttype", "pk": 4, "fields": {"app_label": "contenttypes", "model": "contenttype"}}, {"model": "contenttypes.contenttype", "pk": 5, "fields": {"app_label": "sessions", "model": "session"}}, {"model": "contenttypes.contenttype", "pk": 6, "fields": {"app_label": "sites", "model": "site"}}, {"model": "contenttypes.contenttype", "pk": 7, "fields": {"app_label": "authtoken", "model": "token"}}, {"model": "contenttypes.contenttype", "pk": 8, "fields": {"app_label": "account", "model": "emailaddress"}}, {"model": "contenttypes.contenttype", "pk": 9, "fields": {"app_label": "account", "model": "emailconfirmation"}}, {"model": "contenttypes.contenttype", "pk": 10, "fields": {"app_label": "socialaccount", "model": "socialaccount"}}, {"model": "contenttypes.contenttype", "pk": 11, "fields": {"app_label": "socialaccount", "model": "socialapp"}}, {"model": "contenttypes.contenttype", "pk": 12, "fields": {"app_label": "socialaccount", "model": "socialtoken"}}, {"model": "contenttypes.contenttype", "pk": 13, "fields": {"app_label": "accounts", "model": "customuser"}}, {"model": "contenttypes.contenttype", "pk": 14, "fields": {"app_label": "menu", "model": "category"}}, {"model": "contenttypes.contenttype", "pk": 15, "fields": {"app_label": "menu", "model": "creditcard"}}, {"model": "contenttypes.contenttype", "pk": 16, "fields": {"app_label": "menu", "model": "discount"}}, {"model": "contenttypes.contenttype", "pk": 17, "fields": {"app_label": "menu", "model": "extra"}}, {"model": "contenttypes.contenttype", "pk": 18, "fields": {"app_label": "menu", "model": "fooditem"}}, {"model": "contenttypes.contenttype", "pk": 19, "fields": {"app_label": "menu", "model": "menu"}}, {"model": "contenttypes.contenttype", "pk": 20, "fields": {"app_label": "menu", "model": "tag"}}, {"model": "contenttypes.contenttype", "pk": 21, "fields": {"app_label": "menu", "model": "transaction"}}, {"model": "contenttypes.contenttype", "pk": 22, "fields": {"app_label": "menu", "model": "transactionfooditem"}}, {"model": "contenttypes.contenttype", "pk": 23, "fields": {"app_label": "menu", "model": "assistance"}}, {"model": "sites.site", "pk": 1, "fields": {"domain": "example.com", "name": "example.com"}}, {"model": "menu.menu", "pk": 1, "fields": {"name": "Cafe Menu", "active": true}}, {"model": "menu.category", "pk": 1, "fields": {"name": "Hot Drinks", "active": true, "menu": 1}}, {"model": "menu.category", "pk": 2, "fields": {"name": "Cold Drinks", "active": true, "menu": 1}}, {"model": "menu.category", "pk": 3, "fields": {"name": "Breakfast", "active": true, "menu": 1}}, {"model": "menu.category", "pk": 4, "fields": {"name": "Pastries", "active": true, "menu": 1}}, {"model": "menu.category", "pk": 5, "fields": {"name": "Sandwiches", "active": false, "menu": 1}}, {"model": "menu.category", "pk": 6, "fields": {"name": "Category 1", "active": true, "menu": 1}}, {"model": "menu.category", "pk": 7, "fields": {"name": "Category 2", "active": true, "menu": 1}}, {"model": "menu.category", "pk": 8, "fields": {"name": "Category 3", "active": true, "menu": 1}}, {"model": "menu.category", "pk": 9, "fields": {"name": "Category 4", "active": true, "menu": 1}}, {"model": "menu.category", "pk": 10, "fields": {"name": "Category 5", "active": true, "menu": 1}}, {"model": "menu.category", "pk": 11, "fields": {"name": "Category 6", "active": true, "menu": 1}}, {"model": "menu.category", "pk": 12, "fields": {"name": "Category 7", "active": true, "menu": 1}}, {"model": "menu.category", "pk": 13, "fields": {"name": "Category 8", "active": true, "menu": 1}}, {"model": "menu.category", "pk": 14, "fields": {"name": "Category 9", "active": true, "menu": 1}}, {"model": "menu.category", "pk": 15, "fields": {"name": "Category 10", "active": true, "menu": 1}}, {"model": "menu.extra", "pk": 1, "fields": {"name": "Skim Milk", "active": true, "price": "0.25", "category": 1}}, {"model": "menu.extra", "pk": 2, "fields": {"name": "Soy Milk", "active": true, "price": "0.50", "category": 1}}, {"model": "menu.extra", "pk": 3, "fields": {"name": "Almond Milk", "active": true, "price": "0.50", "category": 1}}, {"model": "menu.extra", "pk": 4, "fields": {"name": "Skim Milk", "active": true, "price": "0.25", "category": 2}}, {"model": "menu.extra", "pk": 5, "fields": {"name": "Soy Milk", "active": true, "price": "0.50", "category": 2}}, {"model": "menu.extra", "pk": 6, "fields": {"name": "Almond Milk", "active": true, "price": "0.50", "category": 2}}, {"model": "menu.extra", "pk": 7, "fields": {"name": "Dairy Free Icecream", "active": true, "price": "1.00", "category": 2}}, {"model": "menu.extra", "pk": 8, "fields": {"name": "Gluten free bread", "active": true, "price": "2.00", "category": 3}}, {"model": "menu.extra", "pk": 9, "fields": {"name": "Extra slice of toast", "active": true, "price": "1.00", "category": 3}}, {"model": "menu.extra", "pk": 10, "fields": {"name": "Extra egg", "active": true, "price": "2.00", "category": 3}}, {"model": "menu.extra", "pk": 11, "fields": {"name": "Hollandaise sauce", "active": true, "price": "2.00", "category": 3}}, {"model": "menu.extra", "pk": 12, "fields": {"name": "Haloumi", "active": true, "price": "3.00", "category": 3}}, {"model": "menu.extra", "pk": 13, "fields": {"name": "Bacon", "active": true, "price": "3.00", "category": 3}}, {"model": "menu.extra", "pk": 14, "fields": {"name": "Avo", "active": true, "price": "3.00", "category": 3}}, {"model": "menu.extra", "pk": 15, "fields": {"name": "Wilted spinnach", "active": false, "price": "3.00", "category": 3}}, {"model": "menu.extra", "pk": 16, "fields": {"name": "Grilled mushrooms", "active": false, "price": "3.00", "category": 3}}, {"model": "menu.extra", "pk": 17, "fields": {"name": "Gluten free bread", "active": true, "price": "2.00", "category": 5}}, {"model": "menu.extra", "pk": 18, "fields": {"name": "Extra avo", "active": true, "price": "3.00", "category": 5}}, {"model": "menu.extra", "pk": 19, "fields": {"name": "Extra haloumi", "active": true, "price": "3.00", "category": 5}}, {"model": "menu.extra", "pk": 20, "fields": {"name": "Extra bacon", "active": true, "price": "3.00", "category": 5}}, {"model": "menu.extra", "pk": 21, "fields": {"name": "Extra 1", "active": true, "price": "0.00", "category": 6}}, {"model": "menu.extra", "pk": 22, "fields": {"name": "Extra 2", "active": true, "price": "1.00", "category": 6}}, {"model": "menu.extra", "pk": 23, "fields": {"name": "Extra 3", "active": true, "price": "2.00", "category": 6}}, {"model": "menu.extra", "pk": 24, "fields": {"name": "Extra 4", "active": true, "price": "3.00", "category": 6}}, {"model": "menu.extra", "pk": 25, "fields": {"name": "Extra 5", "active": true, "price": "4.00", "category": 6}}, {"model": "menu.extra", "pk": 26, "fields": {"name": "Extra 6", "active": true, "price": "5.00", "category": 6}}, {"model": "menu.extra", "pk": 27, "fields": {"name": "Extra 7", "active": true, "price": "6.00", "category": 6}}, {"model": "menu.extra", "pk": 28, "fields": {"name": "Extra 8", "active": true, "price": "7.00", "category": 6}}, {"model": "menu.extra", "pk": 29, "fields": {"name": "Extra 9", "active": true, "price": "8.00", "category": 6}}, {"model": "menu.extra", "pk": 30, "fields": {"name": "Extra 10", "active": true, "price": "9.00", "category": 6}}, {"model": "menu.extra", "pk": 31, "fields": {"name": "Extra 1", "active": true, "price": "0.00", "category": 7}}, {"model": "menu.extra", "pk": 32, "fields": {"name": "Extra 2", "active": true, "price": "1.00", "category": 7}}, {"model": "menu.extra", "pk": 33, "fields": {"name": "Extra 3", "active": true, "price": "2.00", "category": 7}}, {"model": "menu.extra", "pk": 34, "fields": {"name": "Extra 4", "active": true, "price": "3.00", "category": 7}}, {"model": "menu.extra", "pk": 35, "fields": {"name": "Extra 5", "active": true, "price": "4.00", "category": 7}}, {"model": "menu.extra", "pk": 36, "fields": {"name": "Extra 6", "active": true, "price": "5.00", "category": 7}}, {"model": "menu.extra", "pk": 37, "fields": {"name": "Extra 7", "active": true, "price": "6.00", "category": 7}}, {"model": "menu.extra", "pk": 38, "fields": {"name": "Extra 8", "active": true, "price": "7.00", "category": 7}}, {"model": "menu.extra", "pk": 39, "fields": {"name": "Extra 9", "active": true, "price": "8.00", "category": 7}}, {"model": "menu.extra", "pk": 40, "fields": {"name": "Extra 10", "active": true, "price": "9.00", "category": 7}}, {"model": "menu.extra", "pk": 41, "fields": {"name": "Extra 1", "active": true, "price": "0.00", "category": 8}}, {"model": "menu.extra", "pk": 42, "fields": {"name": "Extra 2", "active": true, "price": "1.00", "category": 8}}, {"model": "menu.extra", "pk": 43, "fields": {"name": "Extra 3", "active": true, "price": "2.00", "category": 8}}, {"model": "menu.extra", "pk": 44, "fields": {"name": "Extra 4", "active": true, "price": "3.00", "category": 8}}, {"model": "menu.extra", "pk": 45, "fields": {"name": "Extra 5", "active": true, "price": "4.00", "category": 8}}, {"model": "menu.extra", "pk": 46, "fields": {"name": "Extra 6", "active": true, "price": "5.00", "category": 8}}, {"model": "menu.extra", "pk": 47, "fields": {"name": "Extra 7", "active": true, "price": "6.00", "category": 8}}, {"model": "menu.extra", "pk": 48, "fields": {"name": "Extra 8", "active": true, "price": "7.00", "category": 8}}, {"model": "menu.extra", "pk": 49, "fields": {"name": "Extra 9", "active": true, "price": "8.00", "category": 8}}, {"model": "menu.extra", "pk": 50, "fields": {"name": "Extra 10", "active": true, "price": "9.00", "category": 8}}, {"model": "menu.extra", "pk": 51, "fields": {"name": "Extra 1", "active": true, "price": "0.00", "category": 9}}, {"model": "menu.extra", "pk": 52, "fields": {"name": "Extra 2", "active": true, "price": "1.00", "category": 9}}, {"model": "menu.extra", "pk": 53, "fields": {"name": "Extra 3", "active": true, "price": "2.00", "category": 9}}, {"model": "menu.extra", "pk": 54, "fields": {"name": "Extra 4", "active": true, "price": "3.00", "category": 9}}, {"model": "menu.extra", "pk": 55, "fields": {"name": "Extra 5", "active": true, "price": "4.00", "category": 9}}, {"model": "menu.extra", "pk": 56, "fields": {"name": "Extra 6", "active": true, "price": "5.00", "category": 9}}, {"model": "menu.extra", "pk": 57, "fields": {"name": "Extra 7", "active": true, "price": "6.00", "category": 9}}, {"model": "menu.extra", "pk": 58, "fields": {"name": "Extra 8", "active": true, "price": "7.00", "category": 9}}, {"model": "menu.extra", "pk": 59, "fields": {"name": "Extra 9", "active": true, "price": "8.00", "category": 9}}, {"model": "menu.extra", "pk": 60, "fields": {"name": "Extra 10", "active": true, "price": "9.00", "category": 9}}, {"model": "menu.extra", "pk": 61, "fields": {"name": "Extra 1", "active": true, "price": "0.00", "category": 10}}, {"model": "menu.extra", "pk": 62, "fields": {"name": "Extra 2", "active": true, "price": "1.00", "category": 10}}, {"model": "menu.extra", "pk": 63, "fields": {"name": "Extra 3", "active": true, "price": "2.00", "category": 10}}, {"model": "menu.extra", "pk": 64, "fields": {"name": "Extra 4", "active": true, "price": "3.00", "category": 10}}, {"model": "menu.extra", "pk": 65, "fields": {"name": "Extra 5", "active": true, "price": "4.00", "category": 10}}, {"model": "menu.extra", "pk": 66, "fields": {"name": "Extra 6", "active": true, "price": "5.00", "category": 10}}, {"model": "menu.extra", "pk": 67, "fields": {"name": "Extra 7", "active": true, "price": "6.00", "category": 10}}, {"model": "menu.extra", "pk": 68, "fields": {"name": "Extra 8", "active": true, "price": "7.00", "category": 10}}, {"model": "menu.extra", "pk": 69, "fields": {"name": "Extra 9", "active": true, "price": "8.00", "category": 10}}, {"model": "menu.extra", "pk": 70, "fields": {"name": "Extra 10", "active": true, "price": "9.00", "category": 10}}, {"model": "menu.extra", "pk": 71, "fields": {"name": "Extra 1", "active": true, "price": "0.00", "category": 11}}, {"model": "menu.extra", "pk": 72, "fields": {"name": "Extra 2", "active": true, "price": "1.00", "category": 11}}, {"model": "menu.extra", "pk": 73, "fields": {"name": "Extra 3", "active": true, "price": "2.00", "category": 11}}, {"model": "menu.extra", "pk": 74, "fields": {"name": "Extra 4", "active": true, "price": "3.00", "category": 11}}, {"model": "menu.extra", "pk": 75, "fields": {"name": "Extra 5", "active": true, "price": "4.00", "category": 11}}, {"model": "menu.extra", "pk": 76, "fields": {"name": "Extra 6", "active": true, "price": "5.00", "category": 11}}, {"model": "menu.extra", "pk": 77, "fields": {"name": "Extra 7", "active": true, "price": "6.00", "category": 11}}, {"model": "menu.extra", "pk": 78, "fields": {"name": "Extra 8", "active": true, "price": "7.00", "category": 11}}, {"model": "menu.extra", "pk": 79, "fields": {"name": "Extra 9", "active": true, "price": "8.00", "category": 11}}, {"model": "menu.extra", "pk": 80, "fields": {"name": "Extra 10", "active": true, "price": "9.00", "category": 11}}, {"model": "menu.extra", "pk": 81, "fields": {"name": "Extra 1", "active": true, "price": "0.00", "category": 12}}, {"model": "menu.extra", "pk": 82, "fields": {"name": "Extra 2", "active": true, "price": "1.00", "category": 12}}, {"model": "menu.extra", "pk": 83, "fields": {"name": "Extra 3", "active": true, "price": "2.00", "category": 12}}, {"model": "menu.extra", "pk": 84, "fields": {"name": "Extra 4", "active": true, "price": "3.00", "category": 12}}, {"model": "menu.extra", "pk": 85, "fields": {"name": "Extra 5", "active": true, "price": "4.00", "category": 12}}, {"model": "menu.extra", "pk": 86, "fields": {"name": "Extra 6", "active": true, "price": "5.00", "category": 12}}, {"model": "menu.extra", "pk": 87, "fields": {"name": "Extra 7", "active": true, "price": "6.00", "category": 12}}, {"model": "menu.extra", "pk": 88, "fields": {"name": "Extra 8", "active": true, "price": "7.00", "category": 12}}, {"model": "menu.extra", "pk": 89, "fields": {"name": "Extra 9", "active": true, "price": "8.00", "category": 12}}, {"model": "menu.extra", "pk": 90, "fields": {"name": "Extra 10", "active": true, "price": "9.00", "category": 12}}, {"model": "menu.extra", "pk": 91, "fields": {"name": "Extra 1", "active": true, "price": "0.00", "category": 13}}, {"model": "menu.extra", "pk": 92, "fields": {"name": "Extra 2", "active": true, "price": "1.00", "category": 13}}, {"model": "menu.extra", "pk": 93, "fields": {"name": "Extra 3", "active": true, "price": "2.00", "category": 13}}, {"model": "menu.extra", "pk": 94, "fields": {"name": "Extra 4", "active": true, "price": "3.00", "category": 13}}, {"model": "menu.extra", "pk": 95, "fields": {"name": "Extra 5", "active": true, "price": "4.00", "category": 13}}, {"model": "menu.extra", "pk": 96, "fields": {"name": "Extra 6", "active": true, "price": "5.00", "category": 13}}, {"model": "menu.extra", "pk": 97, "fields": {"name": "Extra 7", "active": true, "price": "6.00", "category": 13}}, {"model": "menu.extra", "pk": 98, "fields": {"name": "Extra 8", "active": true, "price": "7.00", "category": 13}}, {"model": "menu.extra", "pk": 99, "fields": {"name": "Extra 9", "active": true, "price": "8.00", "category": 13}}, {"model": "menu.extra", "pk": 100, "fields": {"name": "Extra 10", "active": true, "price": "9.00", "category": 13}}, {"model": "menu.extra", "pk": 101, "fields": {"name": "Extra 1", "active": true, "price": "0.00", "category": 14}}, {"model": "menu.extra", "pk": 102, "fields": {"name": "Extra 2", "active": true, "price": "1.00", "category": 14}}, {"model": "menu.extra", "pk": 103, "fields": {"name": "Extra 3", "active": true, "price": "2.00", "category": 14}}, {"model": "menu.extra", "pk": 104, "fields": {"name": "Extra 4", "active": true, "price": "3.00", "category": 14}}, {"model": "menu.extra", "pk": 105, "fields": {"name": "Extra 5", "active": true, "price": "4.00", "category": 14}}, {"model": "menu.extra", "pk": 106, "fields": {"name": "Extra 6", "active": true, "price": "5.00", "category": 14}}, {"model": "menu.extra", "pk": 107, "fields": {"name": "Extra 7", "active": true, "price": "6.00", "category": 14}}, {"model": "menu.extra", "pk": 108, "fields": {"name": "Extra 8", "active": true, "price": "7.00", "category": 14}}, {"model": "menu.extra", "pk": 109, "fields": {"name": "Extra 9", "active": true, "price": "8.00", "category": 14}}, {"model": "menu.extra", "pk": 110, "fields": {"name": "Extra 10", "active": true, "price": "9.00", "category": 14}}, {"model": "menu.extra", "pk": 111, "fields": {"name": "Extra 1", "active": true, "price": "0.00", "category": 15}}, {"model": "menu.extra", "pk": 112, "fields": {"name": "Extra 2", "active": true, "price": "1.00", "category": 15}}, {"model": "menu.extra", "pk": 113, "fields": {"name": "Extra 3", "active": true, "price": "2.00", "category": 15}}, {"model": "menu.extra", "pk": 114, "fields": {"name": "Extra 4", "active": true, "price": "3.00", "category": 15}}, {"model": "menu.extra", "pk": 115, "fields": {"name": "Extra 5", "active": true, "price": "4.00", "category": 15}}, {"model": "menu.extra", "pk": 116, "fields": {"name": "Extra 6", "active": true, "price": "5.00", "category": 15}}, {"model": "menu.extra", "pk": 117, "fields": {"name": "Extra 7", "active": true, "price": "6.00", "category": 15}}, {"model": "menu.extra", "pk": 118, "fields": {"name": "Extra 8", "active": true, "price": "7.00", "category": 15}}, {"model": "menu.extra", "pk": 119, "fields": {"name": "Extra 9", "active": true, "price": "8.00", "category": 15}}, {"model": "menu.extra", "pk": 120, "fields": {"name": "Extra 10", "active": true, "price": "9.00", "category": 15}}, {"model": "menu.tag", "pk": 1, "fields": {"name": "Tag 1"}}, {"model": "menu.tag", "pk": 2, "fields": {"name": "Tag 2"}}, {"model": "menu.tag", "pk": 3, "fields": {"name": "Tag 3"}}, {"model": "menu.tag", "pk": 4, "fields": {"name": "Tag 4"}}, {"model": "menu.tag", "pk": 5, "fields": {"name": "Tag 5"}}, {"model": "menu.tag", "pk": 6, "fields": {"name": "Tag 6"}}, {"model": "menu.tag", "pk": 7, "fields": {"name": "Tag 7"}}, {"model": "menu.tag", "pk": 8, "fields": {"name": "Tag 8"}}, {"model": "menu.tag", "pk": 9, "fields": {"name": "Tag 9"}}, {"model": "menu.tag", "pk": 10, "fields": {"name": "Tag 10"}}, {"model": "menu.fooditem", "pk": 1, "fields": {"name": "Espresso", "active": true, "price": "3.00", "description": "", "category": 1, "size": "", "tags": []}}, {"model": "menu.fooditem", "pk": 2, "fields": {"name": "Latte", "active": true, "price": "3.50", "description": "", "category": 1, "size": "SMALL", "tags": []}}, {"model": "menu.fooditem", "pk": 3, "fields": {"name": "Latte", "active": true, "price": "4.00", "description": "", "category": 1, "size": "MEDIUM", "tags": []}}, {"model": "menu.fooditem", "pk": 4, "fields": {"name": "Latte", "active": true, "price": "4.50", "description": "", "category": 1, "size": "LARGE", "tags": []}}, {"model": "menu.fooditem", "pk": 5, "fields": {"name": "Cappuccino", "active": true, "price": "3.50", "description": "", "category": 1, "size": "SMALL", "tags": []}}, {"model": "menu.fooditem", "pk": 6, "fields": {"name": "Cappuccino", "active": true, "price": "4.00", "description": "", "category": 1, "size": "MEDIUM", "tags": []}}, {"model": "menu.fooditem", "pk": 7, "fields": {"name": "Cappuccino", "active": true, "price": "4.50", "description": "", "category": 1, "size": "LARGE", "tags": []}}, {"model": "menu.fooditem", "pk": 8, "fields": {"name": "Hot Chocolate", "active": true, "price": "3.50", "description": "", "category": 1, "size": "SMALL", "tags": []}}, {"model": "menu.fooditem", "pk": 9, "fields": {"name": "Hot Chocolate", "active": true, "price": "4.00", "description": "", "category": 1, "size": "MEDIUM", "tags": []}}, {"model": "menu.fooditem", "pk": 10, "fields": {"name": "Hot Chocolate", "active": true, "price": "4.50", "description": "", "category": 1, "size": "LARGE", "tags": []}}, {"model": "menu.fooditem", "pk": 11, "fields": {"name": "Mocha", "active": true, "price": "3.50", "description": "", "category": 1, "size": "SMALL", "tags": []}}, {"model": "menu.fooditem", "pk": 12, "fields": {"name": "Mocha", "active": true, "price": "4.00", "description": "", "category": 1, "size": "MEDIUM", "tags": []}}, {"model": "menu.fooditem", "pk": 13, "fields": {"name": "Mocha", "active": true, "price": "4.50", "description": "", "category": 1, "size": "LARGE", "tags": []}}, {"model": "menu.fooditem", "pk": 14, "fields": {"name": "Chai Latte", "active": true, "price": "4.20", "description": "", "category": 1, "size": "", "tags": []}}, {"model": "menu.fooditem", "pk": 15, "fields": {"name": "Iced Coffee", "active": true, "price": "7.00", "description": "With icecream", "category": 2, "size": "", "tags": []}}, {"model": "menu.fooditem", "pk": 16, "fields": {"name": "Iced Chocolate", "active": true, "price": "7.00", "description": "With icecream", "category": 2, "size": "", "tags": []}}, {"model": "menu.fooditem", "pk": 17, "fields": {"name": "Chocolate Milkshake", "active": true, "price": "5.00", "description": "", "category": 2, "size": "SMALL", "tags": []}}, {"model": "menu.fooditem", "pk": 18, "fields": {"name": "Chocolate Milkshake", "active": true, "price": "6.00", "description": "", "category": 2, "size": "MEDIUM", "tags": []}}, {"model": "menu.fooditem", "pk": 19, "fields": {"name": "Chocolate Milkshake", "active": true, "price": "7.00", "description": "", "category": 2, "size": "LARGE", "tags": []}}, {"model": "menu.fooditem", "pk": 20, "fields": {"name": "Vanilla Milkshake", "active": false, "price": "5.00", "description": "", "category": 2, "size": "SMALL", "tags": []}}, {"model": "menu.fooditem", "pk": 21, "fields": {"name": "Vanilla Milkshake", "active": false, "price": "6.00", "description": "", "category": 2, "size": "MEDIUM", "tags": []}}, {"model": "menu.fooditem", "pk": 22, "fields": {"name": "Vanilla Milkshake", "active": false, "price": "7.00", "description": "", "category": 2, "size": "LARGE", "tags": []}}, {"model": "menu.fooditem", "pk": 23, "fields": {"name": "Strawberry Milkshake", "active": true, "price": "5.00", "description": "", "category": 2, "size": "SMALL", "tags": []}}, {"model": "menu.fooditem", "pk": 24, "fields": {"name": "Strawberry Milkshake", "active": true, "price": "6.00", "description": "", "category": 2, "size": "MEDIUM", "tags": []}}, {"model": "menu.fooditem", "pk": 25, "fields": {"name": "Strawberry Milkshake", "active": true, "price": "7.00", "description": "", "category": 2, "size": "LARGE", "tags": []}}, {"model": "menu.fooditem", "pk": 26, "fields": {"name": "Banana Smoothie", "active": true, "price": "8.00", "description": "Banana, honey, coconut yoghurt & coconut milk", "category": 2, "size": "", "tags": []}}, {"model": "menu.fooditem", "pk": 27, "fields": {"name": "Toast", "active": true, "price": "6.50", "description": "Sourdough toast with with Vegemite and butter", "category": 3, "size": "", "tags": []}}, {"model": "menu.fooditem", "pk": 28, "fields": {"name": "Pancakes", "active": true, "price": "11.60", "description": "Buttermilk pancakes with maple syrup, banana and strawberries", "category": 3, "size": "", "tags": []}}, {"model": "menu.fooditem", "pk": 29, "fields": {"name": "Scrambled Eggs", "active": true, "price": "7.50", "description": "With sourdough toast", "category": 3, "size": "", "tags": []}}, {"model": "menu.fooditem", "pk": 30, "fields": {"name": "Poached eggs", "active": false, "price": "7.50", "description": "With sourdough toast", "category": 3, "size": "", "tags": []}}, {"model": "menu.fooditem", "pk": 31, "fields": {"name": "Breakfast Sandwich", "active": true, "price": "12.00", "description": "Lettuce, bacon, avo, fried egg and hollandaise sauce on a brioche bun", "category": 3, "size": "", "tags": []}}, {"model": "menu.fooditem", "pk": 32, "fields": {"name": "Granola Bowl", "active": true, "price": "14.50", "description": "Housemade almond, honey & berry granola with seasonal fresh fruit and blackberry coconut yoghurt", "category": 3, "size": "", "tags": []}}, {"model": "menu.fooditem", "pk": 33, "fields": {"name": "Fresh Fruit Salad", "active": true, "price": "9.00", "description": "Seasonal fresh fruit served with a blackberry coconut yoghurt", "category": 3, "size": "", "tags": []}}, {"model": "menu.fooditem", "pk": 34, "fields": {"name": "BLT", "active": true, "price": "10.00", "description": "Bacon, lettuce & tomato on sourdough bread", "category": 5, "size": "", "tags": []}}, {"model": "menu.fooditem", "pk": 35, "fields": {"name": "Haloumi Wrap", "active": true, "price": "11.00", "description": "Grilled haloumi with roast vegetables and tahini yoghurt in a spinnach wrap", "category": 5, "size": "", "tags": []}}, {"model": "menu.fooditem", "pk": 36, "fields": {"name": "Tuna Sandwich", "active": true, "price": "11.00", "description": "Tuna and dill mayo sandwich with pickled cabbage & rocket", "category": 5, "size": "", "tags": []}}, {"model": "menu.fooditem", "pk": 37, "fields": {"name": "Chilli Chicken Sandwich", "active": true, "price": "12.00", "description": "Poached chicken, chilli mayo, tomato and rocket on sourdough", "category": 5, "size": "", "tags": []}}, {"model": "menu.fooditem", "pk": 38, "fields": {"name": "Food item 1", "active": true, "price": "10.00", "description": "Test description 1", "category": 6, "size": null, "tags": []}}, {"model": "menu.fooditem", "pk": 39, "fields": {"name": "Food item 2", "active": true, "price": "10.00", "description": "Test description 2", "category": 6, "size": null, "tags": []}}, {"model": "menu.fooditem", "pk": 40, "fields": {"name": "Food item 3", "active": true, "price": "10.00", "description": "Test description 3", "category": 6, "size": null, "tags": []}}, {"model": "menu.fooditem", "pk": 41, "fields": {"name": "Food item 4", "active": true, "price": "10.00", "description": "Test description 4", "category": 6, "size": null, "tags": []}}, {"model": "menu.fooditem", "pk": 42, "fields": {"name": "Food item 5", "active": true, "price": "10.00", "description": "Test description 5", "category": 6, "size": null, "tags": []}}, {"model": "menu.fooditem", "pk": 43, "fields": {"name": "Food item 6", "active": true, "price": "10.00", "description": "Test description 6", "category": 6, "size": null, "tags": []}}, {"model": "menu.fooditem", "pk": 44, "fields": {"name": "Drink 2", "active": true, "price": "10.00", "description": "Test description 1", "category": 6, "size": "LARGE", "tags": []}}, {"model": "menu.fooditem", "pk": 45, "fields": {"name": "Drink 3", "active": true, "price": "10.00", "description": "Test description 2", "category": 6, "size": "LARGE", "tags": []}}, {"model": "menu.fooditem", "pk": 46, "fields": {"name": "Drink 4", "active": true, "price": "10.00", "description": "Test description 3", "category": 6, "size": "LARGE", "tags": []}}, {"model": "menu.fooditem", "pk": 47, "fields": {"name": "Drink 5", "active": true, "price": "10.00", "description": "Test description 4", "category": 6, "size": "LARGE", "tags": []}}, {"model": "menu.fooditem", "pk": 48, "fields": {"name": "Food item 1", "active": true, "price": "10.00", "description": "Test description 1", "category": 7, "size": null, "tags": []}}, {"model": "menu.fooditem", "pk": 49, "fields": {"name": "Food item 2", "active": true, "price": "10.00", "description": "Test description 2", "category": 7, "size": null, "tags": []}}, {"model": "menu.fooditem", "pk": 50, "fields": {"name": "Food item 3", "active": true, "price": "10.00", "description": "Test description 3", "category": 7, "size": null, "tags": []}}, {"model": "menu.fooditem", "pk": 51, "fields": {"name": "Food item 4", "active": true, "price": "10.00", "description": "Test description 4", "category": 7, "size": null, "tags": []}}, {"model": "menu.fooditem", "pk": 52, "fields": {"name": "Food item 5", "active": true, "price": "10.00", "description": "Test description 5", "category": 7, "size": null, "tags": []}}, {"model": "menu.fooditem", "pk": 53, "fields": {"name": "Food item 6", "active": true, "price": "10.00", "description": "Test description 6", "category": 7, "size": null, "tags": []}}, {"model": "menu.fooditem", "pk": 54, "fields": {"name": "Drink 2", "active": true, "price": "10.00", "description": "Test description 1", "category": 7, "size": "LARGE", "tags": []}}, {"model": "menu.fooditem", "pk": 55, "fields": {"name": "Drink 3", "active": true, "price": "10.00", "description": "Test description 2", "category": 7, "size": "LARGE", "tags": []}}, {"model": "menu.fooditem", "pk": 56, "fields": {"name": "Drink 4", "active": true, "price": "10.00", "description": "Test description 3", "category": 7, "size": "LARGE", "tags": []}}, {"model": "menu.fooditem", "pk": 57, "fields": {"name": "Drink 5", "active": true, "price": "10.00", "description": "Test description 4", "category": 7, "size": "LARGE", "tags": []}}, {"model": "menu.fooditem", "pk": 58, "fields": {"name": "Food item 1", "active": true, "price": "10.00", "description": "Test description 1", "category": 8, "size": null, "tags": []}}, {"model": "menu.fooditem", "pk": 59, "fields": {"name": "Food item 2", "active": true, "price": "10.00", "description": "Test description 2", "category": 8, "size": null, "tags": []}}, {"model": "menu.fooditem", "pk": 60, "fields": {"name": "Food item 3", "active": true, "price": "10.00", "description": "Test description 3", "category": 8, "size": null, "tags": []}}, {"model": "menu.fooditem", "pk": 61, "fields": {"name": "Food item 4", "active": true, "price": "10.00", "description": "Test description 4", "category": 8, "size": null, "tags": []}}, {"model": "menu.fooditem", "pk": 62, "fields": {"name": "Food item 5", "active": true, "price": "10.00", "description": "Test description 5", "category": 8, "size": null, "tags": []}}, {"model": "menu.fooditem", "pk": 63, "fields": {"name": "Food item 6", "active": true, "price": "10.00", "description": "Test description 6", "category": 8, "size": null, "tags": []}}, {"model": "menu.fooditem", "pk": 64, "fields": {"name": "Drink 2", "active": true, "price": "10.00", "description": "Test description 1", "category": 8, "size": "LARGE", "tags": []}}, {"model": "menu.fooditem", "pk": 65, "fields": {"name": "Drink 3", "active": true, "price": "10.00", "description": "Test description 2", "category": 8, "size": "LARGE", "tags": []}}, {"model": "menu.fooditem", "pk": 66, "fields": {"name": "Drink 4", "active": true, "price": "10.00", "description": "Test description 3", "category": 8, "size": "LARGE", "tags": []}}, {"model": "menu.fooditem", "pk": 67, "fields": {"name": "Drink 5", "active": true, "price": "10.00", "description": "Test description 4", "category": 8, "size": "LARGE", "tags": []}}, {"model": "menu.fooditem", "pk": 68, "fields": {"name": "Food item 1", "active": true, "price": "10.00", "description": "Test description 1", "category": 9, "size": null, "tags": []}}, {"model": "menu.fooditem", "pk": 69, "fields": {"name": "Food item 2", "active": true, "price": "10.00", "description": "Test description 2", "category": 9, "size": null, "tags": []}}, {"model": "menu.fooditem", "pk": 70, "fields": {"name": "Food item 3", "active": true, "price": "10.00", "description": "Test description 3", "category": 9, "size": null, "tags": []}}, {"model": "menu.fooditem", "pk": 71, "fields": {"name": "Food item 4", "active": true, "price": "10.00", "description": "Test description 4", "category": 9, "size": null, "tags": []}}, {"model": "menu.fooditem", "pk": 72, "fields": {"name": "Food item 5", "active": true, "price": "10.00", "description": "Test description 5", "category": 9, "size": null, "tags": []}}, {"model": "menu.fooditem", "pk": 73, "fields": {"name": "Food item 6", "active": true, "price": "10.00", "description": "Test description 6", "category": 9, "size": null, "tags": []}}, {"model": "menu.fooditem", "pk": 74, "fields": {"name": "Drink 2", "active": true, "price": "10.00", "description": "Test description 1", "category": 9, "size": "LARGE", "tags": []}}, {"model": "menu.fooditem", "pk": 75, "fields": {"name": "Drink 3", "active": true, "price": "10.00", "description": "Test description 2", "category": 9, "size": "LARGE", "tags": []}}, {"model": "menu.fooditem", "pk": 76, "fields": {"name": "Drink 4", "active": true, "price": "10.00", "description": "Test description 3", "category": 9, "size": "LARGE", "tags": []}}, {"model": "menu.fooditem", "pk": 77, "fields": {"name": "Drink 5", "active": true, "price": "10.00", "description": "Test description 4", "category": 9, "size": "LARGE", "tags": []}}, {"model": "menu.fooditem", "pk": 78, "fields": {"name": "Food item 1", "active": true, "price": "10.00", "description": "Test description 1", "category": 10, "size": null, "tags": []}}, {"model": "menu.fooditem", "pk": 79, "fields": {"name": "Food item 2", "active": true, "price": "10.00", "description": "Test description 2", "category": 10, "size": null, "tags": []}}, {"model": "menu.fooditem", "pk": 80, "fields": {"name": "Food item 3", "active": true, "price": "10.00", "description": "Test description 3", "category": 10, "size": null, "tags": []}}, {"model": "menu.fooditem", "pk": 81, "fields": {"name": "Food item 4", "active": true, "price": "10.00", "description": "Test description 4", "category": 10, "size": null, "tags": []}}, {"model": "menu.fooditem", "pk": 82, "fields": {"name": "Food item 5", "active": true, "price": "10.00", "description": "Test description 5", "category": 10, "size": null, "tags": []}}, {"model": "menu.fooditem", "pk": 83, "fields": {"name": "Food item 6", "active": true, "price": "10.00", "description": "Test description 6", "category": 10, "size": null, "tags": []}}, {"model": "menu.fooditem", "pk": 84, "fields": {"name": "Drink 2", "active": true, "price": "10.00", "description": "Test description 1", "category": 10, "size": "LARGE", "tags": []}}, {"model": "menu.fooditem", "pk": 85, "fields": {"name": "Drink 3", "active": true, "price": "10.00", "description": "Test description 2", "category": 10, "size": "LARGE", "tags": []}}, {"model": "menu.fooditem", "pk": 86, "fields": {"name": "Drink 4", "active": true, "price": "10.00", "description": "Test description 3", "category": 10, "size": "LARGE", "tags": []}}, {"model": "menu.fooditem", "pk": 87, "fields": {"name": "Drink 5", "active": true, "price": "10.00", "description": "Test description 4", "category": 10, "size": "LARGE", "tags": []}}, {"model": "menu.fooditem", "pk": 88, "fields": {"name": "Food item 1", "active": true, "price": "10.00", "description": "Test description 1", "category": 11, "size": null, "tags": []}}, {"model": "menu.fooditem", "pk": 89, "fields": {"name": "Food item 2", "active": true, "price": "10.00", "description": "Test description 2", "category": 11, "size": null, "tags": []}}, {"model": "menu.fooditem", "pk": 90, "fields": {"name": "Food item 3", "active": true, "price": "10.00", "description": "Test description 3", "category": 11, "size": null, "tags": []}}, {"model": "menu.fooditem", "pk": 91, "fields": {"name": "Food item 4", "active": true, "price": "10.00", "description": "Test description 4", "category": 11, "size": null, "tags": []}}, {"model": "menu.fooditem", "pk": 92, "fields": {"name": "Food item 5", "active": true, "price": "10.00", "description": "Test description 5", "category": 11, "size": null, "tags": []}}, {"model": "menu.fooditem", "pk": 93, "fields": {"name": "Food item 6", "active": true, "price": "10.00", "description": "Test description 6", "category": 11, "size": null, "tags": []}}, {"model": "menu.fooditem", "pk": 94, "fields": {"name": "Drink 2", "active": true, "price": "10.00", "description": "Test description 1", "category": 11, "size": "LARGE", "tags": []}}, {"model": "menu.fooditem", "pk": 95, "fields": {"name": "Drink 3", "active": true, "price": "10.00", "description": "Test description 2", "category": 11, "size": "LARGE", "tags": []}}, {"model": "menu.fooditem", "pk": 96, "fields": {"name": "Drink 4", "active": true, "price": "10.00", "description": "Test description 3", "category": 11, "size": "LARGE", "tags": []}}, {"model": "menu.fooditem", "pk": 97, "fields": {"name": "Drink 5", "active": true, "price": "10.00", "description": "Test description 4", "category": 11, "size": "LARGE", "tags": []}}, {"model": "menu.fooditem", "pk": 98, "fields": {"name": "Food item 1", "active": true, "price": "10.00", "description": "Test description 1", "category": 12, "size": null, "tags": []}}, {"model": "menu.fooditem", "pk": 99, "fields": {"name": "Food item 2", "active": true, "price": "10.00", "description": "Test description 2", "category": 12, "size": null, "tags": []}}, {"model": "menu.fooditem", "pk": 100, "fields": {"name": "Food item 3", "active": true, "price": "10.00", "description": "Test description 3", "category": 12, "size": null, "tags": []}}, {"model": "menu.fooditem", "pk": 101, "fields": {"name": "Food item 4", "active": true, "price": "10.00", "description": "Test description 4", "category": 12, "size": null, "tags": []}}, {"model": "menu.fooditem", "pk": 102, "fields": {"name": "Food item 5", "active": true, "price": "10.00", "description": "Test description 5", "category": 12, "size": null, "tags": []}}, {"model": "menu.fooditem", "pk": 103, "fields": {"name": "Food item 6", "active": true, "price": "10.00", "description": "Test description 6", "category": 12, "size": null, "tags": []}}, {"model": "menu.fooditem", "pk": 104, "fields": {"name": "Drink 2", "active": true, "price": "10.00", "description": "Test description 1", "category": 12, "size": "LARGE", "tags": []}}, {"model": "menu.fooditem", "pk": 105, "fields": {"name": "Drink 3", "active": true, "price": "10.00", "description": "Test description 2", "category": 12, "size": "LARGE", "tags": []}}, {"model": "menu.fooditem", "pk": 106, "fields": {"name": "Drink 4", "active": true, "price": "10.00", "description": "Test description 3", "category": 12, "size": "LARGE", "tags": []}}, {"model": "menu.fooditem", "pk": 107, "fields": {"name": "Drink 5", "active": true, "price": "10.00", "description": "Test description 4", "category": 12, "size": "LARGE", "tags": []}}, {"model": "menu.fooditem", "pk": 108, "fields": {"name": "Food item 1", "active": true, "price": "10.00", "description": "Test description 1", "category": 13, "size": null, "tags": []}}, {"model": "menu.fooditem", "pk": 109, "fields": {"name": "Food item 2", "active": true, "price": "10.00", "description": "Test description 2", "category": 13, "size": null, "tags": []}}, {"model": "menu.fooditem", "pk": 110, "fields": {"name": "Food item 3", "active": true, "price": "10.00", "description": "Test description 3", "category": 13, "size": null, "tags": []}}, {"model": "menu.fooditem", "pk": 111, "fields": {"name": "Food item 4", "active": true, "price": "10.00", "description": "Test description 4", "category": 13, "size": null, "tags": []}}, {"model": "menu.fooditem", "pk": 112, "fields": {"name": "Food item 5", "active": true, "price": "10.00", "description": "Test description 5", "category": 13, "size": null, "tags": []}}, {"model": "menu.fooditem", "pk": 113, "fields": {"name": "Food item 6", "active": true, "price": "10.00", "description": "Test description 6", "category": 13, "size": null, "tags": []}}, {"model": "menu.fooditem", "pk": 114, "fields": {"name": "Drink 2", "active": true, "price": "10.00", "description": "Test description 1", "category": 13, "size": "LARGE", "tags": []}}, {"model": "menu.fooditem", "pk": 115, "fields": {"name": "Drink 3", "active": true, "price": "10.00", "description": "Test description 2", "category": 13, "size": "LARGE", "tags": []}}, {"model": "menu.fooditem", "pk": 116, "fields": {"name": "Drink 4", "active": true, "price": "10.00", "description": "Test description 3", "category": 13, "size": "LARGE", "tags": []}}, {"model": "menu.fooditem", "pk": 117, "fields": {"name": "Drink 5", "active": true, "price": "10.00", "description": "Test description 4", "category": 13, "size": "LARGE", "tags": []}}, {"model": "menu.fooditem", "pk": 118, "fields": {"name": "Food item 1", "active": true, "price": "10.00", "description": "Test description 1", "category": 14, "size": null, "tags": []}}, {"model": "menu.fooditem", "pk": 119, "fields": {"name": "Food item 2", "active": true, "price": "10.00", "description": "Test description 2", "category": 14, "size": null, "tags": []}}, {"model": "menu.fooditem", "pk": 120, "fields": {"name": "Food item 3", "active": true, "price": "10.00", "description": "Test description 3", "category": 14, "size": null, "tags": []}}, {"model": "menu.fooditem", "pk": 121, "fields": {"name": "Food item 4", "active": true, "price": "10.00", "description": "Test description 4", "category": 14, "size": null, "tags": []}}, {"model": "menu.fooditem", "pk": 122, "fields": {"name": "Food item 5", "active": true, "price": "10.00", "description": "Test description 5", "category": 14, "size": null, "tags": []}}, {"model": "menu.fooditem", "pk": 123, "fields": {"name": "Food item 6", "active": true, "price": "10.00", "description": "Test description 6", "category": 14, "size": null, "tags": []}}, {"model": "menu.fooditem", "pk": 124, "fields": {"name": "Drink 2", "active": true, "price": "10.00", "description": "Test description 1", "category": 14, "size": "LARGE", "tags": []}}, {"model": "menu.fooditem", "pk": 125, "fields": {"name": "Drink 3", "active": true, "price": "10.00", "description": "Test description 2", "category": 14, "size": "LARGE", "tags": []}}, {"model": "menu.fooditem", "pk": 126, "fields": {"name": "Drink 4", "active": true, "price": "10.00", "description": "Test description 3", "category": 14, "size": "LARGE", "tags": []}}, {"model": "menu.fooditem", "pk": 127, "fields": {"name": "Drink 5", "active": true, "price": "10.00", "description": "Test description 4", "category": 14, "size": "LARGE", "tags": []}}, {"model": "menu.fooditem", "pk": 128, "fields": {"name": "Food item 1", "active": true, "price": "10.00", "description": "Test description 1", "category": 15, "size": null, "tags": []}}, {"model": "menu.fooditem", "pk": 129, "fields": {"name": "Food item 2", "active": true, "price": "10.00", "description": "Test description 2", "category": 15, "size": null, "tags": []}}, {"model": "menu.fooditem", "pk": 130, "fields": {"name": "Food item 3", "active": true, "price": "10.00", "description": "Test description 3", "category": 15, "size": null, "tags": []}}, {"model": "menu.fooditem", "pk": 131, "fields": {"name": "Food item 4", "active": true, "price": "10.00", "description": "Test description 4", "category": 15, "size": null, "tags": []}}, {"model": "menu.fooditem", "pk": 132, "fields": {"name": "Food item 5", "active": true, "price": "10.00", "description": "Test description 5", "category": 15, "size": null, "tags": []}}, {"model": "menu.fooditem", "pk": 133, "fields": {"name": "Food item 6", "active": true, "price": "10.00", "description": "Test description 6", "category": 15, "size": null, "tags": []}}, {"model": "menu.fooditem", "pk": 134, "fields": {"name": "Drink 2", "active": true, "price": "10.00", "description": "Test description 1", "category": 15, "size": "LARGE", "tags": []}}, {"model": "menu.fooditem", "pk": 135, "fields": {"name": "Drink 3", "active": true, "price": "10.00", "description": "Test description 2", "category": 15, "size": "LARGE", "tags": []}}, {"model": "menu.fooditem", "pk": 136, "fields": {"name": "Drink 4", "active": true, "price": "10.00", "description": "Test description 3", "category": 15, "size": "LARGE", "tags": []}}, {"model": "menu.fooditem", "pk": 137, "fields": {"name": "Drink 5", "active": true, "price": "10.00", "description": "Test description 4", "category": 15, "size": "LARGE", "tags": []}}, {"model": "menu.discount", "pk": 1, "fields": {"name": "0%", "amount": 0, "type": "PERCENTAGE"}}, {"model": "menu.discount", "pk": 2, "fields": {"name": "10%", "amount": 10, "type": "PERCENTAGE"}}, {"model": "menu.discount", "pk": 3, "fields": {"name": "20%", "amount": 20, "type": "PERCENTAGE"}}, {"model": "menu.discount", "pk": 4, "fields": {"name": "30%", "amount": 30, "type": "PERCENTAGE"}}, {"model": "menu.discount", "pk": 5, "fields": {"name": "40%", "amount": 40, "type": "PERCENTAGE"}}, {"model": "menu.creditcard", "pk": 1, "fields": {"number": 1234123412341231, "expiry_month": 1, "expiry_year": 1, "cvv": 121}}, {"model": "menu.creditcard", "pk": 2, "fields": {"number": 1234123412341232, "expiry_month": 2, "expiry_year": 2, "cvv": 122}}, {"model": "menu.creditcard", "pk": 3, "fields": {"number": 1234123412341233, "expiry_month": 3, "expiry_year": 3, "cvv": 123}}, {"model": "menu.creditcard", "pk": 4, "fields": {"number": 1234123412341234, "expiry_month": 4, "expiry_year": 4, "cvv": 124}}, {"model": "menu.creditcard", "pk": 5, "fields": {"number": 1234123412341235, "expiry_month": 5, "expiry_year": 5, "cvv": 125}}, {"model": "menu.transactionfooditem", "pk": 1, "fields": {"food_item": 1, "transaction": 1, "discount": 1, "price": "0.00", "request": null, "extras": [6]}}, {"model": "menu.transactionfooditem", "pk": 2, "fields": {"food_item": 2, "transaction": 1, "discount": 1, "price": "0.00", "request": null, "extras": [6]}}, {"model": "menu.transactionfooditem", "pk": 3, "fields": {"food_item": 3, "transaction": 1, "discount": 1, "price": "0.00", "request": null, "extras": [6]}}, {"model": "menu.transactionfooditem", "pk": 4, "fields": {"food_item": 4, "transaction": 1, "discount": 1, "price": "0.00", "request": null, "extras": [6]}}, {"model": "menu.transactionfooditem", "pk": 5, "fields": {"food_item": 5, "transaction": 1, "discount": 1, "price": "0.00", "request": null, "extras": [6]}}, {"model": "menu.transactionfooditem", "pk": 6, "fields": {"food_item": 6, "transaction": 2, "discount": 2, "price": "0.45", "request": null, "extras": [6]}}, {"model": "menu.transactionfooditem", "pk": 7, "fields": {"food_item": 7, "transaction": 2, "discount": 2, "price": "0.50", "request": null, "extras": [6]}}, {"model": "menu.transactionfooditem", "pk": 8, "fields": {"food_item": 8, "transaction": 2, "discount": 2, "price": "0.40", "request": null, "extras": [6]}}, {"model": "menu.transactionfooditem", "pk": 9, "fields": {"food_item": 9, "transaction": 2, "discount": 2, "price": "0.45", "request": null, "extras": [6]}}, {"model": "menu.transactionfooditem", "pk": 10, "fields": {"food_item": 10, "transaction": 2, "discount": 2, "price": "0.50", "request": null, "extras": [6]}}, {"model": "menu.transactionfooditem", "pk": 11, "fields": {"food_item": 11, "transaction": 3, "discount": 3, "price": "0.80", "request": null, "extras": [6]}}, {"model": "menu.transactionfooditem", "pk": 12, "fields": {"food_item": 12, "transaction": 3, "discount": 3, "price": "0.90", "request": null, "extras": [6]}}, {"model": "menu.transactionfooditem", "pk": 13, "fields": {"food_item": 13, "transaction": 3, "discount": 3, "price": "1.00", "request": null, "extras": [6]}}, {"model": "menu.transactionfooditem", "pk": 14, "fields": {"food_item": 14, "transaction": 3, "discount": 3, "price": "0.94", "request": null, "extras": [6]}}, {"model": "menu.transactionfooditem", "pk": 15, "fields": {"food_item": 15, "transaction": 3, "discount": 3, "price": "1.50", "request": null, "extras": [6]}}, {"model": "menu.transactionfooditem", "pk": 16, "fields": {"food_item": 16, "transaction": 4, "discount": 4, "price": "2.25", "request": null, "extras": [6]}}, {"model": "menu.transactionfooditem", "pk": 17, "fields": {"food_item": 17, "transaction": 4, "discount": 4, "price": "1.65", "request": null, "extras": [6]}}, {"model": "menu.transactionfooditem", "pk": 18, "fields": {"food_item": 18, "transaction": 4, "discount": 4, "price": "1.95", "request": null, "extras": [6]}}, {"model": "menu.transactionfooditem", "pk": 19, "fields": {"food_item": 19, "transaction": 4, "discount": 4, "price": "2.25", "request": null, "extras": [6]}}, {"model": "menu.transactionfooditem", "pk": 20, "fields": {"food_item": 20, "transaction": 4, "discount": 4, "price": "1.65", "request": null, "extras": [6]}}, {"model": "menu.transactionfooditem", "pk": 21, "fields": {"food_item": 21, "transaction": 5, "discount": 5, "price": "2.60", "request": null, "extras": [6]}}, {"model": "menu.transactionfooditem", "pk": 22, "fields": {"food_item": 22, "transaction": 5, "discount": 5, "price": "3.00", "request": null, "extras": [6]}}, {"model": "menu.transactionfooditem", "pk": 23, "fields": {"food_item": 23, "transaction": 5, "discount": 5, "price": "2.20", "request": null, "extras": [6]}}, {"model": "menu.transactionfooditem", "pk": 24, "fields": {"food_item": 24, "transaction": 5, "discount": 5, "price": "2.60", "request": null, "extras": [6]}}, {"model": "menu.transactionfooditem", "pk": 25, "fields": {"food_item": 25, "transaction": 5, "discount": 5, "price": "3.00", "request": null, "extras": [6]}}, {"model": "auth.permission", "pk": 1, "fields": {"name": "Can add log entry", "content_type": 1, "codename": "add_logentry"}}, {"model": "auth.permission", "pk": 2, "fields": {"name": "Can change log entry", "content_type": 1, "codename": "change_logentry"}}, {"model": "auth.permission", "pk": 3, "fields": {"name": "Can delete log entry", "content_type": 1, "codename": "delete_logentry"}}, {"model": "auth.permission", "pk": 4, "fields": {"name": "Can view log entry", "content_type": 1, "codename": "view_logentry"}}, {"model": "auth.permission", "pk": 5, "fields": {"name": "Can add permission", "content_type": 2, "codename": "add_permission"}}, {"model": "auth.permission", "pk": 6, "fields": {"name": "Can change permission", "content_type": 2, "codename": "change_permission"}}, {"model": "auth.permission", "pk": 7, "fields": {"name": "Can delete permission", "content_type": 2, "codename": "delete_permission"}}, {"model": "auth.permission", "pk": 8, "fields": {"name": "Can view permission", "content_type": 2, "codename": "view_permission"}}, {"model": "auth.permission", "pk": 9, "fields": {"name": "Can add group", "content_type": 3, "codename": "add_group"}}, {"model": "auth.permission", "pk": 10, "fields": {"name": "Can change group", "content_type": 3, "codename": "change_group"}}, {"model": "auth.permission", "pk": 11, "fields": {"name": "Can delete group", "content_type": 3, "codename": "delete_group"}}, {"model": "auth.permission", "pk": 12, "fields": {"name": "Can view group", "content_type": 3, "codename": "view_group"}}, {"model": "auth.permission", "pk": 13, "fields": {"name": "Can add content type", "content_type": 4, "codename": "add_contenttype"}}, {"model": "auth.permission", "pk": 14, "fields": {"name": "Can change content type", "content_type": 4, "codename": "change_contenttype"}}, {"model": "auth.permission", "pk": 15, "fields": {"name": "Can delete content type", "content_type": 4, "codename": "delete_contenttype"}}, {"model": "auth.permission", "pk": 16, "fields": {"name": "Can view content type", "content_type": 4, "codename": "view_contenttype"}}, {"model": "auth.permission", "pk": 17, "fields": {"name": "Can add session", "content_type": 5, "codename": "add_session"}}, {"model": "auth.permission", "pk": 18, "fields": {"name": "Can change session", "content_type": 5, "codename": "change_session"}}, {"model": "auth.permission", "pk": 19, "fields": {"name": "Can delete session", "content_type": 5, "codename": "delete_session"}}, {"model": "auth.permission", "pk": 20, "fields": {"name": "Can view session", "content_type": 5, "codename": "view_session"}}, {"model": "auth.permission", "pk": 21, "fields": {"name": "Can add site", "content_type": 6, "codename": "add_site"}}, {"model": "auth.permission", "pk": 22, "fields": {"name": "Can change site", "content_type": 6, "codename": "change_site"}}, {"model": "auth.permission", "pk": 23, "fields": {"name": "Can delete site", "content_type": 6, "codename": "delete_site"}}, {"model": "auth.permission", "pk": 24, "fields": {"name": "Can view site", "content_type": 6, "codename": "view_site"}}, {"model": "auth.permission", "pk": 25, "fields": {"name": "Can add Token", "content_type": 7, "codename": "add_token"}}, {"model": "auth.permission", "pk": 26, "fields": {"name": "Can change Token", "content_type": 7, "codename": "change_token"}}, {"model": "auth.permission", "pk": 27, "fields": {"name": "Can delete Token", "content_type": 7, "codename": "delete_token"}}, {"model": "auth.permission", "pk": 28, "fields": {"name": "Can view Token", "content_type": 7, "codename": "view_token"}}, {"model": "auth.permission", "pk": 29, "fields": {"name": "Can add email address", "content_type": 8, "codename": "add_emailaddress"}}, {"model": "auth.permission", "pk": 30, "fields": {"name": "Can change email address", "content_type": 8, "codename": "change_emailaddress"}}, {"model": "auth.permission", "pk": 31, "fields": {"name": "Can delete email address", "content_type": 8, "codename": "delete_emailaddress"}}, {"model": "auth.permission", "pk": 32, "fields": {"name": "Can view email address", "content_type": 8, "codename": "view_emailaddress"}}, {"model": "auth.permission", "pk": 33, "fields": {"name": "Can add email confirmation", "content_type": 9, "codename": "add_emailconfirmation"}}, {"model": "auth.permission", "pk": 34, "fields": {"name": "Can change email confirmation", "content_type": 9, "codename": "change_emailconfirmation"}}, {"model": "auth.permission", "pk": 35, "fields": {"name": "Can delete email confirmation", "content_type": 9, "codename": "delete_emailconfirmation"}}, {"model": "auth.permission", "pk": 36, "fields": {"name": "Can view email confirmation", "content_type": 9, "codename": "view_emailconfirmation"}}, {"model": "auth.permission", "pk": 37, "fields": {"name": "Can add social account", "content_type": 10, "codename": "add_socialaccount"}}, {"model": "auth.permission", "pk": 38, "fields": {"name": "Can change social account", "content_type": 10, "codename": "change_socialaccount"}}, {"model": "auth.permission", "pk": 39, "fields": {"name": "Can delete social account", "content_type": 10, "codename": "delete_socialaccount"}}, {"model": "auth.permission", "pk": 40, "fields": {"name": "Can view social account", "content_type": 10, "codename": "view_socialaccount"}}, {"model": "auth.permission", "pk": 41, "fields": {"name": "Can add social application", "content_type": 11, "codename": "add_socialapp"}}, {"model": "auth.permission", "pk": 42, "fields": {"name": "Can change social application", "content_type": 11, "codename": "change_socialapp"}}, {"model": "auth.permission", "pk": 43, "fields": {"name": "Can delete social application", "content_type": 11, "codename": "delete_socialapp"}}, {"model": "auth.permission", "pk": 44, "fields": {"name": "Can view social application", "content_type": 11, "codename": "view_socialapp"}}, {"model": "auth.permission", "pk": 45, "fields": {"name": "Can add social application token", "content_type": 12, "codename": "add_socialtoken"}}, {"model": "auth.permission", "pk": 46, "fields": {"name": "Can change social application token", "content_type": 12, "codename": "change_socialtoken"}}, {"model": "auth.permission", "pk": 47, "fields": {"name": "Can delete social application token", "content_type": 12, "codename": "delete_socialtoken"}}, {"model": "auth.permission", "pk": 48, "fields": {"name": "Can view social application token", "content_type": 12, "codename": "view_socialtoken"}}, {"model": "auth.permission", "pk": 49, "fields": {"name": "Can add user", "content_type": 13, "codename": "add_customuser"}}, {"model": "auth.permission", "pk": 50, "fields": {"name": "Can change user", "content_type": 13, "codename": "change_customuser"}}, {"model": "auth.permission", "pk": 51, "fields": {"name": "Can delete user", "content_type": 13, "codename": "delete_customuser"}}, {"model": "auth.permission", "pk": 52, "fields": {"name": "Can view user", "content_type": 13, "codename": "view_customuser"}}, {"model": "auth.permission", "pk": 53, "fields": {"name": "Can add category", "content_type": 14, "codename": "add_category"}}, {"model": "auth.permission", "pk": 54, "fields": {"name": "Can change category", "content_type": 14, "codename": "change_category"}}, {"model": "auth.permission", "pk": 55, "fields": {"name": "Can delete category", "content_type": 14, "codename": "delete_category"}}, {"model": "auth.permission", "pk": 56, "fields": {"name": "Can view category", "content_type": 14, "codename": "view_category"}}, {"model": "auth.permission", "pk": 57, "fields": {"name": "Can add credit card", "content_type": 15, "codename": "add_creditcard"}}, {"model": "auth.permission", "pk": 58, "fields": {"name": "Can change credit card", "content_type": 15, "codename": "change_creditcard"}}, {"model": "auth.permission", "pk": 59, "fields": {"name": "Can delete credit card", "content_type": 15, "codename": "delete_creditcard"}}, {"model": "auth.permission", "pk": 60, "fields": {"name": "Can view credit card", "content_type": 15, "codename": "view_creditcard"}}, {"model": "auth.permission", "pk": 61, "fields": {"name": "Can add discount", "content_type": 16, "codename": "add_discount"}}, {"model": "auth.permission", "pk": 62, "fields": {"name": "Can change discount", "content_type": 16, "codename": "change_discount"}}, {"model": "auth.permission", "pk": 63, "fields": {"name": "Can delete discount", "content_type": 16, "codename": "delete_discount"}}, {"model": "auth.permission", "pk": 64, "fields": {"name": "Can view discount", "content_type": 16, "codename": "view_discount"}}, {"model": "auth.permission", "pk": 65, "fields": {"name": "Can add extra", "content_type": 17, "codename": "add_extra"}}, {"model": "auth.permission", "pk": 66, "fields": {"name": "Can change extra", "content_type": 17, "codename": "change_extra"}}, {"model": "auth.permission", "pk": 67, "fields": {"name": "Can delete extra", "content_type": 17, "codename": "delete_extra"}}, {"model": "auth.permission", "pk": 68, "fields": {"name": "Can view extra", "content_type": 17, "codename": "view_extra"}}, {"model": "auth.permission", "pk": 69, "fields": {"name": "Can add food item", "content_type": 18, "codename": "add_fooditem"}}, {"model": "auth.permission", "pk": 70, "fields": {"name": "Can change food item", "content_type": 18, "codename": "change_fooditem"}}, {"model": "auth.permission", "pk": 71, "fields": {"name": "Can delete food item", "content_type": 18, "codename": "delete_fooditem"}}, {"model": "auth.permission", "pk": 72, "fields": {"name": "Can view food item", "content_type": 18, "codename": "view_fooditem"}}, {"model": "auth.permission", "pk": 73, "fields": {"name": "Can add menu", "content_type": 19, "codename": "add_menu"}}, {"model": "auth.permission", "pk": 74, "fields": {"name": "Can change menu", "content_type": 19, "codename": "change_menu"}}, {"model": "auth.permission", "pk": 75, "fields": {"name": "Can delete menu", "content_type": 19, "codename": "delete_menu"}}, {"model": "auth.permission", "pk": 76, "fields": {"name": "Can view menu", "content_type": 19, "codename": "view_menu"}}, {"model": "auth.permission", "pk": 77, "fields": {"name": "Can add tag", "content_type": 20, "codename": "add_tag"}}, {"model": "auth.permission", "pk": 78, "fields": {"name": "Can change tag", "content_type": 20, "codename": "change_tag"}}, {"model": "auth.permission", "pk": 79, "fields": {"name": "Can delete tag", "content_type": 20, "codename": "delete_tag"}}, {"model": "auth.permission", "pk": 80, "fields": {"name": "Can view tag", "content_type": 20, "codename": "view_tag"}}, {"model": "auth.permission", "pk": 81, "fields": {"name": "Can add transaction", "content_type": 21, "codename": "add_transaction"}}, {"model": "auth.permission", "pk": 82, "fields": {"name": "Can change transaction", "content_type": 21, "codename": "change_transaction"}}, {"model": "auth.permission", "pk": 83, "fields": {"name": "Can delete transaction", "content_type": 21, "codename": "delete_transaction"}}, {"model": "auth.permission", "pk": 84, "fields": {"name": "Can view transaction", "content_type": 21, "codename": "view_transaction"}}, {"model": "auth.permission", "pk": 85, "fields": {"name": "Can add transaction food item", "content_type": 22, "codename": "add_transactionfooditem"}}, {"model": "auth.permission", "pk": 86, "fields": {"name": "Can change transaction food item", "content_type": 22, "codename": "change_transactionfooditem"}}, {"model": "auth.permission", "pk": 87, "fields": {"name": "Can delete transaction food item", "content_type": 22, "codename": "delete_transactionfooditem"}}, {"model": "auth.permission", "pk": 88, "fields": {"name": "Can view transaction food item", "content_type": 22, "codename": "view_transactionfooditem"}}, {"model": "auth.permission", "pk": 89, "fields": {"name": "Can add assistance", "content_type": 23, "codename": "add_assistance"}}, {"model": "auth.permission", "pk": 90, "fields": {"name": "Can change assistance", "content_type": 23, "codename": "change_assistance"}}, {"model": "auth.permission", "pk": 91, "fields": {"name": "Can delete assistance", "content_type": 23, "codename": "delete_assistance"}}, {"model": "auth.permission", "pk": 92, "fields": {"name": "Can view assistance", "content_type": 23, "codename": "view_assistance"}}, {"model": "accounts.customuser", "pk": 1, "fields": {"password": "pbkdf2_sha256$180000$byxrVqY0wO4n$rOPx3tthi2li9aYJNNg3ket6k73AkQWQoVl3l/v+qbw=", "last_login": null, "is_superuser": true, "username": "admin", "email": "", "is_staff": true, "is_active": true, "date_joined": "2020-04-18T06:56:58.205Z", "first_name": "ADMIN", "last_name": "ACCOUNT", "active": true, "user_type": "MANAGER", "groups": [], "user_permissions": []}}, {"model": "accounts.customuser", "pk": 2, "fields": {"password": "pbkdf2_sha256$180000$JhL0lw2OLq9t$HXmNxRBY+Wlu9I1QQfKtF3PJHCssQRV96Ph7S4Dy0Wc=", "last_login": null, "is_superuser": true, "username": "LK01", "email": "", "is_staff": true, "is_active": true, "date_joined": "2020-04-18T06:56:58.313Z", "first_name": "Lauren", "last_name": "Klimt", "active": true, "user_type": "MANAGER", "groups": [], "user_permissions": []}}, {"model": "accounts.customuser", "pk": 3, "fields": {"password": "pbkdf2_sha256$180000$apF2ZTJok7CJ$EaolnmixccWgYDQar9+R5J8gFzjVUJ8iEMAWj6Oi6rA=", "last_login": null, "is_superuser": true, "username": "CY01", "email": "", "is_staff": true, "is_active": true, "date_joined": "2020-04-18T06:56:58.415Z", "first_name": "Colin", "last_name": "Yang", "active": true, "user_type": "MANAGER", "groups": [], "user_permissions": []}}, {"model": "accounts.customuser", "pk": 4, "fields": {"password": "pbkdf2_sha256$180000$uqz2B2QIzG0a$pITozbAuZGxLMhad4S2WaEcPdTL4dlM75QK/VHp6wlQ=", "last_login": null, "is_superuser": true, "username": "TK01", "email": "", "is_staff": true, "is_active": true, "date_joined": "2020-04-18T06:56:58.513Z", "first_name": "Tripta", "last_name": "Kaur", "active": true, "user_type": "MANAGER", "groups": [], "user_permissions": []}}, {"model": "accounts.customuser", "pk": 5, "fields": {"password": "pbkdf2_sha256$180000$j0X1Luh0sEeT$mVfVv19nulkcHOBz5h3NcNQuXxwswCEz/q8vwdPkoEw=", "last_login": null, "is_superuser": false, "username": "LL01", "email": "", "is_staff": false, "is_active": true, "date_joined": "2020-04-18T06:56:58.663Z", "first_name": "Leonard", "last_name": "Lee", "active": true, "user_type": "WAITER", "groups": [], "user_permissions": []}}, {"model": "accounts.customuser", "pk": 6, "fields": {"password": "pbkdf2_sha256$180000$ZOEGtNtY07oX$hZh/2Y/yQ0dKp6xH5CoWgIMcm/34QncTE3H4fVhiGW4=", "last_login": null, "is_superuser": false, "username": "JS01", "email": "", "is_staff": false, "is_active": true, "date_joined": "2020-04-18T06:56:58.787Z", "first_name": "John", "last_name": "Smith", "active": true, "user_type": "WAITER", "groups": [], "user_permissions": []}}, {"model": "accounts.customuser", "pk": 7, "fields": {"password": "pbkdf2_sha256$180000$lI5ZBe55OEtk$AvQceritiF4722HAlHhzZu1hOVLfAkMg4rKaYlSIHoI=", "last_login": null, "is_superuser": false, "username": "LK02", "email": "", "is_staff": false, "is_active": true, "date_joined": "2020-04-18T06:56:58.902Z", "first_name": "Lisa", "last_name": "Kay", "active": true, "user_type": "WAITER", "groups": [], "user_permissions": []}}, {"model": "accounts.customuser", "pk": 8, "fields": {"password": "pbkdf2_sha256$180000$WXyRZonvXzfX$0uJT1JpGA5y2ORbzyb3rY/KheTFzrznV07h1fpAcS8s=", "last_login": null, "is_superuser": false, "username": "MJ01", "email": "", "is_staff": false, "is_active": true, "date_joined": "2020-04-18T06:56:58.999Z", "first_name": "Mary", "last_name": "Johnson", "active": false, "user_type": "WAITER", "groups": [], "user_permissions": []}}, {"model": "accounts.customuser", "pk": 9, "fields": {"password": "pbkdf2_sha256$180000$zHDawoGUmkld$HByQ7r99KfXV5fki0xg6cVc7f6InjoBNURsJAy1lEtg=", "last_login": null, "is_superuser": false, "username": "AS01", "email": "", "is_staff": false, "is_active": true, "date_joined": "2020-04-18T06:56:59.099Z", "first_name": "Angus", "last_name": "Suttor", "active": true, "user_type": "KITCHEN", "groups": [], "user_permissions": []}}, {"model": "accounts.customuser", "pk": 10, "fields": {"password": "pbkdf2_sha256$180000$islqCMq1QMJn$YgFLp2AI1arZKNJ5d4PGXt/D1oSHGaJrQEiTPhNDkpg=", "last_login": null, "is_superuser": false, "username": "MD01", "email": "", "is_staff": false, "is_active": true, "date_joined": "2020-04-18T06:56:59.200Z", "first_name": "Michael", "last_name": "Davis", "active": true, "user_type": "KITCHEN", "groups": [], "user_permissions": []}}, {"model": "accounts.customuser", "pk": 11, "fields": {"password": "pbkdf2_sha256$180000$31TrGl4n9ai5$JO8B+e/ybVz8rriA0By6W/43VfBHAmOFcqesRysRU4M=", "last_login": null, "is_superuser": false, "username": "JS02", "email": "", "is_staff": false, "is_active": true, "date_joined": "2020-04-18T06:56:59.301Z", "first_name": "Jessica", "last_name": "Smith", "active": true, "user_type": "KITCHEN", "groups": [], "user_permissions": []}}, {"model": "accounts.customuser", "pk": 12, "fields": {"password": "pbkdf2_sha256$180000$GKnqQadyKXvr$vOeyYXW8A1PE25Ol4/aSqXa1rvTGJbLjGE+f7mRtHPg=", "last_login": null, "is_superuser": false, "username": "AM01", "email": "", "is_staff": false, "is_active": true, "date_joined": "2020-04-18T06:56:59.406Z", "first_name": "Anne", "last_name": "Miller", "active": false, "user_type": "KITCHEN", "groups": [], "user_permissions": []}}, {"model": "accounts.customuser", "pk": 13, "fields": {"password": "pbkdf2_sha256$180000$mZlyWoYguI4K$Vh8GI6fwqM3HKsCprBYZnudbfp/tTv6qERDtsbIj0rM=", "last_login": null, "is_superuser": false, "username": "JB01", "email": "", "is_staff": false, "is_active": true, "date_joined": "2020-04-18T06:56:59.506Z", "first_name": "John", "last_name": "Brown", "active": false, "user_type": "KITCHEN", "groups": [], "user_permissions": []}}, {"model": "accounts.customuser", "pk": 14, "fields": {"password": "pbkdf2_sha256$180000$H8wrDMmEUrq9$9NGEnMZ5BSCSVRJGGAFMsIcjG8r5To3eNsOjwiLQcek=", "last_login": null, "is_superuser": true, "username": "Manager1", "email": "", "is_staff": true, "is_active": true, "date_joined": "2020-04-18T06:56:59.605Z", "first_name": "Manager1", "last_name": "M1", "active": true, "user_type": "MANAGER", "groups": [], "user_permissions": []}}, {"model": "accounts.customuser", "pk": 15, "fields": {"password": "pbkdf2_sha256$180000$t3SQ4F6P06dg$hW7Atso2YHxiDYNPhq1W8LpJgxRYimC5XQv/hLo5Xdc=", "last_login": null, "is_superuser": true, "username": "Manager2", "email": "", "is_staff": true, "is_active": true, "date_joined": "2020-04-18T06:56:59.702Z", "first_name": "Manager2", "last_name": "M2", "active": true, "user_type": "MANAGER", "groups": [], "user_permissions": []}}, {"model": "accounts.customuser", "pk": 16, "fields": {"password": "pbkdf2_sha256$180000$j2qLbN4ybOxP$mGt5V8uo1d3Vj+Z22qvIMrO9QikwnzfYrMHXQKTsCdA=", "last_login": null, "is_superuser": true, "username": "Manager3", "email": "", "is_staff": true, "is_active": true, "date_joined": "2020-04-18T06:56:59.808Z", "first_name": "Manager3", "last_name": "M3", "active": true, "user_type": "MANAGER", "groups": [], "user_permissions": []}}, {"model": "accounts.customuser", "pk": 17, "fields": {"password": "pbkdf2_sha256$180000$x2ezPEw1QNNq$MiJUGn9qlmpbA8X6bhwGfisfm7IyKi432Zgj25ywB6k=", "last_login": null, "is_superuser": true, "username": "Manager4", "email": "", "is_staff": true, "is_active": true, "date_joined": "2020-04-18T06:56:59.934Z", "first_name": "Manager4", "last_name": "M4", "active": true, "user_type": "MANAGER", "groups": [], "user_permissions": []}}, {"model": "accounts.customuser", "pk": 18, "fields": {"password": "pbkdf2_sha256$180000$kCUYS1oxpBJK$n5mKm0QNEJE7dd2T8LYRMcLiqgvorQ74+whEFJN2wqA=", "last_login": null, "is_superuser": true, "username": "Manager5", "email": "", "is_staff": true, "is_active": true, "date_joined": "2020-04-18T06:57:00.038Z", "first_name": "Manager5", "last_name": "M5", "active": true, "user_type": "MANAGER", "groups": [], "user_permissions": []}}, {"model": "accounts.customuser", "pk": 19, "fields": {"password": "pbkdf2_sha256$180000$yWaT6oHa6EIr$Hrt+9s/FYOLfYhJge8YbymNLEqhiThJ4IMwfK8Hbd3c=", "last_login": null, "is_superuser": false, "username": "Customer1", "email": "", "is_staff": false, "is_active": true, "date_joined": "2020-04-18T06:57:00.137Z", "first_name": "Customer1", "last_name": "C1", "active": true, "user_type": "CUSTOMER", "groups": [], "user_permissions": []}}, {"model": "accounts.customuser", "pk": 20, "fields": {"password": "pbkdf2_sha256$180000$xhZ3jsXjGy7s$3dK0kbKfCtnMSrUpX9X93g9IqGzW590BaOnPfnbuiQc=", "last_login": null, "is_superuser": false, "username": "Customer2", "email": "", "is_staff": false, "is_active": true, "date_joined": "2020-04-18T06:57:00.245Z", "first_name": "Customer2", "last_name": "C2", "active": true, "user_type": "CUSTOMER", "groups": [], "user_permissions": []}}, {"model": "accounts.customuser", "pk": 21, "fields": {"password": "pbkdf2_sha256$180000$lk15O98ifds8$ZdVtcDd4tcrYn82lLLD1TuP3pYaVB1Jw6QU5gNqhulY=", "last_login": null, "is_superuser": false, "username": "Customer3", "email": "", "is_staff": false, "is_active": true, "date_joined": "2020-04-18T06:57:00.356Z", "first_name": "Customer3", "last_name": "C3", "active": true, "user_type": "CUSTOMER", "groups": [], "user_permissions": []}}, {"model": "accounts.customuser", "pk": 22, "fields": {"password": "pbkdf2_sha256$180000$50axRuipuRyZ$kUeD8l3jVHInw5lmSu7SYJfcaJjzzH0MI44nmPCLuek=", "last_login": null, "is_superuser": false, "username": "Customer4", "email": "", "is_staff": false, "is_active": true, "date_joined": "2020-04-18T06:57:00.463Z", "first_name": "Customer4", "last_name": "C4", "active": true, "user_type": "CUSTOMER", "groups": [], "user_permissions": []}}, {"model": "accounts.customuser", "pk": 23, "fields": {"password": "pbkdf2_sha256$180000$1mtVCwOZ54uo$oFgm7AT/EqAlL/N8wAj02AKbAtG7neW8Fg6i8mqtEss=", "last_login": null, "is_superuser": false, "username": "Customer5", "email": "", "is_staff": false, "is_active": true, "date_joined": "2020-04-18T06:57:00.567Z", "first_name": "Customer5", "last_name": "C5", "active": true, "user_type": "CUSTOMER", "groups": [], "user_permissions": []}}, {"model": "accounts.customuser", "pk": 24, "fields": {"password": "pbkdf2_sha256$180000$JMuWCSJ4TFyf$vDTbW8TmTAJz91LHjL5FrsY3ptkIdu9azN8PKfVKepA=", "last_login": null, "is_superuser": false, "username": "Kitchen1", "email": "", "is_staff": false, "is_active": true, "date_joined": "2020-04-18T06:57:00.681Z", "first_name": "Kitchen1", "last_name": "K1", "active": true, "user_type": "KITCHEN", "groups": [], "user_permissions": []}}, {"model": "accounts.customuser", "pk": 25, "fields": {"password": "pbkdf2_sha256$180000$vHXRyeOW5W9V$T4rnzIsqQkc8IFSJP7S9mfLrSAmMwrVNTZFHEd89cXc=", "last_login": null, "is_superuser": false, "username": "Kitchen2", "email": "", "is_staff": false, "is_active": true, "date_joined": "2020-04-18T06:57:00.795Z", "first_name": "Kitchen2", "last_name": "K2", "active": true, "user_type": "KITCHEN", "groups": [], "user_permissions": []}}, {"model": "accounts.customuser", "pk": 26, "fields": {"password": "pbkdf2_sha256$180000$4rileJAstLHw$Ei5/bWt5OjanivOet6/ylEG2OJuwpC4JAvsMRRS4Qd4=", "last_login": null, "is_superuser": false, "username": "Kitchen3", "email": "", "is_staff": false, "is_active": true, "date_joined": "2020-04-18T06:57:00.905Z", "first_name": "Kitchen3", "last_name": "K3", "active": true, "user_type": "KITCHEN", "groups": [], "user_permissions": []}}, {"model": "accounts.customuser", "pk": 27, "fields": {"password": "pbkdf2_sha256$180000$lH0JiL4xY7uR$ZBix/QaDUhE8cqoQRL7UKGr17PtRzPc4vr4Qwjt2kDU=", "last_login": null, "is_superuser": false, "username": "Kitchen4", "email": "", "is_staff": false, "is_active": true, "date_joined": "2020-04-18T06:57:01.009Z", "first_name": "Kitchen4", "last_name": "K4", "active": true, "user_type": "KITCHEN", "groups": [], "user_permissions": []}}, {"model": "accounts.customuser", "pk": 28, "fields": {"password": "pbkdf2_sha256$180000$2NkXmW08mNwj$CyPV3MQ0D/G3eG5yx7E3mkcJe7zRVQwyUZd7R00Npxk=", "last_login": null, "is_superuser": false, "username": "Kitchen5", "email": "", "is_staff": false, "is_active": true, "date_joined": "2020-04-18T06:57:01.114Z", "first_name": "Kitchen5", "last_name": "K5", "active": true, "user_type": "KITCHEN", "groups": [], "user_permissions": []}}, {"model": "accounts.customuser", "pk": 29, "fields": {"password": "pbkdf2_sha256$180000$KNUnfUI8OVoL$fq9Km2sTirfU/cpNFkWXJwrIqTgHI+m251/OaeP8iyY=", "last_login": null, "is_superuser": false, "username": "Waiter1", "email": "", "is_staff": false, "is_active": true, "date_joined": "2020-04-18T06:57:01.218Z", "first_name": "Waiter1", "last_name": "W1", "active": true, "user_type": "WAITER", "groups": [], "user_permissions": []}}, {"model": "accounts.customuser", "pk": 30, "fields": {"password": "pbkdf2_sha256$180000$qjIjQt19zDSY$yzEawr+lJbK2Kg9vpj4A/jDTpA7W7+lysISZXKCSUr4=", "last_login": null, "is_superuser": false, "username": "Waiter2", "email": "", "is_staff": false, "is_active": true, "date_joined": "2020-04-18T06:57:01.318Z", "first_name": "Waiter2", "last_name": "W2", "active": true, "user_type": "WAITER", "groups": [], "user_permissions": []}}, {"model": "accounts.customuser", "pk": 31, "fields": {"password": "pbkdf2_sha256$180000$TPJ2NyIYolJn$mnuF2iPeiOERlgEypEk1BSZzFNO1Xi0vJF/TfhAVS9M=", "last_login": null, "is_superuser": false, "username": "Waiter3", "email": "", "is_staff": false, "is_active": true, "date_joined": "2020-04-18T06:57:01.418Z", "first_name": "Waiter3", "last_name": "W3", "active": true, "user_type": "WAITER", "groups": [], "user_permissions": []}}, {"model": "accounts.customuser", "pk": 32, "fields": {"password": "pbkdf2_sha256$180000$NE50EP1OHxhU$EDkp6dm45JtJ67b+G4QRRJTr8Hv8wOXYyhMHzD06S+U=", "last_login": null, "is_superuser": false, "username": "Waiter4", "email": "", "is_staff": false, "is_active": true, "date_joined": "2020-04-18T06:57:01.532Z", "first_name": "Waiter4", "last_name": "W4", "active": true, "user_type": "WAITER", "groups": [], "user_permissions": []}}, {"model": "accounts.customuser", "pk": 33, "fields": {"password": "pbkdf2_sha256$180000$03zzbZttxnSp$OwXUnQAy6rk0ap7b1Ee8Ry2Z7Jycpu4QAVw9ZPCWmTI=", "last_login": null, "is_superuser": false, "username": "Waiter5", "email": "", "is_staff": false, "is_active": true, "date_joined": "2020-04-18T06:57:01.634Z", "first_name": "Waiter5", "last_name": "W5", "active": true, "user_type": "WAITER", "groups": [], "user_permissions": []}}, {"model": "menu.transaction", "pk": 1, "fields": {"active": true, "prepared": false, "date": "2020-04-18T06:57:01.828Z", "customer": 19, "credit_card": 1, "request": null, "total_price": null}}, {"model": "menu.transaction", "pk": 2, "fields": {"active": true, "prepared": false, "date": "2020-04-18T06:57:01.944Z", "customer": 20, "credit_card": 2, "request": null, "total_price": null}}, {"model": "menu.transaction", "pk": 3, "fields": {"active": true, "prepared": false, "date": "2020-04-18T06:57:02.073Z", "customer": 21, "credit_card": 3, "request": null, "total_price": null}}, {"model": "menu.transaction", "pk": 4, "fields": {"active": true, "prepared": false, "date": "2020-04-18T06:57:02.209Z", "customer": 22, "credit_card": 4, "request": null, "total_price": null}}, {"model": "menu.transaction", "pk": 5, "fields": {"active": true, "prepared": false, "date": "2020-04-18T06:57:02.345Z", "customer": 23, "credit_card": 5, "request": null, "total_price": null}}, {"model": "menu.assistance", "pk": 1, "fields": {"transaction": 1, "waiter": 5, "problem": "Problem 1", "notes": "Notes 1", "resolved": false, "date": "2020-04-18T06:57:02.492Z", "date_resolved": null}}, {"model": "menu.assistance", "pk": 2, "fields": {"transaction": 2, "waiter": 6, "problem": "Problem 2", "notes": "Notes 2", "resolved": false, "date": "2020-04-18T06:57:02.501Z", "date_resolved": null}}, {"model": "menu.assistance", "pk": 3, "fields": {"transaction": 3, "waiter": 7, "problem": "Problem 3", "notes": "Notes 3", "resolved": false, "date": "2020-04-18T06:57:02.509Z", "date_resolved": null}}, {"model": "menu.assistance", "pk": 4, "fields": {"transaction": 4, "waiter": 8, "problem": "Problem 4", "notes": "Notes 4", "resolved": false, "date": "2020-04-18T06:57:02.518Z", "date_resolved": null}}, {"model": "menu.assistance", "pk": 5, "fields": {"transaction": 5, "waiter": 29, "problem": "Problem 5", "notes": "Notes 5", "resolved": false, "date": "2020-04-18T06:57:02.525Z", "date_resolved": null}}]